order_id,user_id,user_name,user_email,product_id,product_name,qty,unit_price,total_price,shipping_fee,payment_method,status,city,is_delivered,created_at,updated_at
69e24cc80c1caa51597448b1,,,,69cd5aec180acff18c681eb5M,Quần Short Tập Luyện (Size M),11,1100000,10890000,0,COD,shipping,Đức Linh,false,2026-04-17T15:07:52.435Z,2026-05-29T04:55:08.968Z
69e24d710c1caa51597449c0,69cd608f3109fa058076dcdb,Tú Anh,tuvh462005@gmail.com,69cd5aec180acff18c681eb4M,Áo Khoác Anthem Đen (Size M),4,3200000,11815000,0,COD,delivered,Bình Thuận,true,2026-04-17T15:10:41.085Z,2026-04-24T14:55:39.824Z
69e24d710c1caa51597449c0,69cd608f3109fa058076dcdb,Tú Anh,tuvh462005@gmail.com,69cd5aec180acff18c681eb5M,Quần Short Tập Luyện (Size M),1,1100000,11815000,0,COD,delivered,Bình Thuận,true,2026-04-17T15:10:41.085Z,2026-04-24T14:55:39.824Z
69eb12438a33087332bb91ea,69cd608f3109fa058076dcdb,Tú Anh,tuvh462005@gmail.com,69cd5aec180acff18c681eb5M,Quần Short Tập Luyện (Size M),1,1100000,4420000,0,COD,delivered,Đức Linh,true,2026-04-24T06:48:35.562Z,2026-04-24T14:55:41.893Z
69eb12438a33087332bb91ea,69cd608f3109fa058076dcdb,Tú Anh,tuvh462005@gmail.com,69cd5aec180acff18c681eb4M,Áo Khoác Anthem Đen (Size M),1,3200000,4420000,0,COD,delivered,Đức Linh,true,2026-04-24T06:48:35.562Z,2026-04-24T14:55:41.893Z
69eb54f20f415f36fa0b9aa6,69cd608f3109fa058076dcdb,Tú Anh,tuvh462005@gmail.com,69eb4e49cfc4060faf2494b7,Áo Đấu thứ ba 25/26,3,2200000,6390000,0,COD,delivered,Đức Linh,true,2026-04-24T11:33:06.069Z,2026-04-24T14:55:45.341Z
69eb870f39ea4ab001875862,69de41aec3ff4ad839eb867c,Nguyễn Văn B,tuvh123@gmail.com,69eb4e49cfc4060faf2494b6,Áo Đấu Sân Khách 25/26,9,3000000,31400000,0,COD,delivered,Đức Linh,true,2026-04-24T15:06:55.845Z,2026-04-24T15:07:35.169Z
69eb870f39ea4ab001875862,69de41aec3ff4ad839eb867c,Nguyễn Văn B,tuvh123@gmail.com,69eb4e49cfc4060faf2494b7,Áo Đấu thứ ba 25/26,2,2200000,31400000,0,COD,delivered,Đức Linh,true,2026-04-24T15:06:55.845Z,2026-04-24T15:07:35.169Z
69eb8b44dd366d882a62660a,69de41aec3ff4ad839eb867c,Nguyễn Văn B,tuvh123@gmail.com,69eb4e49cfc4060faf2494b5,Áo đấu sân nhà,1,2500000,17800000,0,COD,delivered,Đức Linh,true,2026-04-24T15:24:52.956Z,2026-04-24T15:25:21.351Z
69eb8b44dd366d882a62660a,69de41aec3ff4ad839eb867c,Nguyễn Văn B,tuvh123@gmail.com,69eb4e49cfc4060faf2494b6,Áo Đấu Sân Khách 25/26,4,3000000,17800000,0,COD,delivered,Đức Linh,true,2026-04-24T15:24:52.956Z,2026-04-24T15:25:21.351Z
69eb8b44dd366d882a62660a,69de41aec3ff4ad839eb867c,Nguyễn Văn B,tuvh123@gmail.com,69eb4e49cfc4060faf2494b7,Áo Đấu thứ ba 25/26,1,2200000,17800000,0,COD,delivered,Đức Linh,true,2026-04-24T15:24:52.956Z,2026-04-24T15:25:21.351Z
69eb8b44dd366d882a62660a,69de41aec3ff4ad839eb867c,Nguyễn Văn B,tuvh123@gmail.com,69eb4e49cfc4060faf2494b8,Quần Short Tập Luyện,1,1100000,17800000,0,COD,delivered,Đức Linh,true,2026-04-24T15:24:52.956Z,2026-04-24T15:25:21.351Z
69eb8b44dd366d882a626612,69de41aec3ff4ad839eb867c,Nguyễn Văn B,tuvh123@gmail.com,69eb4e49cfc4060faf2494b5,Áo đấu sân nhà,1,2500000,17800000,0,COD,delivered,Đức Linh,true,2026-04-24T15:24:52.998Z,2026-04-24T15:25:19.327Z
69eb8b44dd366d882a626612,69de41aec3ff4ad839eb867c,Nguyễn Văn B,tuvh123@gmail.com,69eb4e49cfc4060faf2494b6,Áo Đấu Sân Khách 25/26,4,3000000,17800000,0,COD,delivered,Đức Linh,true,2026-04-24T15:24:52.998Z,2026-04-24T15:25:19.327Z
69eb8b44dd366d882a626612,69de41aec3ff4ad839eb867c,Nguyễn Văn B,tuvh123@gmail.com,69eb4e49cfc4060faf2494b7,Áo Đấu thứ ba 25/26,1,2200000,17800000,0,COD,delivered,Đức Linh,true,2026-04-24T15:24:52.998Z,2026-04-24T15:25:19.327Z
69eb8b44dd366d882a626612,69de41aec3ff4ad839eb867c,Nguyễn Văn B,tuvh123@gmail.com,69eb4e49cfc4060faf2494b8,Quần Short Tập Luyện,1,1100000,17800000,0,COD,delivered,Đức Linh,true,2026-04-24T15:24:52.998Z,2026-04-24T15:25:19.327Z
69ebaf8a573795fd73533b6f,69de41aec3ff4ad839eb867c,Nguyễn Văn B,tuvh123@gmail.com,69eba6ef2ea5741c160f4cee,Áo đấu sân nhà Arsenal trẻ em 2025-2026,3,1500000,3000000,0,COD,delivered,Đức Linh,true,2026-04-24T17:59:38.618Z,2026-04-24T18:53:08.839Z
6a14ac2698c9fff9de319b7f,69de41aec3ff4ad839eb867c,Nguyễn Văn B,tuvh123@gmail.com,69ec674e7fb179301d9a2db3,Áo Đấu Sân Khách 25/26,1,3000000,3000000,0,COD,pending,Đức Linh,false,2026-05-25T20:08:06.593Z,2026-05-25T20:08:06.593Z
6a1555c7e46cb0d56ccb83b3,69de41aec3ff4ad839eb867c,Nguyễn Văn B,tuvh123@gmail.com,69ec674e7fb179301d9a2db2,Áo đấu sân nhà,1,2500000,2500000,0,COD,pending,Đức Linh,false,2026-05-26T08:11:51.312Z,2026-05-26T08:11:51.312Z
6a155ad7e46cb0d56ccb97a7,69cd608f3109fa058076dcdb,Tú Anh,tuvh462005@gmail.com,69ec674e7fb179301d9a2db3,Áo Đấu Sân Khách 25/26,1,3000000,5200000,0,COD,pending,Đức Linh,false,2026-05-26T08:33:27.615Z,2026-05-26T08:33:27.615Z
6a155ad7e46cb0d56ccb97a7,69cd608f3109fa058076dcdb,Tú Anh,tuvh462005@gmail.com,69ec674e7fb179301d9a2db4,Áo Đấu thứ ba 25/26,1,2200000,5200000,0,COD,pending,Đức Linh,false,2026-05-26T08:33:27.615Z,2026-05-26T08:33:27.615Z
6a18101dff8291b493ba55ec,69cd608f3109fa058076dcdb,Tú Anh,tuvh462005@gmail.com,69ec674e7fb179301d9a2db4,Áo Đấu thứ ba 25/26,1,2200000,1782000,0,COD,pending,Đức Linh,false,2026-05-28T09:51:25.442Z,2026-05-28T09:51:25.442Z
6a184f9f1859d8ddb47316c2,69de41aec3ff4ad839eb867c,Nguyễn Văn B,tuvh123@gmail.com,69ec674e7fb179301d9a2db3,Áo Đấu Sân Khách 25/26,1,3000000,3000000,0,COD,shipping,Đức Linh,false,2026-05-28T14:22:23.522Z,2026-05-28T14:22:49.928Z
6a23bf11d8b02e518145535b,6a23bf0fd8b02e518145534f,Vũ Lan Linh,khachhang1780727567496@gmail.com,6a1856198db103285a259c82,Arsenal adidas Womens 26/27 Authentic Home Shirt,1,3840000,3840000,0,Momo,delivered,Hồ Chí Minh,false,2025-08-01T00:00:00.000Z,2025-08-01T00:00:00.000Z
6a23bf11d8b02e518145535d,6a23bf0fd8b02e5181455349,Võ Mỹ Trang,khachhang1780727567490@gmail.com,6a1856198db103285a259ca9,Arsenal adidas Kids 26/27 Home Shorts,1,960000,960000,30000,VNPay,shipping,Hồ Chí Minh,false,2025-08-01T00:00:00.000Z,2025-08-01T00:00:00.000Z
6a23bf11d8b02e518145535f,6a23bf0fd8b02e518145534c,Võ Đức Cường,khachhang1780727567493@gmail.com,6a1856198db103285a259c91,Arsenal adidas 26/27 Home Mini Kit,1,1600000,4320000,0,Momo,delivered,Đà Nẵng,false,2025-08-02T00:00:00.000Z,2025-08-02T00:00:00.000Z
6a23bf11d8b02e518145535f,6a23bf0fd8b02e518145534c,Võ Đức Cường,khachhang1780727567493@gmail.com,6a18590b2bc10bb7e5e8648c,Arsenal adidas 25/26 Away Shirt,1,2720000,4320000,0,Momo,delivered,Đà Nẵng,false,2025-08-02T00:00:00.000Z,2025-08-02T00:00:00.000Z
6a23bf11d8b02e5181455362,6a23bf0fd8b02e518145534f,Vũ Lan Linh,khachhang1780727567496@gmail.com,6a18590b2bc10bb7e5e8643c,Arsenal adidas 26/27 Authentic Home Shirt,1,3840000,3840000,30000,Banking,delivered,Hồ Chí Minh,false,2025-08-02T00:00:00.000Z,2025-08-02T00:00:00.000Z
6a23bf11d8b02e5181455364,6a23bf0fd8b02e518145534d,Đặng Hải Tuấn,khachhang1780727567494@gmail.com,6a1856198db103285a259d06,Arsenal adidas 25/26 Third Shorts,2,1216000,2432000,30000,Banking,delivered,Hồ Chí Minh,false,2025-08-03T00:00:00.000Z,2025-08-03T00:00:00.000Z
6a23bf11d8b02e5181455366,6a23bf0fd8b02e5181455359,Dương Hồng Hà,khachhang1780727567506@gmail.com,6a1856198db103285a259d03,Arsenal adidas Kids 25/26 Third Shirt,2,1920000,8000000,0,COD,shipping,Đà Nẵng,false,2025-08-03T00:00:00.000Z,2025-08-03T00:00:00.000Z
6a23bf11d8b02e5181455366,6a23bf0fd8b02e5181455359,Dương Hồng Hà,khachhang1780727567506@gmail.com,6a1856198db103285a259c97,Arsenal adidas 26/27 Authentic Home Long Sleeved Shirt,1,4160000,8000000,0,COD,shipping,Đà Nẵng,false,2025-08-03T00:00:00.000Z,2025-08-03T00:00:00.000Z
6a23bf11d8b02e5181455369,6a23bf0fd8b02e5181455350,Nguyễn Thị Anh,khachhang1780727567497@gmail.com,6a1856198db103285a259cac,Arsenal adidas 26/27 Authentic Home Shorts,1,1440000,1440000,30000,VNPay,delivered,Hà Nội,false,2025-08-04T00:00:00.000Z,2025-08-04T00:00:00.000Z
6a23bf11d8b02e518145536b,6a23bf0fd8b02e518145534c,Võ Đức Cường,khachhang1780727567493@gmail.com,6a1856198db103285a259c82,Arsenal adidas Womens 26/27 Authentic Home Shirt,1,3840000,3840000,30000,VNPay,delivered,Đà Nẵng,false,2025-08-05T00:00:00.000Z,2025-08-05T00:00:00.000Z
6a23bf11d8b02e518145536d,6a23bf0fd8b02e5181455354,Dương Công Long,khachhang1780727567501@gmail.com,6a18590b2bc10bb7e5e86446,Arsenal adidas Womens 26/27 Home Shirt,1,2720000,11040000,30000,COD,pending,Hồ Chí Minh,false,2025-08-05T00:00:00.000Z,2025-08-05T00:00:00.000Z
6a23bf11d8b02e518145536d,6a23bf0fd8b02e5181455354,Dương Công Long,khachhang1780727567501@gmail.com,6a1856198db103285a259c9a,Arsenal adidas Womens 26/27 Authentic Home Long Sleeved Shirt,2,4160000,11040000,30000,COD,pending,Hồ Chí Minh,false,2025-08-05T00:00:00.000Z,2025-08-05T00:00:00.000Z
6a23bf11d8b02e5181455370,6a23bf0fd8b02e518145534d,Đặng Hải Tuấn,khachhang1780727567494@gmail.com,6a1856198db103285a259cc7,Arsenal adidas Kids 26/27 Home Goalkeeper Socks,1,512000,2432000,0,VNPay,pending,Hồ Chí Minh,false,2025-08-06T00:00:00.000Z,2025-08-06T00:00:00.000Z
6a23bf11d8b02e5181455370,6a23bf0fd8b02e518145534d,Đặng Hải Tuấn,khachhang1780727567494@gmail.com,6a1856198db103285a259cf1,Arsenal adidas Kids 25/26 Away Shirt,1,1920000,2432000,0,VNPay,pending,Hồ Chí Minh,false,2025-08-06T00:00:00.000Z,2025-08-06T00:00:00.000Z
6a23bf11d8b02e5181455373,6a23bf0fd8b02e518145534f,Vũ Lan Linh,khachhang1780727567496@gmail.com,6a1850eb1a7b2fdb0ae8739c,Áo Đấu Sân Khách Arsenal 25/26 – Authentic,1,3000000,3000000,0,COD,delivered,Hồ Chí Minh,false,2025-08-07T00:00:00.000Z,2025-08-07T00:00:00.000Z
6a23bf11d8b02e5181455375,6a23bf0fd8b02e518145534d,Đặng Hải Tuấn,khachhang1780727567494@gmail.com,6a18590b2bc10bb7e5e86449,Arsenal adidas Kids 26/27 Home Shirt,1,1920000,1920000,30000,Momo,cancelled,Hồ Chí Minh,false,2025-08-08T00:00:00.000Z,2025-08-08T00:00:00.000Z
6a23bf11d8b02e5181455377,6a23bf0fd8b02e518145534a,Lý Thanh Linh,khachhang1780727567491@gmail.com,6a1850eb1a7b2fdb0ae873ae,Quần Tập Luyện Arsenal 25/26 – Training Pants,2,1600000,3200000,30000,COD,shipping,Hồ Chí Minh,false,2025-08-09T00:00:00.000Z,2025-08-09T00:00:00.000Z
6a23bf11d8b02e5181455379,6a23bf0fd8b02e5181455352,Phạm Đình Thành,khachhang1780727567499@gmail.com,6a18590b2bc10bb7e5e86446,Arsenal adidas Womens 26/27 Home Shirt,2,2720000,5440000,0,Banking,delivered,Hà Nội,false,2025-08-10T00:00:00.000Z,2025-08-10T00:00:00.000Z
6a23bf11d8b02e518145537b,6a23bf0fd8b02e518145534c,Võ Đức Cường,khachhang1780727567493@gmail.com,6a1856198db103285a259cd3,Arsenal adidas 26/27 Mini Home Football Size 1,2,480000,960000,30000,VNPay,shipping,Đà Nẵng,false,2025-08-10T00:00:00.000Z,2025-08-10T00:00:00.000Z
6a23bf11d8b02e518145537d,6a23bf0fd8b02e5181455348,Võ Bích Hà,khachhang1780727567489@gmail.com,6a18590b2bc10bb7e5e86479,Arsenal adidas 26/27 Home Football Size 5,2,640000,1280000,30000,Banking,cancelled,Đà Nẵng,false,2025-08-11T00:00:00.000Z,2025-08-11T00:00:00.000Z
6a23bf11d8b02e518145537f,6a23bf0fd8b02e5181455359,Dương Hồng Hà,khachhang1780727567506@gmail.com,6a18590b2bc10bb7e5e86496,Arsenal adidas Kids 25/26 Away Shorts,2,960000,4480000,30000,Momo,delivered,Đà Nẵng,false,2025-08-12T00:00:00.000Z,2025-08-12T00:00:00.000Z
6a23bf11d8b02e518145537f,6a23bf0fd8b02e5181455359,Dương Hồng Hà,khachhang1780727567506@gmail.com,6a1856198db103285a259ca3,Arsenal adidas 26/27 Home Baby Kit,2,1280000,4480000,30000,Momo,delivered,Đà Nẵng,false,2025-08-12T00:00:00.000Z,2025-08-12T00:00:00.000Z
6a23bf11d8b02e5181455382,6a23bf0fd8b02e518145534e,Đỗ Hữu Khoa,khachhang1780727567495@gmail.com,6a18590b2bc10bb7e5e86499,Arsenal adidas Kids 25/26 Away Socks,2,512000,1024000,0,Banking,shipping,Hà Nội,false,2025-08-13T00:00:00.000Z,2025-08-13T00:00:00.000Z
6a23bf11d8b02e5181455384,6a23bf0fd8b02e5181455354,Dương Công Long,khachhang1780727567501@gmail.com,6a1850eb1a7b2fdb0ae873ae,Quần Tập Luyện Arsenal 25/26 – Training Pants,2,1600000,5632000,30000,Banking,cancelled,Hồ Chí Minh,false,2025-08-14T00:00:00.000Z,2025-08-14T00:00:00.000Z
6a23bf11d8b02e5181455384,6a23bf0fd8b02e5181455354,Dương Công Long,khachhang1780727567501@gmail.com,6a1856198db103285a259cfa,Arsenal adidas 25/26 Away Shorts,2,1216000,5632000,30000,Banking,cancelled,Hồ Chí Minh,false,2025-08-14T00:00:00.000Z,2025-08-14T00:00:00.000Z
6a23bf11d8b02e5181455387,6a23bf0fd8b02e5181455352,Phạm Đình Thành,khachhang1780727567499@gmail.com,6a1856198db103285a259ca9,Arsenal adidas Kids 26/27 Home Shorts,1,960000,960000,0,COD,delivered,Hà Nội,false,2025-08-15T00:00:00.000Z,2025-08-15T00:00:00.000Z
6a23bf11d8b02e5181455389,6a23bf0fd8b02e5181455356,Vũ Công Hùng,khachhang1780727567503@gmail.com,6a1856198db103285a259cbb,Arsenal adidas Kids 26/27 Long Sleeved Home Goalkeeper Shirt,1,2080000,2080000,0,COD,shipping,Hà Nội,false,2025-08-15T00:00:00.000Z,2025-08-15T00:00:00.000Z
6a23bf11d8b02e518145538b,6a23bf0fd8b02e518145534e,Đỗ Hữu Khoa,khachhang1780727567495@gmail.com,6a1856198db103285a259ca9,Arsenal adidas Kids 26/27 Home Shorts,1,960000,960000,30000,COD,pending,Hà Nội,false,2025-08-16T00:00:00.000Z,2025-08-16T00:00:00.000Z
6a23bf11d8b02e518145538d,6a23bf0fd8b02e518145534a,Lý Thanh Linh,khachhang1780727567491@gmail.com,6a1856198db103285a259cc7,Arsenal adidas Kids 26/27 Home Goalkeeper Socks,1,512000,512000,30000,VNPay,delivered,Hồ Chí Minh,false,2025-08-16T00:00:00.000Z,2025-08-16T00:00:00.000Z
6a23bf11d8b02e518145538f,6a23bf0fd8b02e5181455353,Phan Công Phúc,khachhang1780727567500@gmail.com,6a1856198db103285a259cb5,Arsenal adidas Kids 26/27 Home Socks,1,512000,512000,30000,COD,delivered,Hồ Chí Minh,false,2025-08-17T00:00:00.000Z,2025-08-17T00:00:00.000Z
6a23bf11d8b02e5181455391,6a23bf0fd8b02e518145534b,Đặng Ngọc Bảo,khachhang1780727567492@gmail.com,6a1856198db103285a259d0c,Arsenal 25/26 Third Goalkeeper Shirt,1,1632000,1632000,30000,Momo,cancelled,Đà Nẵng,false,2025-08-17T00:00:00.000Z,2025-08-17T00:00:00.000Z
6a23bf11d8b02e5181455393,6a23bf0fd8b02e5181455358,Lý Thúy Yến,khachhang1780727567505@gmail.com,6a1850eb1a7b2fdb0ae873a2,Áo Đấu Sân Nhà Arsenal 25/26 Nữ,1,2200000,2200000,30000,VNPay,delivered,Hồ Chí Minh,false,2025-08-17T00:00:00.000Z,2025-08-17T00:00:00.000Z
6a23bf11d8b02e5181455395,6a23bf0fd8b02e5181455350,Nguyễn Thị Anh,khachhang1780727567497@gmail.com,6a1856198db103285a259cfd,Arsenal adidas 25/26 Authentic Alternate Away Shorts,1,1440000,4320000,0,COD,shipping,Hà Nội,false,2025-08-17T00:00:00.000Z,2025-08-17T00:00:00.000Z
6a23bf11d8b02e5181455395,6a23bf0fd8b02e5181455350,Nguyễn Thị Anh,khachhang1780727567497@gmail.com,6a1856198db103285a259c9d,Arsenal adidas 26/27 Home Long Sleeved Shirt,1,2880000,4320000,0,COD,shipping,Hà Nội,false,2025-08-17T00:00:00.000Z,2025-08-17T00:00:00.000Z
6a23bf11d8b02e5181455398,6a23bf0fd8b02e518145534c,Võ Đức Cường,khachhang1780727567493@gmail.com,6a18590b2bc10bb7e5e8648c,Arsenal adidas 25/26 Away Shirt,1,2720000,2720000,0,Momo,delivered,Đà Nẵng,false,2025-08-17T00:00:00.000Z,2025-08-17T00:00:00.000Z
6a23bf11d8b02e518145539a,6a23bf0fd8b02e518145534e,Đỗ Hữu Khoa,khachhang1780727567495@gmail.com,6a1856198db103285a259cb5,Arsenal adidas Kids 26/27 Home Socks,2,512000,1024000,30000,Momo,delivered,Hà Nội,false,2025-08-17T00:00:00.000Z,2025-08-17T00:00:00.000Z
6a23bf11d8b02e518145539c,6a23bf0fd8b02e5181455349,Võ Mỹ Trang,khachhang1780727567490@gmail.com,6a1850eb1a7b2fdb0ae873a5,Áo Tập Arsenal 25/26 – Training Jersey,1,1800000,2824000,30000,Banking,delivered,Hồ Chí Minh,false,2025-08-17T00:00:00.000Z,2025-08-17T00:00:00.000Z
6a23bf11d8b02e518145539c,6a23bf0fd8b02e5181455349,Võ Mỹ Trang,khachhang1780727567490@gmail.com,6a18590b2bc10bb7e5e86499,Arsenal adidas Kids 25/26 Away Socks,2,512000,2824000,30000,Banking,delivered,Hồ Chí Minh,false,2025-08-17T00:00:00.000Z,2025-08-17T00:00:00.000Z
6a23bf11d8b02e518145539f,6a23bf0fd8b02e5181455348,Võ Bích Hà,khachhang1780727567489@gmail.com,6a1856198db103285a259d15,Arsenal adidas Kids 25/26 Third Goalkeeper Shirt,1,1920000,1920000,30000,Banking,delivered,Đà Nẵng,false,2025-08-17T00:00:00.000Z,2025-08-17T00:00:00.000Z
6a23bf11d8b02e51814553a1,6a23bf0fd8b02e518145534d,Đặng Hải Tuấn,khachhang1780727567494@gmail.com,6a1856198db103285a259c82,Arsenal adidas Womens 26/27 Authentic Home Shirt,2,3840000,10944000,0,Banking,shipping,Hồ Chí Minh,false,2025-08-18T00:00:00.000Z,2025-08-18T00:00:00.000Z
6a23bf11d8b02e51814553a1,6a23bf0fd8b02e518145534d,Đặng Hải Tuấn,khachhang1780727567494@gmail.com,6a1856198db103285a259d0c,Arsenal 25/26 Third Goalkeeper Shirt,2,1632000,10944000,0,Banking,shipping,Hồ Chí Minh,false,2025-08-18T00:00:00.000Z,2025-08-18T00:00:00.000Z
6a23bf11d8b02e51814553a4,6a23bf0fd8b02e5181455349,Võ Mỹ Trang,khachhang1780727567490@gmail.com,6a1850eb1a7b2fdb0ae873b4,Mũ Bóng Chày Arsenal FC 25/26 – Cap,2,600000,1200000,0,Momo,pending,Hồ Chí Minh,false,2025-08-18T00:00:00.000Z,2025-08-18T00:00:00.000Z
6a23bf11d8b02e51814553a6,6a23bf0fd8b02e5181455351,Lý Thúy Trang,khachhang1780727567498@gmail.com,6a18590b2bc10bb7e5e86496,Arsenal adidas Kids 25/26 Away Shorts,2,960000,1920000,0,Banking,delivered,Đà Nẵng,false,2025-08-18T00:00:00.000Z,2025-08-18T00:00:00.000Z
6a23bf11d8b02e51814553a8,6a23bf0fd8b02e5181455359,Dương Hồng Hà,khachhang1780727567506@gmail.com,6a1850ea1a7b2fdb0ae87396,Áo Đấu Sân Nhà Arsenal 25/26 – Fan Version,1,2200000,2200000,30000,VNPay,delivered,Đà Nẵng,false,2025-08-18T00:00:00.000Z,2025-08-18T00:00:00.000Z
6a23bf11d8b02e51814553aa,6a23bf0fd8b02e5181455353,Phan Công Phúc,khachhang1780727567500@gmail.com,6a1856198db103285a259cb5,Arsenal adidas Kids 26/27 Home Socks,1,512000,512000,30000,Banking,delivered,Hồ Chí Minh,false,2025-08-18T00:00:00.000Z,2025-08-18T00:00:00.000Z
6a23bf11d8b02e51814553ac,6a23bf0fd8b02e5181455350,Nguyễn Thị Anh,khachhang1780727567497@gmail.com,6a18590b2bc10bb7e5e86483,Arsenal adidas 26/27 White Home Cap,2,640000,1280000,30000,Banking,delivered,Hà Nội,false,2025-08-18T00:00:00.000Z,2025-08-18T00:00:00.000Z
6a23bf11d8b02e51814553ae,6a23bf0fd8b02e5181455347,Phạm Đức Thành,khachhang1780727567488@gmail.com,6a18590b2bc10bb7e5e8648c,Arsenal adidas 25/26 Away Shirt,1,2720000,2720000,30000,COD,delivered,Hà Nội,false,2025-08-18T00:00:00.000Z,2025-08-18T00:00:00.000Z
6a23bf11d8b02e51814553b0,6a23bf0fd8b02e518145534c,Võ Đức Cường,khachhang1780727567493@gmail.com,6a1856198db103285a259cc7,Arsenal adidas Kids 26/27 Home Goalkeeper Socks,1,512000,1792000,30000,COD,delivered,Đà Nẵng,false,2025-08-18T00:00:00.000Z,2025-08-18T00:00:00.000Z
6a23bf11d8b02e51814553b0,6a23bf0fd8b02e518145534c,Võ Đức Cường,khachhang1780727567493@gmail.com,6a1856198db103285a259d18,Arsenal adidas 25/26 Third Socks,2,640000,1792000,30000,COD,delivered,Đà Nẵng,false,2025-08-18T00:00:00.000Z,2025-08-18T00:00:00.000Z
6a23bf11d8b02e51814553b3,6a23bf0fd8b02e5181455347,Phạm Đức Thành,khachhang1780727567488@gmail.com,6a1856198db103285a259c91,Arsenal adidas 26/27 Home Mini Kit,2,1600000,6464000,0,VNPay,delivered,Hà Nội,false,2025-08-19T00:00:00.000Z,2025-08-19T00:00:00.000Z
6a23bf11d8b02e51814553b3,6a23bf0fd8b02e5181455347,Phạm Đức Thành,khachhang1780727567488@gmail.com,6a1856198db103285a259d0c,Arsenal 25/26 Third Goalkeeper Shirt,2,1632000,6464000,0,VNPay,delivered,Hà Nội,false,2025-08-19T00:00:00.000Z,2025-08-19T00:00:00.000Z
6a23bf11d8b02e51814553b6,6a23bf0fd8b02e5181455357,Hồ Hải Đạt,khachhang1780727567504@gmail.com,6a1856198db103285a259cd3,Arsenal adidas 26/27 Mini Home Football Size 1,2,480000,960000,30000,Momo,shipping,Hà Nội,false,2025-08-19T00:00:00.000Z,2025-08-19T00:00:00.000Z
6a23bf11d8b02e51814553b8,6a23bf0fd8b02e5181455346,Võ Hải Đạt,khachhang1780727567487@gmail.com,6a1850eb1a7b2fdb0ae8739c,Áo Đấu Sân Khách Arsenal 25/26 – Authentic,1,3000000,4632000,30000,VNPay,shipping,Hồ Chí Minh,false,2025-08-19T00:00:00.000Z,2025-08-19T00:00:00.000Z
6a23bf11d8b02e51814553b8,6a23bf0fd8b02e5181455346,Võ Hải Đạt,khachhang1780727567487@gmail.com,6a1856198db103285a259d0c,Arsenal 25/26 Third Goalkeeper Shirt,1,1632000,4632000,30000,VNPay,shipping,Hồ Chí Minh,false,2025-08-19T00:00:00.000Z,2025-08-19T00:00:00.000Z
6a23bf11d8b02e51814553bb,6a23bf0fd8b02e5181455354,Dương Công Long,khachhang1780727567501@gmail.com,6a1856198db103285a259ccd,Arsenal adidas 26/27 Red Backpack,2,1280000,5440000,30000,Momo,delivered,Hồ Chí Minh,false,2025-08-19T00:00:00.000Z,2025-08-19T00:00:00.000Z
6a23bf11d8b02e51814553bb,6a23bf0fd8b02e5181455354,Dương Công Long,khachhang1780727567501@gmail.com,6a1856198db103285a259d12,Arsenal adidas 25/26 Third Authentic Alternate Shorts,2,1440000,5440000,30000,Momo,delivered,Hồ Chí Minh,false,2025-08-19T00:00:00.000Z,2025-08-19T00:00:00.000Z
6a23bf11d8b02e51814553be,6a23bf0fd8b02e518145534e,Đỗ Hữu Khoa,khachhang1780727567495@gmail.com,6a1856198db103285a259ca3,Arsenal adidas 26/27 Home Baby Kit,1,1280000,1280000,0,COD,delivered,Hà Nội,false,2025-08-19T00:00:00.000Z,2025-08-19T00:00:00.000Z
6a23bf11d8b02e51814553c0,6a23bf0fd8b02e5181455350,Nguyễn Thị Anh,khachhang1780727567497@gmail.com,6a1850eb1a7b2fdb0ae873a5,Áo Tập Arsenal 25/26 – Training Jersey,1,1800000,1800000,0,COD,delivered,Hà Nội,false,2025-08-20T00:00:00.000Z,2025-08-20T00:00:00.000Z
6a23bf11d8b02e51814553c2,6a23bf0fd8b02e5181455352,Phạm Đình Thành,khachhang1780727567499@gmail.com,6a1856198db103285a259cac,Arsenal adidas 26/27 Authentic Home Shorts,1,1440000,3040000,30000,COD,pending,Hà Nội,false,2025-08-20T00:00:00.000Z,2025-08-20T00:00:00.000Z
6a23bf11d8b02e51814553c2,6a23bf0fd8b02e5181455352,Phạm Đình Thành,khachhang1780727567499@gmail.com,6a1850eb1a7b2fdb0ae873ba,Bóng Đá Arsenal FC adidas 25/26,2,800000,3040000,30000,COD,pending,Hà Nội,false,2025-08-20T00:00:00.000Z,2025-08-20T00:00:00.000Z
6a23bf11d8b02e51814553c5,6a23bf0fd8b02e5181455352,Phạm Đình Thành,khachhang1780727567499@gmail.com,6a1856198db103285a259d12,Arsenal adidas 25/26 Third Authentic Alternate Shorts,2,1440000,4096000,0,COD,cancelled,Hà Nội,false,2025-08-20T00:00:00.000Z,2025-08-20T00:00:00.000Z
6a23bf11d8b02e51814553c5,6a23bf0fd8b02e5181455352,Phạm Đình Thành,khachhang1780727567499@gmail.com,6a1856198db103285a259cfa,Arsenal adidas 25/26 Away Shorts,1,1216000,4096000,0,COD,cancelled,Hà Nội,false,2025-08-20T00:00:00.000Z,2025-08-20T00:00:00.000Z
6a23bf11d8b02e51814553c8,6a23bf0fd8b02e5181455354,Dương Công Long,khachhang1780727567501@gmail.com,6a1856198db103285a259ce5,Arsenal adidas 26/27 Home Beanie,1,736000,736000,30000,VNPay,delivered,Hồ Chí Minh,false,2025-08-20T00:00:00.000Z,2025-08-20T00:00:00.000Z
6a23bf11d8b02e51814553ca,6a23bf0fd8b02e518145534e,Đỗ Hữu Khoa,khachhang1780727567495@gmail.com,6a18590b2bc10bb7e5e86496,Arsenal adidas Kids 25/26 Away Shorts,1,960000,960000,30000,Banking,delivered,Hà Nội,false,2025-08-20T00:00:00.000Z,2025-08-20T00:00:00.000Z
6a23bf11d8b02e51814553cc,6a23bf0fd8b02e5181455355,Ngô Thu Hà,khachhang1780727567502@gmail.com,6a18590b2bc10bb7e5e86463,Arsenal adidas 26/27 Home Socks,1,640000,640000,0,COD,delivered,Đà Nẵng,false,2025-08-21T00:00:00.000Z,2025-08-21T00:00:00.000Z
6a23bf11d8b02e51814553ce,6a23bf0fd8b02e518145534c,Võ Đức Cường,khachhang1780727567493@gmail.com,6a1850eb1a7b2fdb0ae873bd,Tất Sân Khách Arsenal 25/26 – Away Socks,1,350000,350000,0,VNPay,delivered,Đà Nẵng,false,2025-08-21T00:00:00.000Z,2025-08-21T00:00:00.000Z
6a23bf11d8b02e51814553d0,6a23bf0fd8b02e5181455356,Vũ Công Hùng,khachhang1780727567503@gmail.com,6a1850eb1a7b2fdb0ae873ae,Quần Tập Luyện Arsenal 25/26 – Training Pants,1,1600000,3400000,30000,Momo,delivered,Hà Nội,false,2025-08-22T00:00:00.000Z,2025-08-22T00:00:00.000Z
6a23bf11d8b02e51814553d0,6a23bf0fd8b02e5181455356,Vũ Công Hùng,khachhang1780727567503@gmail.com,6a1850eb1a7b2fdb0ae873a5,Áo Tập Arsenal 25/26 – Training Jersey,1,1800000,3400000,30000,Momo,delivered,Hà Nội,false,2025-08-22T00:00:00.000Z,2025-08-22T00:00:00.000Z
6a23bf11d8b02e51814553d3,6a23bf0fd8b02e5181455354,Dương Công Long,khachhang1780727567501@gmail.com,6a1856198db103285a259cb8,Arsenal adidas 26/27 Home Goalkeeper Shirt,1,2720000,2720000,30000,Banking,shipping,Hồ Chí Minh,false,2025-08-22T00:00:00.000Z,2025-08-22T00:00:00.000Z
6a23bf11d8b02e51814553d5,6a23bf0fd8b02e518145534c,Võ Đức Cường,khachhang1780727567493@gmail.com,6a1856198db103285a259cac,Arsenal adidas 26/27 Authentic Home Shorts,1,1440000,6880000,30000,Banking,delivered,Đà Nẵng,false,2025-08-23T00:00:00.000Z,2025-08-23T00:00:00.000Z
6a23bf11d8b02e51814553d5,6a23bf0fd8b02e518145534c,Võ Đức Cường,khachhang1780727567493@gmail.com,6a1856198db103285a259cb8,Arsenal adidas 26/27 Home Goalkeeper Shirt,2,2720000,6880000,30000,Banking,delivered,Đà Nẵng,false,2025-08-23T00:00:00.000Z,2025-08-23T00:00:00.000Z
6a23bf11d8b02e51814553d8,6a23bf0fd8b02e5181455352,Phạm Đình Thành,khachhang1780727567499@gmail.com,6a1856198db103285a259d0f,Arsenal adidas Kids 25/26 Third Shorts,1,960000,6960000,30000,Banking,shipping,Hà Nội,false,2025-08-23T00:00:00.000Z,2025-08-23T00:00:00.000Z
6a23bf11d8b02e51814553d8,6a23bf0fd8b02e5181455352,Phạm Đình Thành,khachhang1780727567499@gmail.com,6a1850ea1a7b2fdb0ae87393,Áo Đấu Sân Nhà Arsenal 25/26 – Authentic,2,3000000,6960000,30000,Banking,shipping,Hà Nội,false,2025-08-23T00:00:00.000Z,2025-08-23T00:00:00.000Z
6a23bf11d8b02e51814553db,6a23bf0fd8b02e5181455357,Hồ Hải Đạt,khachhang1780727567504@gmail.com,6a18590b2bc10bb7e5e8645a,Arsenal adidas 26/27 Home Shorts,2,1216000,2432000,30000,COD,delivered,Hà Nội,false,2025-08-23T00:00:00.000Z,2025-08-23T00:00:00.000Z
6a23bf11d8b02e51814553dd,6a23bf0fd8b02e518145534f,Vũ Lan Linh,khachhang1780727567496@gmail.com,6a1850eb1a7b2fdb0ae87399,Áo Đấu Sân Khách Arsenal 25/26 – Fan Version,1,2200000,3672000,30000,Momo,shipping,Hồ Chí Minh,false,2025-08-23T00:00:00.000Z,2025-08-23T00:00:00.000Z
6a23bf11d8b02e51814553dd,6a23bf0fd8b02e518145534f,Vũ Lan Linh,khachhang1780727567496@gmail.com,6a1856198db103285a259ce2,Arsenal adidas 26/27 Home Knitted Gloves,2,736000,3672000,30000,Momo,shipping,Hồ Chí Minh,false,2025-08-23T00:00:00.000Z,2025-08-23T00:00:00.000Z
6a23bf11d8b02e51814553e0,6a23bf0fd8b02e5181455350,Nguyễn Thị Anh,khachhang1780727567497@gmail.com,6a18590b2bc10bb7e5e8643c,Arsenal adidas 26/27 Authentic Home Shirt,2,3840000,7680000,0,VNPay,delivered,Hà Nội,false,2025-08-23T00:00:00.000Z,2025-08-23T00:00:00.000Z
6a23bf11d8b02e51814553e2,6a23bf0fd8b02e518145534b,Đặng Ngọc Bảo,khachhang1780727567492@gmail.com,6a1856198db103285a259cbb,Arsenal adidas Kids 26/27 Long Sleeved Home Goalkeeper Shirt,1,2080000,2080000,30000,VNPay,delivered,Đà Nẵng,false,2025-08-23T00:00:00.000Z,2025-08-23T00:00:00.000Z
6a23bf11d8b02e51814553e4,6a23bf0fd8b02e5181455351,Lý Thúy Trang,khachhang1780727567498@gmail.com,6a1850eb1a7b2fdb0ae87399,Áo Đấu Sân Khách Arsenal 25/26 – Fan Version,2,2200000,4400000,0,Momo,shipping,Đà Nẵng,false,2025-08-23T00:00:00.000Z,2025-08-23T00:00:00.000Z
6a23bf11d8b02e51814553e6,6a23bf0fd8b02e5181455351,Lý Thúy Trang,khachhang1780727567498@gmail.com,6a1856198db103285a259cc1,Arsenal adidas Kids 26/27 Home Goalkeeper Shorts,2,960000,1920000,30000,COD,shipping,Đà Nẵng,false,2025-08-23T00:00:00.000Z,2025-08-23T00:00:00.000Z
6a23bf11d8b02e51814553e8,6a23bf0fd8b02e518145534d,Đặng Hải Tuấn,khachhang1780727567494@gmail.com,6a18590b2bc10bb7e5e86446,Arsenal adidas Womens 26/27 Home Shirt,1,2720000,5440000,30000,COD,delivered,Hồ Chí Minh,false,2025-08-24T00:00:00.000Z,2025-08-24T00:00:00.000Z
6a23bf11d8b02e51814553e8,6a23bf0fd8b02e518145534d,Đặng Hải Tuấn,khachhang1780727567494@gmail.com,6a18590b2bc10bb7e5e86446,Arsenal adidas Womens 26/27 Home Shirt,1,2720000,5440000,30000,COD,delivered,Hồ Chí Minh,false,2025-08-24T00:00:00.000Z,2025-08-24T00:00:00.000Z
6a23bf11d8b02e51814553eb,6a23bf0fd8b02e5181455353,Phan Công Phúc,khachhang1780727567500@gmail.com,6a1856198db103285a259d06,Arsenal adidas 25/26 Third Shorts,1,1216000,2496000,30000,Banking,delivered,Hồ Chí Minh,false,2025-08-24T00:00:00.000Z,2025-08-24T00:00:00.000Z
6a23bf11d8b02e51814553eb,6a23bf0fd8b02e5181455353,Phan Công Phúc,khachhang1780727567500@gmail.com,6a18590b2bc10bb7e5e86483,Arsenal adidas 26/27 White Home Cap,2,640000,2496000,30000,Banking,delivered,Hồ Chí Minh,false,2025-08-24T00:00:00.000Z,2025-08-24T00:00:00.000Z
6a23bf11d8b02e51814553ee,6a23bf0fd8b02e518145534e,Đỗ Hữu Khoa,khachhang1780727567495@gmail.com,6a1856198db103285a259cb5,Arsenal adidas Kids 26/27 Home Socks,2,512000,2224000,0,Banking,shipping,Hà Nội,false,2025-08-24T00:00:00.000Z,2025-08-24T00:00:00.000Z
6a23bf11d8b02e51814553ee,6a23bf0fd8b02e518145534e,Đỗ Hữu Khoa,khachhang1780727567495@gmail.com,6a1850eb1a7b2fdb0ae873b4,Mũ Bóng Chày Arsenal FC 25/26 – Cap,2,600000,2224000,0,Banking,shipping,Hà Nội,false,2025-08-24T00:00:00.000Z,2025-08-24T00:00:00.000Z
6a23bf11d8b02e51814553f1,6a23bf0fd8b02e5181455356,Vũ Công Hùng,khachhang1780727567503@gmail.com,6a1850eb1a7b2fdb0ae873ab,Áo Hoodie Arsenal Essentials 25/26,1,1900000,4620000,0,Momo,delivered,Hà Nội,false,2025-08-24T00:00:00.000Z,2025-08-24T00:00:00.000Z
6a23bf11d8b02e51814553f1,6a23bf0fd8b02e5181455356,Vũ Công Hùng,khachhang1780727567503@gmail.com,6a18590b2bc10bb7e5e8648c,Arsenal adidas 25/26 Away Shirt,1,2720000,4620000,0,Momo,delivered,Hà Nội,false,2025-08-24T00:00:00.000Z,2025-08-24T00:00:00.000Z
6a23bf11d8b02e51814553f4,6a23bf0fd8b02e5181455347,Phạm Đức Thành,khachhang1780727567488@gmail.com,6a18590b2bc10bb7e5e86449,Arsenal adidas Kids 26/27 Home Shirt,2,1920000,3840000,30000,COD,pending,Hà Nội,false,2025-08-24T00:00:00.000Z,2025-08-24T00:00:00.000Z
6a23bf11d8b02e51814553f6,6a23bf0fd8b02e5181455359,Dương Hồng Hà,khachhang1780727567506@gmail.com,6a1856198db103285a259caf,Arsenal adidas 26/27 Authentic Alternate Home Shorts,2,1440000,2880000,30000,Banking,delivered,Đà Nẵng,false,2025-08-24T00:00:00.000Z,2025-08-24T00:00:00.000Z
6a23bf11d8b02e51814553f8,6a23bf0fd8b02e5181455351,Lý Thúy Trang,khachhang1780727567498@gmail.com,6a1856198db103285a259d15,Arsenal adidas Kids 25/26 Third Goalkeeper Shirt,1,1920000,1920000,30000,Banking,delivered,Đà Nẵng,false,2025-08-24T00:00:00.000Z,2025-08-24T00:00:00.000Z
6a23bf11d8b02e51814553fa,6a23bf0fd8b02e5181455357,Hồ Hải Đạt,khachhang1780727567504@gmail.com,6a18590b2bc10bb7e5e86491,Arsenal adidas 25/26 Authentic Away Shirt,1,3840000,3840000,30000,VNPay,shipping,Hà Nội,false,2025-08-25T00:00:00.000Z,2025-08-25T00:00:00.000Z
6a23bf11d8b02e51814553fc,6a23bf0fd8b02e518145534e,Đỗ Hữu Khoa,khachhang1780727567495@gmail.com,6a1856198db103285a259d06,Arsenal adidas 25/26 Third Shorts,1,1216000,1216000,30000,Banking,delivered,Hà Nội,false,2025-08-25T00:00:00.000Z,2025-08-25T00:00:00.000Z
6a23bf11d8b02e51814553fe,6a23bf0fd8b02e5181455349,Võ Mỹ Trang,khachhang1780727567490@gmail.com,6a1856198db103285a259cfa,Arsenal adidas 25/26 Away Shorts,1,1216000,1216000,30000,VNPay,delivered,Hồ Chí Minh,false,2025-08-25T00:00:00.000Z,2025-08-25T00:00:00.000Z
6a23bf11d8b02e5181455400,6a23bf0fd8b02e5181455346,Võ Hải Đạt,khachhang1780727567487@gmail.com,6a18590b2bc10bb7e5e86463,Arsenal adidas 26/27 Home Socks,2,640000,1280000,30000,COD,shipping,Hồ Chí Minh,false,2025-08-25T00:00:00.000Z,2025-08-25T00:00:00.000Z
6a23bf11d8b02e5181455402,6a23bf0fd8b02e5181455351,Lý Thúy Trang,khachhang1780727567498@gmail.com,6a1856198db103285a259cb5,Arsenal adidas Kids 26/27 Home Socks,1,512000,512000,30000,Momo,delivered,Đà Nẵng,false,2025-08-25T00:00:00.000Z,2025-08-25T00:00:00.000Z
6a23bf11d8b02e5181455404,6a23bf0fd8b02e5181455347,Phạm Đức Thành,khachhang1780727567488@gmail.com,6a18590b2bc10bb7e5e86474,Arsenal adidas 26/27 Home Black Backpack,2,1280000,2560000,30000,VNPay,shipping,Hà Nội,false,2025-08-26T00:00:00.000Z,2025-08-26T00:00:00.000Z
6a23bf11d8b02e5181455406,6a23bf0fd8b02e5181455352,Phạm Đình Thành,khachhang1780727567499@gmail.com,6a1856198db103285a259ca0,Arsenal adidas Kids 26/27 Long Sleeved Home Shirt,2,2080000,8000000,30000,VNPay,pending,Hà Nội,false,2025-08-26T00:00:00.000Z,2025-08-26T00:00:00.000Z
6a23bf11d8b02e5181455406,6a23bf0fd8b02e5181455352,Phạm Đình Thành,khachhang1780727567499@gmail.com,6a1856198db103285a259d15,Arsenal adidas Kids 25/26 Third Goalkeeper Shirt,2,1920000,8000000,30000,VNPay,pending,Hà Nội,false,2025-08-26T00:00:00.000Z,2025-08-26T00:00:00.000Z
6a23bf11d8b02e5181455409,6a23bf0fd8b02e5181455355,Ngô Thu Hà,khachhang1780727567502@gmail.com,6a18590b2bc10bb7e5e8643c,Arsenal adidas 26/27 Authentic Home Shirt,2,3840000,8416000,30000,VNPay,delivered,Đà Nẵng,false,2025-08-26T00:00:00.000Z,2025-08-26T00:00:00.000Z
6a23bf11d8b02e5181455409,6a23bf0fd8b02e5181455355,Ngô Thu Hà,khachhang1780727567502@gmail.com,6a1856198db103285a259ce2,Arsenal adidas 26/27 Home Knitted Gloves,1,736000,8416000,30000,VNPay,delivered,Đà Nẵng,false,2025-08-26T00:00:00.000Z,2025-08-26T00:00:00.000Z
6a23bf11d8b02e518145540c,6a23bf0fd8b02e5181455357,Hồ Hải Đạt,khachhang1780727567504@gmail.com,6a1850eb1a7b2fdb0ae873a5,Áo Tập Arsenal 25/26 – Training Jersey,1,1800000,4680000,30000,VNPay,shipping,Hà Nội,false,2025-08-26T00:00:00.000Z,2025-08-26T00:00:00.000Z
6a23bf11d8b02e518145540c,6a23bf0fd8b02e5181455357,Hồ Hải Đạt,khachhang1780727567504@gmail.com,6a1856198db103285a259c9d,Arsenal adidas 26/27 Home Long Sleeved Shirt,1,2880000,4680000,30000,VNPay,shipping,Hà Nội,false,2025-08-26T00:00:00.000Z,2025-08-26T00:00:00.000Z
6a23bf11d8b02e518145540f,6a23bf0fd8b02e5181455346,Võ Hải Đạt,khachhang1780727567487@gmail.com,6a1850eb1a7b2fdb0ae87399,Áo Đấu Sân Khách Arsenal 25/26 – Fan Version,1,2200000,2200000,30000,Momo,delivered,Hồ Chí Minh,false,2025-08-27T00:00:00.000Z,2025-08-27T00:00:00.000Z
6a23bf11d8b02e5181455411,6a23bf0fd8b02e5181455356,Vũ Công Hùng,khachhang1780727567503@gmail.com,6a1856198db103285a259cf1,Arsenal adidas Kids 25/26 Away Shirt,1,1920000,5760000,30000,Momo,shipping,Hà Nội,false,2025-08-27T00:00:00.000Z,2025-08-27T00:00:00.000Z
6a23bf11d8b02e5181455411,6a23bf0fd8b02e5181455356,Vũ Công Hùng,khachhang1780727567503@gmail.com,6a1856198db103285a259d15,Arsenal adidas Kids 25/26 Third Goalkeeper Shirt,2,1920000,5760000,30000,Momo,shipping,Hà Nội,false,2025-08-27T00:00:00.000Z,2025-08-27T00:00:00.000Z
6a23bf11d8b02e5181455414,6a23bf0fd8b02e518145534f,Vũ Lan Linh,khachhang1780727567496@gmail.com,6a1856198db103285a259cd6,Arsenal adidas 26/27 Home Scarf,2,736000,2496000,0,COD,shipping,Hồ Chí Minh,false,2025-08-28T00:00:00.000Z,2025-08-28T00:00:00.000Z
6a23bf11d8b02e5181455414,6a23bf0fd8b02e518145534f,Vũ Lan Linh,khachhang1780727567496@gmail.com,6a18590b2bc10bb7e5e86499,Arsenal adidas Kids 25/26 Away Socks,2,512000,2496000,0,COD,shipping,Hồ Chí Minh,false,2025-08-28T00:00:00.000Z,2025-08-28T00:00:00.000Z
6a23bf11d8b02e5181455417,6a23bf0fd8b02e5181455349,Võ Mỹ Trang,khachhang1780727567490@gmail.com,6a1850ea1a7b2fdb0ae87393,Áo Đấu Sân Nhà Arsenal 25/26 – Authentic,2,3000000,8880000,30000,COD,delivered,Hồ Chí Minh,false,2025-08-29T00:00:00.000Z,2025-08-29T00:00:00.000Z
6a23bf11d8b02e5181455417,6a23bf0fd8b02e5181455349,Võ Mỹ Trang,khachhang1780727567490@gmail.com,6a1856198db103285a259c9d,Arsenal adidas 26/27 Home Long Sleeved Shirt,1,2880000,8880000,30000,COD,delivered,Hồ Chí Minh,false,2025-08-29T00:00:00.000Z,2025-08-29T00:00:00.000Z
6a23bf11d8b02e518145541a,6a23bf0fd8b02e5181455357,Hồ Hải Đạt,khachhang1780727567504@gmail.com,6a1850ea1a7b2fdb0ae87393,Áo Đấu Sân Nhà Arsenal 25/26 – Authentic,1,3000000,4216000,30000,Banking,delivered,Hà Nội,false,2025-08-30T00:00:00.000Z,2025-08-30T00:00:00.000Z
6a23bf11d8b02e518145541a,6a23bf0fd8b02e5181455357,Hồ Hải Đạt,khachhang1780727567504@gmail.com,6a1856198db103285a259cbe,Arsenal adidas 26/27 Home Goalkeeper Shorts,1,1216000,4216000,30000,Banking,delivered,Hà Nội,false,2025-08-30T00:00:00.000Z,2025-08-30T00:00:00.000Z
6a23bf11d8b02e518145541d,6a23bf0fd8b02e5181455359,Dương Hồng Hà,khachhang1780727567506@gmail.com,6a1856198db103285a259cc4,Arsenal adidas 26/27 Home Goalkeeper Socks,1,640000,640000,30000,Banking,shipping,Đà Nẵng,false,2025-08-30T00:00:00.000Z,2025-08-30T00:00:00.000Z
6a23bf11d8b02e518145541f,6a23bf0fd8b02e518145534e,Đỗ Hữu Khoa,khachhang1780727567495@gmail.com,6a1856198db103285a259ca3,Arsenal adidas 26/27 Home Baby Kit,1,1280000,1280000,30000,Momo,delivered,Hà Nội,false,2025-08-31T00:00:00.000Z,2025-08-31T00:00:00.000Z
6a23bf11d8b02e5181455421,6a23bf0fd8b02e5181455347,Phạm Đức Thành,khachhang1780727567488@gmail.com,6a1850ea1a7b2fdb0ae87396,Áo Đấu Sân Nhà Arsenal 25/26 – Fan Version,1,2200000,7640000,30000,COD,delivered,Hà Nội,false,2025-08-31T00:00:00.000Z,2025-08-31T00:00:00.000Z
6a23bf11d8b02e5181455421,6a23bf0fd8b02e5181455347,Phạm Đức Thành,khachhang1780727567488@gmail.com,6a18590b2bc10bb7e5e864a0,Arsenal adidas 25/26 Third Shirt,2,2720000,7640000,30000,COD,delivered,Hà Nội,false,2025-08-31T00:00:00.000Z,2025-08-31T00:00:00.000Z
6a23bf11d8b02e5181455424,6a23bf0fd8b02e518145534c,Võ Đức Cường,khachhang1780727567493@gmail.com,6a1850ea1a7b2fdb0ae87396,Áo Đấu Sân Nhà Arsenal 25/26 – Fan Version,2,2200000,7280000,30000,Momo,delivered,Đà Nẵng,false,2025-08-31T00:00:00.000Z,2025-08-31T00:00:00.000Z
6a23bf11d8b02e5181455424,6a23bf0fd8b02e518145534c,Võ Đức Cường,khachhang1780727567493@gmail.com,6a1856198db103285a259cfd,Arsenal adidas 25/26 Authentic Alternate Away Shorts,2,1440000,7280000,30000,Momo,delivered,Đà Nẵng,false,2025-08-31T00:00:00.000Z,2025-08-31T00:00:00.000Z
6a23bf11d8b02e5181455427,6a23bf0fd8b02e518145534b,Đặng Ngọc Bảo,khachhang1780727567492@gmail.com,6a18590b2bc10bb7e5e86463,Arsenal adidas 26/27 Home Socks,1,640000,3360000,0,Momo,delivered,Đà Nẵng,false,2025-09-01T00:00:00.000Z,2025-09-01T00:00:00.000Z
6a23bf11d8b02e5181455427,6a23bf0fd8b02e518145534b,Đặng Ngọc Bảo,khachhang1780727567492@gmail.com,6a18590b2bc10bb7e5e86446,Arsenal adidas Womens 26/27 Home Shirt,1,2720000,3360000,0,Momo,delivered,Đà Nẵng,false,2025-09-01T00:00:00.000Z,2025-09-01T00:00:00.000Z
6a23bf11d8b02e518145542a,6a23bf0fd8b02e518145534a,Lý Thanh Linh,khachhang1780727567491@gmail.com,69ec674e7fb179301d9a2db9,Mũ Lưỡi Trai Arsenal,1,450000,3170000,0,COD,delivered,Hồ Chí Minh,false,2025-09-01T00:00:00.000Z,2025-09-01T00:00:00.000Z
6a23bf11d8b02e518145542a,6a23bf0fd8b02e518145534a,Lý Thanh Linh,khachhang1780727567491@gmail.com,6a18590b2bc10bb7e5e86446,Arsenal adidas Womens 26/27 Home Shirt,1,2720000,3170000,0,COD,delivered,Hồ Chí Minh,false,2025-09-01T00:00:00.000Z,2025-09-01T00:00:00.000Z
6a23bf11d8b02e518145542d,6a23bf0fd8b02e5181455348,Võ Bích Hà,khachhang1780727567489@gmail.com,6a1856198db103285a259cd6,Arsenal adidas 26/27 Home Scarf,1,736000,8416000,30000,Momo,shipping,Đà Nẵng,false,2025-09-01T00:00:00.000Z,2025-09-01T00:00:00.000Z
6a23bf11d8b02e518145542d,6a23bf0fd8b02e5181455348,Võ Bích Hà,khachhang1780727567489@gmail.com,6a18590b2bc10bb7e5e86491,Arsenal adidas 25/26 Authentic Away Shirt,2,3840000,8416000,30000,Momo,shipping,Đà Nẵng,false,2025-09-01T00:00:00.000Z,2025-09-01T00:00:00.000Z
6a23bf11d8b02e5181455430,6a23bf0fd8b02e5181455356,Vũ Công Hùng,khachhang1780727567503@gmail.com,6a1856198db103285a259cac,Arsenal adidas 26/27 Authentic Home Shorts,2,1440000,2880000,30000,VNPay,shipping,Hà Nội,false,2025-09-02T00:00:00.000Z,2025-09-02T00:00:00.000Z
6a23bf11d8b02e5181455432,6a23bf0fd8b02e518145534c,Võ Đức Cường,khachhang1780727567493@gmail.com,6a1850ea1a7b2fdb0ae87396,Áo Đấu Sân Nhà Arsenal 25/26 – Fan Version,1,2200000,2900000,30000,COD,shipping,Đà Nẵng,false,2025-09-03T00:00:00.000Z,2025-09-03T00:00:00.000Z
6a23bf11d8b02e5181455432,6a23bf0fd8b02e518145534c,Võ Đức Cường,khachhang1780727567493@gmail.com,6a1850eb1a7b2fdb0ae873bd,Tất Sân Khách Arsenal 25/26 – Away Socks,2,350000,2900000,30000,COD,shipping,Đà Nẵng,false,2025-09-03T00:00:00.000Z,2025-09-03T00:00:00.000Z
6a23bf11d8b02e5181455435,6a23bf0fd8b02e5181455348,Võ Bích Hà,khachhang1780727567489@gmail.com,6a1856198db103285a259caf,Arsenal adidas 26/27 Authentic Alternate Home Shorts,2,1440000,4960000,30000,COD,delivered,Đà Nẵng,false,2025-09-04T00:00:00.000Z,2025-09-04T00:00:00.000Z
6a23bf11d8b02e5181455435,6a23bf0fd8b02e5181455348,Võ Bích Hà,khachhang1780727567489@gmail.com,6a1856198db103285a259cbb,Arsenal adidas Kids 26/27 Long Sleeved Home Goalkeeper Shirt,1,2080000,4960000,30000,COD,delivered,Đà Nẵng,false,2025-09-04T00:00:00.000Z,2025-09-04T00:00:00.000Z
6a23bf11d8b02e5181455438,6a23bf0fd8b02e5181455347,Phạm Đức Thành,khachhang1780727567488@gmail.com,6a1856198db103285a259cfd,Arsenal adidas 25/26 Authentic Alternate Away Shorts,2,1440000,5440000,30000,Momo,delivered,Hà Nội,false,2025-09-05T00:00:00.000Z,2025-09-05T00:00:00.000Z
6a23bf11d8b02e5181455438,6a23bf0fd8b02e5181455347,Phạm Đức Thành,khachhang1780727567488@gmail.com,6a18590b2bc10bb7e5e86474,Arsenal adidas 26/27 Home Black Backpack,2,1280000,5440000,30000,Momo,delivered,Hà Nội,false,2025-09-05T00:00:00.000Z,2025-09-05T00:00:00.000Z
6a23bf11d8b02e518145543b,6a23bf0fd8b02e5181455353,Phan Công Phúc,khachhang1780727567500@gmail.com,6a1856198db103285a259cd6,Arsenal adidas 26/27 Home Scarf,2,736000,2688000,0,Momo,delivered,Hồ Chí Minh,false,2025-09-06T00:00:00.000Z,2025-09-06T00:00:00.000Z
6a23bf11d8b02e518145543b,6a23bf0fd8b02e5181455353,Phan Công Phúc,khachhang1780727567500@gmail.com,6a1856198db103285a259cbe,Arsenal adidas 26/27 Home Goalkeeper Shorts,1,1216000,2688000,0,Momo,delivered,Hồ Chí Minh,false,2025-09-06T00:00:00.000Z,2025-09-06T00:00:00.000Z
6a23bf11d8b02e518145543e,6a23bf0fd8b02e518145534d,Đặng Hải Tuấn,khachhang1780727567494@gmail.com,6a1856198db103285a259cfd,Arsenal adidas 25/26 Authentic Alternate Away Shorts,2,1440000,5080000,30000,Momo,delivered,Hồ Chí Minh,false,2025-09-07T00:00:00.000Z,2025-09-07T00:00:00.000Z
6a23bf11d8b02e518145543e,6a23bf0fd8b02e518145534d,Đặng Hải Tuấn,khachhang1780727567494@gmail.com,6a1850eb1a7b2fdb0ae8739f,Áo Đấu Thứ Ba Arsenal 25/26 – Fan Version,1,2200000,5080000,30000,Momo,delivered,Hồ Chí Minh,false,2025-09-07T00:00:00.000Z,2025-09-07T00:00:00.000Z
6a23bf11d8b02e5181455441,6a23bf0fd8b02e518145534f,Vũ Lan Linh,khachhang1780727567496@gmail.com,6a1850eb1a7b2fdb0ae873ab,Áo Hoodie Arsenal Essentials 25/26,2,1900000,5400000,0,Momo,delivered,Hồ Chí Minh,false,2025-09-07T00:00:00.000Z,2025-09-07T00:00:00.000Z
6a23bf11d8b02e5181455441,6a23bf0fd8b02e518145534f,Vũ Lan Linh,khachhang1780727567496@gmail.com,6a1850eb1a7b2fdb0ae873ba,Bóng Đá Arsenal FC adidas 25/26,2,800000,5400000,0,Momo,delivered,Hồ Chí Minh,false,2025-09-07T00:00:00.000Z,2025-09-07T00:00:00.000Z
6a23bf11d8b02e5181455444,6a23bf0fd8b02e5181455357,Hồ Hải Đạt,khachhang1780727567504@gmail.com,6a1856198db103285a259cbe,Arsenal adidas 26/27 Home Goalkeeper Shorts,1,1216000,5816000,30000,Banking,pending,Hà Nội,false,2025-09-08T00:00:00.000Z,2025-09-08T00:00:00.000Z
6a23bf11d8b02e5181455444,6a23bf0fd8b02e5181455357,Hồ Hải Đạt,khachhang1780727567504@gmail.com,6a1850eb1a7b2fdb0ae873a8,Áo Khoác Anthem Arsenal Z.N.E. 25/26,2,2300000,5816000,30000,Banking,pending,Hà Nội,false,2025-09-08T00:00:00.000Z,2025-09-08T00:00:00.000Z
6a23bf11d8b02e5181455447,6a23bf0fd8b02e5181455350,Nguyễn Thị Anh,khachhang1780727567497@gmail.com,6a1850eb1a7b2fdb0ae87399,Áo Đấu Sân Khách Arsenal 25/26 – Fan Version,2,2200000,6700000,30000,Momo,cancelled,Hà Nội,false,2025-09-09T00:00:00.000Z,2025-09-09T00:00:00.000Z
6a23bf11d8b02e5181455447,6a23bf0fd8b02e5181455350,Nguyễn Thị Anh,khachhang1780727567497@gmail.com,6a1850eb1a7b2fdb0ae873a8,Áo Khoác Anthem Arsenal Z.N.E. 25/26,1,2300000,6700000,30000,Momo,cancelled,Hà Nội,false,2025-09-09T00:00:00.000Z,2025-09-09T00:00:00.000Z
6a23bf11d8b02e518145544a,6a23bf0fd8b02e5181455347,Phạm Đức Thành,khachhang1780727567488@gmail.com,6a18590b2bc10bb7e5e86480,Arsenal adidas 26/27 Red Home Cap,2,640000,1280000,30000,Banking,delivered,Hà Nội,false,2025-09-09T00:00:00.000Z,2025-09-09T00:00:00.000Z
6a23bf11d8b02e518145544c,6a23bf0fd8b02e5181455350,Nguyễn Thị Anh,khachhang1780727567497@gmail.com,69ec674e7fb179301d9a2db5,Quần short tập luyện,1,1100000,1100000,30000,COD,delivered,Hà Nội,false,2025-09-10T00:00:00.000Z,2025-09-10T00:00:00.000Z
6a23bf11d8b02e518145544e,6a23bf0fd8b02e5181455347,Phạm Đức Thành,khachhang1780727567488@gmail.com,6a1856198db103285a259d0f,Arsenal adidas Kids 25/26 Third Shorts,1,960000,960000,0,VNPay,cancelled,Hà Nội,false,2025-09-10T00:00:00.000Z,2025-09-10T00:00:00.000Z
6a23bf11d8b02e5181455450,6a23bf0fd8b02e5181455357,Hồ Hải Đạt,khachhang1780727567504@gmail.com,6a1856198db103285a259cc4,Arsenal adidas 26/27 Home Goalkeeper Socks,2,640000,1280000,0,Banking,delivered,Hà Nội,false,2025-09-11T00:00:00.000Z,2025-09-11T00:00:00.000Z
6a23bf11d8b02e5181455452,6a23bf0fd8b02e5181455355,Ngô Thu Hà,khachhang1780727567502@gmail.com,6a1850eb1a7b2fdb0ae8739c,Áo Đấu Sân Khách Arsenal 25/26 – Authentic,1,3000000,5200000,0,COD,shipping,Đà Nẵng,false,2025-09-11T00:00:00.000Z,2025-09-11T00:00:00.000Z
6a23bf11d8b02e5181455452,6a23bf0fd8b02e5181455355,Ngô Thu Hà,khachhang1780727567502@gmail.com,6a1850eb1a7b2fdb0ae8739f,Áo Đấu Thứ Ba Arsenal 25/26 – Fan Version,1,2200000,5200000,0,COD,shipping,Đà Nẵng,false,2025-09-11T00:00:00.000Z,2025-09-11T00:00:00.000Z
6a23bf11d8b02e5181455455,6a23bf0fd8b02e5181455355,Ngô Thu Hà,khachhang1780727567502@gmail.com,6a18590b2bc10bb7e5e864a0,Arsenal adidas 25/26 Third Shirt,2,2720000,5440000,30000,VNPay,shipping,Đà Nẵng,false,2025-09-12T00:00:00.000Z,2025-09-12T00:00:00.000Z
6a23bf11d8b02e5181455457,6a23bf0fd8b02e5181455358,Lý Thúy Yến,khachhang1780727567505@gmail.com,6a1856198db103285a259ce2,Arsenal adidas 26/27 Home Knitted Gloves,2,736000,1472000,0,Banking,delivered,Hồ Chí Minh,false,2025-09-12T00:00:00.000Z,2025-09-12T00:00:00.000Z
6a23bf11d8b02e5181455459,6a23bf0fd8b02e5181455349,Võ Mỹ Trang,khachhang1780727567490@gmail.com,6a1850eb1a7b2fdb0ae8739f,Áo Đấu Thứ Ba Arsenal 25/26 – Fan Version,1,2200000,9880000,0,COD,delivered,Hồ Chí Minh,false,2025-09-13T00:00:00.000Z,2025-09-13T00:00:00.000Z
6a23bf11d8b02e5181455459,6a23bf0fd8b02e5181455349,Võ Mỹ Trang,khachhang1780727567490@gmail.com,6a18590b2bc10bb7e5e86491,Arsenal adidas 25/26 Authentic Away Shirt,2,3840000,9880000,0,COD,delivered,Hồ Chí Minh,false,2025-09-13T00:00:00.000Z,2025-09-13T00:00:00.000Z
6a23bf11d8b02e518145545c,6a23bf0fd8b02e5181455359,Dương Hồng Hà,khachhang1780727567506@gmail.com,6a1856198db103285a259cc1,Arsenal adidas Kids 26/27 Home Goalkeeper Shorts,1,960000,3960000,0,Momo,pending,Đà Nẵng,false,2025-09-13T00:00:00.000Z,2025-09-13T00:00:00.000Z
6a23bf11d8b02e518145545c,6a23bf0fd8b02e5181455359,Dương Hồng Hà,khachhang1780727567506@gmail.com,6a1850eb1a7b2fdb0ae8739c,Áo Đấu Sân Khách Arsenal 25/26 – Authentic,1,3000000,3960000,0,Momo,pending,Đà Nẵng,false,2025-09-13T00:00:00.000Z,2025-09-13T00:00:00.000Z
6a23bf11d8b02e518145545f,6a23bf0fd8b02e5181455357,Hồ Hải Đạt,khachhang1780727567504@gmail.com,6a18590b2bc10bb7e5e86491,Arsenal adidas 25/26 Authentic Away Shirt,2,3840000,7680000,30000,Banking,shipping,Hà Nội,false,2025-09-13T00:00:00.000Z,2025-09-13T00:00:00.000Z
6a23bf11d8b02e5181455461,6a23bf0fd8b02e518145534f,Vũ Lan Linh,khachhang1780727567496@gmail.com,69ec674e7fb179301d9a2db9,Mũ Lưỡi Trai Arsenal,1,450000,8130000,30000,Banking,shipping,Hồ Chí Minh,false,2025-09-13T00:00:00.000Z,2025-09-13T00:00:00.000Z
6a23bf11d8b02e5181455461,6a23bf0fd8b02e518145534f,Vũ Lan Linh,khachhang1780727567496@gmail.com,6a1856198db103285a259c82,Arsenal adidas Womens 26/27 Authentic Home Shirt,2,3840000,8130000,30000,Banking,shipping,Hồ Chí Minh,false,2025-09-13T00:00:00.000Z,2025-09-13T00:00:00.000Z
6a23bf11d8b02e5181455464,6a23bf0fd8b02e5181455357,Hồ Hải Đạt,khachhang1780727567504@gmail.com,69ec674e7fb179301d9a2db6,Tất sân nhà Arsenal 2025-2026,1,750000,3470000,0,VNPay,delivered,Hà Nội,false,2025-09-13T00:00:00.000Z,2025-09-13T00:00:00.000Z
6a23bf11d8b02e5181455464,6a23bf0fd8b02e5181455357,Hồ Hải Đạt,khachhang1780727567504@gmail.com,6a18590b2bc10bb7e5e8648c,Arsenal adidas 25/26 Away Shirt,1,2720000,3470000,0,VNPay,delivered,Hà Nội,false,2025-09-13T00:00:00.000Z,2025-09-13T00:00:00.000Z
6a23bf11d8b02e5181455467,6a23bf0fd8b02e5181455351,Lý Thúy Trang,khachhang1780727567498@gmail.com,6a1856198db103285a259cfd,Arsenal adidas 25/26 Authentic Alternate Away Shorts,1,1440000,4440000,0,COD,delivered,Đà Nẵng,false,2025-09-13T00:00:00.000Z,2025-09-13T00:00:00.000Z
6a23bf11d8b02e5181455467,6a23bf0fd8b02e5181455351,Lý Thúy Trang,khachhang1780727567498@gmail.com,6a1850ea1a7b2fdb0ae87393,Áo Đấu Sân Nhà Arsenal 25/26 – Authentic,1,3000000,4440000,0,COD,delivered,Đà Nẵng,false,2025-09-13T00:00:00.000Z,2025-09-13T00:00:00.000Z
6a23bf11d8b02e518145546a,6a23bf0fd8b02e5181455353,Phan Công Phúc,khachhang1780727567500@gmail.com,6a1856198db103285a259cb8,Arsenal adidas 26/27 Home Goalkeeper Shirt,1,2720000,2720000,0,Momo,delivered,Hồ Chí Minh,false,2025-09-13T00:00:00.000Z,2025-09-13T00:00:00.000Z
6a23bf11d8b02e518145546c,6a23bf0fd8b02e518145534c,Võ Đức Cường,khachhang1780727567493@gmail.com,69ec674e7fb179301d9a2db5,Quần short tập luyện,2,1100000,2200000,30000,Banking,delivered,Đà Nẵng,false,2025-09-13T00:00:00.000Z,2025-09-13T00:00:00.000Z
6a23bf11d8b02e518145546e,6a23bf0fd8b02e5181455356,Vũ Công Hùng,khachhang1780727567503@gmail.com,6a1856198db103285a259cdf,Arsenal adidas 26/27 Home Water Bottle,2,320000,2540000,0,VNPay,delivered,Hà Nội,false,2025-09-14T00:00:00.000Z,2025-09-14T00:00:00.000Z
6a23bf11d8b02e518145546e,6a23bf0fd8b02e5181455356,Vũ Công Hùng,khachhang1780727567503@gmail.com,6a1850eb1a7b2fdb0ae873ab,Áo Hoodie Arsenal Essentials 25/26,1,1900000,2540000,0,VNPay,delivered,Hà Nội,false,2025-09-14T00:00:00.000Z,2025-09-14T00:00:00.000Z
6a23bf11d8b02e5181455471,6a23bf0fd8b02e518145534c,Võ Đức Cường,khachhang1780727567493@gmail.com,6a1856198db103285a259cd6,Arsenal adidas 26/27 Home Scarf,1,736000,2208000,30000,Banking,delivered,Đà Nẵng,false,2025-09-14T00:00:00.000Z,2025-09-14T00:00:00.000Z
6a23bf11d8b02e5181455471,6a23bf0fd8b02e518145534c,Võ Đức Cường,khachhang1780727567493@gmail.com,6a1856198db103285a259cd6,Arsenal adidas 26/27 Home Scarf,2,736000,2208000,30000,Banking,delivered,Đà Nẵng,false,2025-09-14T00:00:00.000Z,2025-09-14T00:00:00.000Z
6a23bf11d8b02e5181455474,6a23bf0fd8b02e518145534f,Vũ Lan Linh,khachhang1780727567496@gmail.com,6a1856198db103285a259cd3,Arsenal adidas 26/27 Mini Home Football Size 1,2,480000,960000,30000,COD,delivered,Hồ Chí Minh,false,2025-09-14T00:00:00.000Z,2025-09-14T00:00:00.000Z
6a23bf11d8b02e5181455476,6a23bf0fd8b02e5181455358,Lý Thúy Yến,khachhang1780727567505@gmail.com,6a1856198db103285a259cc1,Arsenal adidas Kids 26/27 Home Goalkeeper Shorts,1,960000,960000,0,VNPay,shipping,Hồ Chí Minh,false,2025-09-14T00:00:00.000Z,2025-09-14T00:00:00.000Z
6a23bf11d8b02e5181455478,6a23bf0fd8b02e518145534d,Đặng Hải Tuấn,khachhang1780727567494@gmail.com,6a1850ea1a7b2fdb0ae87396,Áo Đấu Sân Nhà Arsenal 25/26 – Fan Version,1,2200000,2200000,30000,Momo,delivered,Hồ Chí Minh,false,2025-09-14T00:00:00.000Z,2025-09-14T00:00:00.000Z
6a23bf11d8b02e518145547a,6a23bf0fd8b02e5181455346,Võ Hải Đạt,khachhang1780727567487@gmail.com,6a1850ea1a7b2fdb0ae87396,Áo Đấu Sân Nhà Arsenal 25/26 – Fan Version,1,2200000,3640000,30000,VNPay,shipping,Hồ Chí Minh,false,2025-09-14T00:00:00.000Z,2025-09-14T00:00:00.000Z
6a23bf11d8b02e518145547a,6a23bf0fd8b02e5181455346,Võ Hải Đạt,khachhang1780727567487@gmail.com,6a1856198db103285a259cac,Arsenal adidas 26/27 Authentic Home Shorts,1,1440000,3640000,30000,VNPay,shipping,Hồ Chí Minh,false,2025-09-14T00:00:00.000Z,2025-09-14T00:00:00.000Z
6a23bf11d8b02e518145547d,6a23bf0fd8b02e5181455348,Võ Bích Hà,khachhang1780727567489@gmail.com,6a1850eb1a7b2fdb0ae873b1,Balo Arsenal FC 25/26 – Backpack,1,1200000,3400000,30000,COD,delivered,Đà Nẵng,false,2025-09-14T00:00:00.000Z,2025-09-14T00:00:00.000Z
6a23bf11d8b02e518145547d,6a23bf0fd8b02e5181455348,Võ Bích Hà,khachhang1780727567489@gmail.com,6a1850eb1a7b2fdb0ae8739f,Áo Đấu Thứ Ba Arsenal 25/26 – Fan Version,1,2200000,3400000,30000,COD,delivered,Đà Nẵng,false,2025-09-14T00:00:00.000Z,2025-09-14T00:00:00.000Z
6a23bf11d8b02e5181455480,6a23bf0fd8b02e5181455348,Võ Bích Hà,khachhang1780727567489@gmail.com,6a1856198db103285a259cbe,Arsenal adidas 26/27 Home Goalkeeper Shorts,1,1216000,1216000,30000,VNPay,cancelled,Đà Nẵng,false,2025-09-15T00:00:00.000Z,2025-09-15T00:00:00.000Z
6a23bf11d8b02e5181455482,6a23bf0fd8b02e518145534e,Đỗ Hữu Khoa,khachhang1780727567495@gmail.com,6a1856198db103285a259cf1,Arsenal adidas Kids 25/26 Away Shirt,2,1920000,9600000,30000,Banking,shipping,Hà Nội,false,2025-09-15T00:00:00.000Z,2025-09-15T00:00:00.000Z
6a23bf11d8b02e5181455482,6a23bf0fd8b02e518145534e,Đỗ Hữu Khoa,khachhang1780727567495@gmail.com,6a1856198db103285a259c9d,Arsenal adidas 26/27 Home Long Sleeved Shirt,2,2880000,9600000,30000,Banking,shipping,Hà Nội,false,2025-09-15T00:00:00.000Z,2025-09-15T00:00:00.000Z
6a23bf11d8b02e5181455485,6a23bf0fd8b02e518145534b,Đặng Ngọc Bảo,khachhang1780727567492@gmail.com,6a1856198db103285a259d06,Arsenal adidas 25/26 Third Shorts,2,1216000,6592000,0,Banking,delivered,Đà Nẵng,false,2025-09-15T00:00:00.000Z,2025-09-15T00:00:00.000Z
6a23bf11d8b02e5181455485,6a23bf0fd8b02e518145534b,Đặng Ngọc Bảo,khachhang1780727567492@gmail.com,6a1856198db103285a259c9a,Arsenal adidas Womens 26/27 Authentic Home Long Sleeved Shirt,1,4160000,6592000,0,Banking,delivered,Đà Nẵng,false,2025-09-15T00:00:00.000Z,2025-09-15T00:00:00.000Z
6a23bf11d8b02e5181455488,6a23bf0fd8b02e5181455346,Võ Hải Đạt,khachhang1780727567487@gmail.com,69ec674e7fb179301d9a2db6,Tất sân nhà Arsenal 2025-2026,2,750000,3700000,30000,VNPay,cancelled,Hồ Chí Minh,false,2025-09-15T00:00:00.000Z,2025-09-15T00:00:00.000Z
6a23bf11d8b02e5181455488,6a23bf0fd8b02e5181455346,Võ Hải Đạt,khachhang1780727567487@gmail.com,6a1850ea1a7b2fdb0ae87396,Áo Đấu Sân Nhà Arsenal 25/26 – Fan Version,1,2200000,3700000,30000,VNPay,cancelled,Hồ Chí Minh,false,2025-09-15T00:00:00.000Z,2025-09-15T00:00:00.000Z
6a23bf11d8b02e518145548b,6a23bf0fd8b02e5181455351,Lý Thúy Trang,khachhang1780727567498@gmail.com,6a1856198db103285a259ce2,Arsenal adidas 26/27 Home Knitted Gloves,1,736000,5136000,30000,Banking,pending,Đà Nẵng,false,2025-09-15T00:00:00.000Z,2025-09-15T00:00:00.000Z
6a23bf11d8b02e518145548b,6a23bf0fd8b02e5181455351,Lý Thúy Trang,khachhang1780727567498@gmail.com,6a1850ea1a7b2fdb0ae87396,Áo Đấu Sân Nhà Arsenal 25/26 – Fan Version,2,2200000,5136000,30000,Banking,pending,Đà Nẵng,false,2025-09-15T00:00:00.000Z,2025-09-15T00:00:00.000Z
6a23bf11d8b02e518145548e,6a23bf0fd8b02e518145534d,Đặng Hải Tuấn,khachhang1780727567494@gmail.com,6a1856198db103285a259caf,Arsenal adidas 26/27 Authentic Alternate Home Shorts,1,1440000,1440000,0,VNPay,delivered,Hồ Chí Minh,false,2025-09-16T00:00:00.000Z,2025-09-16T00:00:00.000Z
6a23bf11d8b02e5181455490,6a23bf0fd8b02e518145534b,Đặng Ngọc Bảo,khachhang1780727567492@gmail.com,6a1856198db103285a259d06,Arsenal adidas 25/26 Third Shorts,1,1216000,3936000,0,COD,shipping,Đà Nẵng,false,2025-09-16T00:00:00.000Z,2025-09-16T00:00:00.000Z
6a23bf11d8b02e5181455490,6a23bf0fd8b02e518145534b,Đặng Ngọc Bảo,khachhang1780727567492@gmail.com,6a18590b2bc10bb7e5e8648c,Arsenal adidas 25/26 Away Shirt,1,2720000,3936000,0,COD,shipping,Đà Nẵng,false,2025-09-16T00:00:00.000Z,2025-09-16T00:00:00.000Z
6a23bf11d8b02e5181455493,6a23bf0fd8b02e5181455346,Võ Hải Đạt,khachhang1780727567487@gmail.com,6a1856198db103285a259cdf,Arsenal adidas 26/27 Home Water Bottle,2,320000,640000,30000,COD,delivered,Hồ Chí Minh,false,2025-09-16T00:00:00.000Z,2025-09-16T00:00:00.000Z
6a23bf11d8b02e5181455495,6a23bf0fd8b02e5181455348,Võ Bích Hà,khachhang1780727567489@gmail.com,6a1850eb1a7b2fdb0ae8739c,Áo Đấu Sân Khách Arsenal 25/26 – Authentic,1,3000000,3000000,0,COD,cancelled,Đà Nẵng,false,2025-09-16T00:00:00.000Z,2025-09-16T00:00:00.000Z
6a23bf11d8b02e5181455497,6a23bf0fd8b02e5181455350,Nguyễn Thị Anh,khachhang1780727567497@gmail.com,6a1856198db103285a259ca3,Arsenal adidas 26/27 Home Baby Kit,2,1280000,2560000,30000,Banking,delivered,Hà Nội,false,2025-09-16T00:00:00.000Z,2025-09-16T00:00:00.000Z
6a23bf11d8b02e5181455499,6a23bf0fd8b02e5181455353,Phan Công Phúc,khachhang1780727567500@gmail.com,6a1856198db103285a259ca9,Arsenal adidas Kids 26/27 Home Shorts,1,960000,4800000,0,Banking,pending,Hồ Chí Minh,false,2025-09-16T00:00:00.000Z,2025-09-16T00:00:00.000Z
6a23bf11d8b02e5181455499,6a23bf0fd8b02e5181455353,Phan Công Phúc,khachhang1780727567500@gmail.com,6a1856198db103285a259cf1,Arsenal adidas Kids 25/26 Away Shirt,2,1920000,4800000,0,Banking,pending,Hồ Chí Minh,false,2025-09-16T00:00:00.000Z,2025-09-16T00:00:00.000Z
6a23bf11d8b02e518145549c,6a23bf0fd8b02e518145534a,Lý Thanh Linh,khachhang1780727567491@gmail.com,6a1856198db103285a259d03,Arsenal adidas Kids 25/26 Third Shirt,1,1920000,1920000,30000,Banking,pending,Hồ Chí Minh,false,2025-09-16T00:00:00.000Z,2025-09-16T00:00:00.000Z
6a23bf11d8b02e518145549e,6a23bf0fd8b02e518145534a,Lý Thanh Linh,khachhang1780727567491@gmail.com,6a1856198db103285a259c97,Arsenal adidas 26/27 Authentic Home Long Sleeved Shirt,1,4160000,5600000,30000,Momo,pending,Hồ Chí Minh,false,2025-09-16T00:00:00.000Z,2025-09-16T00:00:00.000Z
6a23bf11d8b02e518145549e,6a23bf0fd8b02e518145534a,Lý Thanh Linh,khachhang1780727567491@gmail.com,6a1856198db103285a259cfd,Arsenal adidas 25/26 Authentic Alternate Away Shorts,1,1440000,5600000,30000,Momo,pending,Hồ Chí Minh,false,2025-09-16T00:00:00.000Z,2025-09-16T00:00:00.000Z
6a23bf11d8b02e51814554a1,6a23bf0fd8b02e5181455348,Võ Bích Hà,khachhang1780727567489@gmail.com,6a18590b2bc10bb7e5e86480,Arsenal adidas 26/27 Red Home Cap,1,640000,640000,30000,Banking,shipping,Đà Nẵng,false,2025-09-17T00:00:00.000Z,2025-09-17T00:00:00.000Z
6a23bf11d8b02e51814554a3,6a23bf0fd8b02e518145534c,Võ Đức Cường,khachhang1780727567493@gmail.com,6a1856198db103285a259c9a,Arsenal adidas Womens 26/27 Authentic Home Long Sleeved Shirt,1,4160000,8560000,30000,COD,delivered,Đà Nẵng,false,2025-09-17T00:00:00.000Z,2025-09-17T00:00:00.000Z
6a23bf11d8b02e51814554a3,6a23bf0fd8b02e518145534c,Võ Đức Cường,khachhang1780727567493@gmail.com,6a1850ea1a7b2fdb0ae87396,Áo Đấu Sân Nhà Arsenal 25/26 – Fan Version,2,2200000,8560000,30000,COD,delivered,Đà Nẵng,false,2025-09-17T00:00:00.000Z,2025-09-17T00:00:00.000Z
6a23bf11d8b02e51814554a6,6a23bf0fd8b02e518145534c,Võ Đức Cường,khachhang1780727567493@gmail.com,6a1856198db103285a259cd3,Arsenal adidas 26/27 Mini Home Football Size 1,2,480000,2432000,30000,VNPay,cancelled,Đà Nẵng,false,2025-09-17T00:00:00.000Z,2025-09-17T00:00:00.000Z
6a23bf11d8b02e51814554a6,6a23bf0fd8b02e518145534c,Võ Đức Cường,khachhang1780727567493@gmail.com,6a1856198db103285a259ce2,Arsenal adidas 26/27 Home Knitted Gloves,2,736000,2432000,30000,VNPay,cancelled,Đà Nẵng,false,2025-09-17T00:00:00.000Z,2025-09-17T00:00:00.000Z
6a23bf11d8b02e51814554a9,6a23bf0fd8b02e5181455350,Nguyễn Thị Anh,khachhang1780727567497@gmail.com,6a1856198db103285a259d03,Arsenal adidas Kids 25/26 Third Shirt,2,1920000,5440000,30000,Momo,delivered,Hà Nội,false,2025-09-17T00:00:00.000Z,2025-09-17T00:00:00.000Z
6a23bf11d8b02e51814554a9,6a23bf0fd8b02e5181455350,Nguyễn Thị Anh,khachhang1780727567497@gmail.com,6a1850eb1a7b2fdb0ae873ba,Bóng Đá Arsenal FC adidas 25/26,2,800000,5440000,30000,Momo,delivered,Hà Nội,false,2025-09-17T00:00:00.000Z,2025-09-17T00:00:00.000Z
6a23bf11d8b02e51814554ac,6a23bf0fd8b02e5181455359,Dương Hồng Hà,khachhang1780727567506@gmail.com,6a1850ea1a7b2fdb0ae87393,Áo Đấu Sân Nhà Arsenal 25/26 – Authentic,1,3000000,4440000,30000,COD,delivered,Đà Nẵng,false,2025-09-17T00:00:00.000Z,2025-09-17T00:00:00.000Z
6a23bf11d8b02e51814554ac,6a23bf0fd8b02e5181455359,Dương Hồng Hà,khachhang1780727567506@gmail.com,6a1856198db103285a259caf,Arsenal adidas 26/27 Authentic Alternate Home Shorts,1,1440000,4440000,30000,COD,delivered,Đà Nẵng,false,2025-09-17T00:00:00.000Z,2025-09-17T00:00:00.000Z
6a23bf11d8b02e51814554af,6a23bf0fd8b02e5181455349,Võ Mỹ Trang,khachhang1780727567490@gmail.com,6a1856198db103285a259cc4,Arsenal adidas 26/27 Home Goalkeeper Socks,1,640000,640000,30000,COD,delivered,Hồ Chí Minh,false,2025-09-17T00:00:00.000Z,2025-09-17T00:00:00.000Z
6a23bf11d8b02e51814554b1,6a23bf0fd8b02e518145534a,Lý Thanh Linh,khachhang1780727567491@gmail.com,6a1850eb1a7b2fdb0ae873ae,Quần Tập Luyện Arsenal 25/26 – Training Pants,2,1600000,3200000,30000,COD,pending,Hồ Chí Minh,false,2025-09-17T00:00:00.000Z,2025-09-17T00:00:00.000Z
6a23bf11d8b02e51814554b3,6a23bf0fd8b02e518145534f,Vũ Lan Linh,khachhang1780727567496@gmail.com,6a1856198db103285a259cac,Arsenal adidas 26/27 Authentic Home Shorts,1,1440000,3840000,30000,VNPay,shipping,Hồ Chí Minh,false,2025-09-17T00:00:00.000Z,2025-09-17T00:00:00.000Z
6a23bf11d8b02e51814554b3,6a23bf0fd8b02e518145534f,Vũ Lan Linh,khachhang1780727567496@gmail.com,6a1850eb1a7b2fdb0ae873b1,Balo Arsenal FC 25/26 – Backpack,2,1200000,3840000,30000,VNPay,shipping,Hồ Chí Minh,false,2025-09-17T00:00:00.000Z,2025-09-17T00:00:00.000Z
6a23bf11d8b02e51814554b6,6a23bf0fd8b02e518145534c,Võ Đức Cường,khachhang1780727567493@gmail.com,6a1856198db103285a259c82,Arsenal adidas Womens 26/27 Authentic Home Shirt,1,3840000,3840000,30000,VNPay,cancelled,Đà Nẵng,false,2025-09-18T00:00:00.000Z,2025-09-18T00:00:00.000Z
6a23bf11d8b02e51814554b8,6a23bf0fd8b02e518145534f,Vũ Lan Linh,khachhang1780727567496@gmail.com,6a1850eb1a7b2fdb0ae873bd,Tất Sân Khách Arsenal 25/26 – Away Socks,2,350000,700000,30000,Momo,pending,Hồ Chí Minh,false,2025-09-18T00:00:00.000Z,2025-09-18T00:00:00.000Z
6a23bf11d8b02e51814554ba,6a23bf0fd8b02e5181455354,Dương Công Long,khachhang1780727567501@gmail.com,6a18590b2bc10bb7e5e8645a,Arsenal adidas 26/27 Home Shorts,1,1216000,1216000,30000,COD,cancelled,Hồ Chí Minh,false,2025-09-18T00:00:00.000Z,2025-09-18T00:00:00.000Z
6a23bf11d8b02e51814554bc,6a23bf0fd8b02e518145534e,Đỗ Hữu Khoa,khachhang1780727567495@gmail.com,6a1856198db103285a259caf,Arsenal adidas 26/27 Authentic Alternate Home Shorts,2,1440000,2880000,0,COD,delivered,Hà Nội,false,2025-09-18T00:00:00.000Z,2025-09-18T00:00:00.000Z
6a23bf11d8b02e51814554be,6a23bf0fd8b02e5181455351,Lý Thúy Trang,khachhang1780727567498@gmail.com,6a1856198db103285a259d03,Arsenal adidas Kids 25/26 Third Shirt,2,1920000,11520000,30000,VNPay,delivered,Đà Nẵng,false,2025-09-18T00:00:00.000Z,2025-09-18T00:00:00.000Z
6a23bf11d8b02e51814554be,6a23bf0fd8b02e5181455351,Lý Thúy Trang,khachhang1780727567498@gmail.com,6a18590b2bc10bb7e5e86491,Arsenal adidas 25/26 Authentic Away Shirt,2,3840000,11520000,30000,VNPay,delivered,Đà Nẵng,false,2025-09-18T00:00:00.000Z,2025-09-18T00:00:00.000Z
6a23bf11d8b02e51814554c1,6a23bf0fd8b02e5181455354,Dương Công Long,khachhang1780727567501@gmail.com,6a1850ea1a7b2fdb0ae87393,Áo Đấu Sân Nhà Arsenal 25/26 – Authentic,1,3000000,3000000,30000,Banking,delivered,Hồ Chí Minh,false,2025-09-19T00:00:00.000Z,2025-09-19T00:00:00.000Z
6a23bf11d8b02e51814554c3,6a23bf0fd8b02e5181455356,Vũ Công Hùng,khachhang1780727567503@gmail.com,6a1856198db103285a259d09,Arsenal adidas 25/26 Third Mini Kit,2,1600000,3200000,30000,Banking,shipping,Hà Nội,false,2025-09-19T00:00:00.000Z,2025-09-19T00:00:00.000Z
6a23bf11d8b02e51814554c5,6a23bf0fd8b02e5181455350,Nguyễn Thị Anh,khachhang1780727567497@gmail.com,6a18590b2bc10bb7e5e86491,Arsenal adidas 25/26 Authentic Away Shirt,1,3840000,3840000,0,Banking,delivered,Hà Nội,false,2025-09-19T00:00:00.000Z,2025-09-19T00:00:00.000Z
6a23bf11d8b02e51814554c7,6a23bf0fd8b02e518145534b,Đặng Ngọc Bảo,khachhang1780727567492@gmail.com,6a1856198db103285a259cfd,Arsenal adidas 25/26 Authentic Alternate Away Shorts,2,1440000,2880000,30000,Momo,delivered,Đà Nẵng,false,2025-09-19T00:00:00.000Z,2025-09-19T00:00:00.000Z
6a23bf11d8b02e51814554c9,6a23bf0fd8b02e5181455358,Lý Thúy Yến,khachhang1780727567505@gmail.com,69ec674e7fb179301d9a2db6,Tất sân nhà Arsenal 2025-2026,1,750000,1774000,30000,Banking,pending,Hồ Chí Minh,false,2025-09-19T00:00:00.000Z,2025-09-19T00:00:00.000Z
6a23bf11d8b02e51814554c9,6a23bf0fd8b02e5181455358,Lý Thúy Yến,khachhang1780727567505@gmail.com,6a18590b2bc10bb7e5e86499,Arsenal adidas Kids 25/26 Away Socks,2,512000,1774000,30000,Banking,pending,Hồ Chí Minh,false,2025-09-19T00:00:00.000Z,2025-09-19T00:00:00.000Z
6a23bf11d8b02e51814554cc,6a23bf0fd8b02e5181455352,Phạm Đình Thành,khachhang1780727567499@gmail.com,6a1856198db103285a259c91,Arsenal adidas 26/27 Home Mini Kit,1,1600000,1600000,0,Banking,delivered,Hà Nội,false,2025-09-20T00:00:00.000Z,2025-09-20T00:00:00.000Z
6a23bf11d8b02e51814554ce,6a23bf0fd8b02e518145534b,Đặng Ngọc Bảo,khachhang1780727567492@gmail.com,6a1856198db103285a259d15,Arsenal adidas Kids 25/26 Third Goalkeeper Shirt,1,1920000,6320000,30000,VNPay,pending,Đà Nẵng,false,2025-09-21T00:00:00.000Z,2025-09-21T00:00:00.000Z
6a23bf11d8b02e51814554ce,6a23bf0fd8b02e518145534b,Đặng Ngọc Bảo,khachhang1780727567492@gmail.com,6a1850eb1a7b2fdb0ae873a2,Áo Đấu Sân Nhà Arsenal 25/26 Nữ,2,2200000,6320000,30000,VNPay,pending,Đà Nẵng,false,2025-09-21T00:00:00.000Z,2025-09-21T00:00:00.000Z
6a23bf11d8b02e51814554d1,6a23bf0fd8b02e5181455346,Võ Hải Đạt,khachhang1780727567487@gmail.com,6a1856198db103285a259ce5,Arsenal adidas 26/27 Home Beanie,2,736000,1472000,0,Momo,delivered,Hồ Chí Minh,false,2025-09-21T00:00:00.000Z,2025-09-21T00:00:00.000Z
6a23bf11d8b02e51814554d3,6a23bf0fd8b02e5181455357,Hồ Hải Đạt,khachhang1780727567504@gmail.com,6a1850eb1a7b2fdb0ae873a5,Áo Tập Arsenal 25/26 – Training Jersey,1,1800000,1800000,30000,Momo,pending,Hà Nội,false,2025-09-21T00:00:00.000Z,2025-09-21T00:00:00.000Z
6a23bf11d8b02e51814554d5,6a23bf0fd8b02e5181455353,Phan Công Phúc,khachhang1780727567500@gmail.com,6a1850eb1a7b2fdb0ae873ae,Quần Tập Luyện Arsenal 25/26 – Training Pants,1,1600000,1600000,0,Momo,delivered,Hồ Chí Minh,false,2025-09-21T00:00:00.000Z,2025-09-21T00:00:00.000Z
6a23bf11d8b02e51814554d7,6a23bf0fd8b02e518145534e,Đỗ Hữu Khoa,khachhang1780727567495@gmail.com,6a1856198db103285a259c97,Arsenal adidas 26/27 Authentic Home Long Sleeved Shirt,1,4160000,4160000,0,VNPay,delivered,Hà Nội,false,2025-09-22T00:00:00.000Z,2025-09-22T00:00:00.000Z
6a23bf11d8b02e51814554d9,6a23bf0fd8b02e518145534b,Đặng Ngọc Bảo,khachhang1780727567492@gmail.com,6a18590b2bc10bb7e5e86480,Arsenal adidas 26/27 Red Home Cap,1,640000,640000,0,VNPay,shipping,Đà Nẵng,false,2025-09-22T00:00:00.000Z,2025-09-22T00:00:00.000Z
6a23bf11d8b02e51814554db,6a23bf0fd8b02e5181455353,Phan Công Phúc,khachhang1780727567500@gmail.com,6a1856198db103285a259d15,Arsenal adidas Kids 25/26 Third Goalkeeper Shirt,2,1920000,3840000,30000,COD,delivered,Hồ Chí Minh,false,2025-09-22T00:00:00.000Z,2025-09-22T00:00:00.000Z
6a23bf11d8b02e51814554dd,6a23bf0fd8b02e518145534e,Đỗ Hữu Khoa,khachhang1780727567495@gmail.com,6a1856198db103285a259c85,Arsenal adidas Kids 26/27 Authentic Home Shirt,2,2560000,5632000,0,Momo,delivered,Hà Nội,false,2025-09-22T00:00:00.000Z,2025-09-22T00:00:00.000Z
6a23bf11d8b02e51814554dd,6a23bf0fd8b02e518145534e,Đỗ Hữu Khoa,khachhang1780727567495@gmail.com,6a1856198db103285a259cc7,Arsenal adidas Kids 26/27 Home Goalkeeper Socks,1,512000,5632000,0,Momo,delivered,Hà Nội,false,2025-09-22T00:00:00.000Z,2025-09-22T00:00:00.000Z
6a23bf11d8b02e51814554e0,6a23bf0fd8b02e518145534f,Vũ Lan Linh,khachhang1780727567496@gmail.com,6a1850eb1a7b2fdb0ae873b7,Găng Tay Thủ Môn Arsenal Predator 25/26,1,1500000,1500000,30000,VNPay,delivered,Hồ Chí Minh,false,2025-09-23T00:00:00.000Z,2025-09-23T00:00:00.000Z
6a23bf11d8b02e51814554e2,6a23bf0fd8b02e5181455356,Vũ Công Hùng,khachhang1780727567503@gmail.com,6a1856198db103285a259ca3,Arsenal adidas 26/27 Home Baby Kit,2,1280000,5120000,30000,COD,shipping,Hà Nội,false,2025-09-23T00:00:00.000Z,2025-09-23T00:00:00.000Z
6a23bf11d8b02e51814554e2,6a23bf0fd8b02e5181455356,Vũ Công Hùng,khachhang1780727567503@gmail.com,6a1856198db103285a259ccd,Arsenal adidas 26/27 Red Backpack,2,1280000,5120000,30000,COD,shipping,Hà Nội,false,2025-09-23T00:00:00.000Z,2025-09-23T00:00:00.000Z
6a23bf11d8b02e51814554e5,6a23bf0fd8b02e5181455347,Phạm Đức Thành,khachhang1780727567488@gmail.com,6a1856198db103285a259c91,Arsenal adidas 26/27 Home Mini Kit,1,1600000,1600000,0,COD,delivered,Hà Nội,false,2025-09-24T00:00:00.000Z,2025-09-24T00:00:00.000Z
6a23bf11d8b02e51814554e7,6a23bf0fd8b02e5181455349,Võ Mỹ Trang,khachhang1780727567490@gmail.com,6a1850eb1a7b2fdb0ae873ba,Bóng Đá Arsenal FC adidas 25/26,1,800000,9120000,30000,Momo,shipping,Hồ Chí Minh,false,2025-09-24T00:00:00.000Z,2025-09-24T00:00:00.000Z
6a23bf11d8b02e51814554e7,6a23bf0fd8b02e5181455349,Võ Mỹ Trang,khachhang1780727567490@gmail.com,6a1856198db103285a259c9a,Arsenal adidas Womens 26/27 Authentic Home Long Sleeved Shirt,2,4160000,9120000,30000,Momo,shipping,Hồ Chí Minh,false,2025-09-24T00:00:00.000Z,2025-09-24T00:00:00.000Z
6a23bf11d8b02e51814554ea,6a23bf0fd8b02e5181455349,Võ Mỹ Trang,khachhang1780727567490@gmail.com,6a1856198db103285a259d0f,Arsenal adidas Kids 25/26 Third Shorts,2,960000,2656000,30000,COD,shipping,Hồ Chí Minh,false,2025-09-24T00:00:00.000Z,2025-09-24T00:00:00.000Z
6a23bf11d8b02e51814554ea,6a23bf0fd8b02e5181455349,Võ Mỹ Trang,khachhang1780727567490@gmail.com,6a1856198db103285a259cd6,Arsenal adidas 26/27 Home Scarf,1,736000,2656000,30000,COD,shipping,Hồ Chí Minh,false,2025-09-24T00:00:00.000Z,2025-09-24T00:00:00.000Z
6a23bf11d8b02e51814554ed,6a23bf0fd8b02e5181455358,Lý Thúy Yến,khachhang1780727567505@gmail.com,69ec674e7fb179301d9a2db9,Mũ Lưỡi Trai Arsenal,2,450000,900000,30000,Banking,delivered,Hồ Chí Minh,false,2025-09-25T00:00:00.000Z,2025-09-25T00:00:00.000Z
6a23bf11d8b02e51814554ef,6a23bf0fd8b02e518145534e,Đỗ Hữu Khoa,khachhang1780727567495@gmail.com,6a1850eb1a7b2fdb0ae873ab,Áo Hoodie Arsenal Essentials 25/26,2,1900000,7064000,0,VNPay,shipping,Hà Nội,false,2025-09-25T00:00:00.000Z,2025-09-25T00:00:00.000Z
6a23bf11d8b02e51814554ef,6a23bf0fd8b02e518145534e,Đỗ Hữu Khoa,khachhang1780727567495@gmail.com,6a1856198db103285a259d0c,Arsenal 25/26 Third Goalkeeper Shirt,2,1632000,7064000,0,VNPay,shipping,Hà Nội,false,2025-09-25T00:00:00.000Z,2025-09-25T00:00:00.000Z
6a23bf11d8b02e51814554f2,6a23bf0fd8b02e5181455347,Phạm Đức Thành,khachhang1780727567488@gmail.com,6a1856198db103285a259cc7,Arsenal adidas Kids 26/27 Home Goalkeeper Socks,2,512000,1024000,30000,Momo,delivered,Hà Nội,false,2025-09-26T00:00:00.000Z,2025-09-26T00:00:00.000Z
6a23bf11d8b02e51814554f4,6a23bf0fd8b02e5181455356,Vũ Công Hùng,khachhang1780727567503@gmail.com,6a1856198db103285a259c9d,Arsenal adidas 26/27 Home Long Sleeved Shirt,2,2880000,5760000,30000,Banking,pending,Hà Nội,false,2025-09-27T00:00:00.000Z,2025-09-27T00:00:00.000Z
6a23bf11d8b02e51814554f6,6a23bf0fd8b02e518145534d,Đặng Hải Tuấn,khachhang1780727567494@gmail.com,6a1856198db103285a259cdf,Arsenal adidas 26/27 Home Water Bottle,2,320000,1920000,0,COD,delivered,Hồ Chí Minh,false,2025-09-28T00:00:00.000Z,2025-09-28T00:00:00.000Z
6a23bf11d8b02e51814554f6,6a23bf0fd8b02e518145534d,Đặng Hải Tuấn,khachhang1780727567494@gmail.com,6a18590b2bc10bb7e5e86463,Arsenal adidas 26/27 Home Socks,2,640000,1920000,0,COD,delivered,Hồ Chí Minh,false,2025-09-28T00:00:00.000Z,2025-09-28T00:00:00.000Z
6a23bf11d8b02e51814554f9,6a23bf0fd8b02e5181455347,Phạm Đức Thành,khachhang1780727567488@gmail.com,69ec674e7fb179301d9a2db5,Quần short tập luyện,1,1100000,4940000,0,COD,delivered,Hà Nội,false,2025-09-28T00:00:00.000Z,2025-09-28T00:00:00.000Z
6a23bf11d8b02e51814554f9,6a23bf0fd8b02e5181455347,Phạm Đức Thành,khachhang1780727567488@gmail.com,6a18590b2bc10bb7e5e86449,Arsenal adidas Kids 26/27 Home Shirt,2,1920000,4940000,0,COD,delivered,Hà Nội,false,2025-09-28T00:00:00.000Z,2025-09-28T00:00:00.000Z
6a23bf11d8b02e51814554fc,6a23bf0fd8b02e5181455353,Phan Công Phúc,khachhang1780727567500@gmail.com,6a1850eb1a7b2fdb0ae873a8,Áo Khoác Anthem Arsenal Z.N.E. 25/26,1,2300000,2300000,30000,Banking,delivered,Hồ Chí Minh,false,2025-09-28T00:00:00.000Z,2025-09-28T00:00:00.000Z
6a23bf11d8b02e51814554fe,6a23bf0fd8b02e518145534f,Vũ Lan Linh,khachhang1780727567496@gmail.com,6a18590b2bc10bb7e5e86449,Arsenal adidas Kids 26/27 Home Shirt,2,1920000,3840000,30000,VNPay,delivered,Hồ Chí Minh,false,2025-09-28T00:00:00.000Z,2025-09-28T00:00:00.000Z
6a23bf11d8b02e5181455500,6a23bf0fd8b02e5181455358,Lý Thúy Yến,khachhang1780727567505@gmail.com,6a1856198db103285a259d15,Arsenal adidas Kids 25/26 Third Goalkeeper Shirt,2,1920000,4320000,0,COD,delivered,Hồ Chí Minh,false,2025-09-28T00:00:00.000Z,2025-09-28T00:00:00.000Z
6a23bf11d8b02e5181455500,6a23bf0fd8b02e5181455358,Lý Thúy Yến,khachhang1780727567505@gmail.com,6a1856198db103285a259cd3,Arsenal adidas 26/27 Mini Home Football Size 1,1,480000,4320000,0,COD,delivered,Hồ Chí Minh,false,2025-09-28T00:00:00.000Z,2025-09-28T00:00:00.000Z
6a23bf11d8b02e5181455503,6a23bf0fd8b02e5181455356,Vũ Công Hùng,khachhang1780727567503@gmail.com,6a18590b2bc10bb7e5e86479,Arsenal adidas 26/27 Home Football Size 5,1,640000,640000,30000,COD,pending,Hà Nội,false,2025-09-28T00:00:00.000Z,2025-09-28T00:00:00.000Z
6a23bf11d8b02e5181455505,6a23bf0fd8b02e5181455352,Phạm Đình Thành,khachhang1780727567499@gmail.com,6a1856198db103285a259ccd,Arsenal adidas 26/27 Red Backpack,2,1280000,2560000,30000,COD,delivered,Hà Nội,false,2025-09-28T00:00:00.000Z,2025-09-28T00:00:00.000Z
6a23bf11d8b02e5181455507,6a23bf0fd8b02e5181455359,Dương Hồng Hà,khachhang1780727567506@gmail.com,6a1856198db103285a259d0f,Arsenal adidas Kids 25/26 Third Shorts,1,960000,960000,30000,Momo,delivered,Đà Nẵng,false,2025-09-28T00:00:00.000Z,2025-09-28T00:00:00.000Z
6a23bf11d8b02e5181455509,6a23bf0fd8b02e518145534a,Lý Thanh Linh,khachhang1780727567491@gmail.com,6a1850eb1a7b2fdb0ae8739f,Áo Đấu Thứ Ba Arsenal 25/26 – Fan Version,2,2200000,4400000,30000,COD,pending,Hồ Chí Minh,false,2025-09-29T00:00:00.000Z,2025-09-29T00:00:00.000Z
6a23bf11d8b02e518145550b,6a23bf0fd8b02e5181455357,Hồ Hải Đạt,khachhang1780727567504@gmail.com,6a1856198db103285a259cbe,Arsenal adidas 26/27 Home Goalkeeper Shorts,2,1216000,2432000,30000,COD,delivered,Hà Nội,false,2025-09-29T00:00:00.000Z,2025-09-29T00:00:00.000Z
6a23bf11d8b02e518145550d,6a23bf0fd8b02e5181455354,Dương Công Long,khachhang1780727567501@gmail.com,6a1856198db103285a259cbb,Arsenal adidas Kids 26/27 Long Sleeved Home Goalkeeper Shirt,1,2080000,5280000,0,Banking,delivered,Hồ Chí Minh,false,2025-09-29T00:00:00.000Z,2025-09-29T00:00:00.000Z
6a23bf11d8b02e518145550d,6a23bf0fd8b02e5181455354,Dương Công Long,khachhang1780727567501@gmail.com,6a1856198db103285a259ceb,Arsenal adidas 25/26 Away Mini Kit,2,1600000,5280000,0,Banking,delivered,Hồ Chí Minh,false,2025-09-29T00:00:00.000Z,2025-09-29T00:00:00.000Z
6a23bf11d8b02e5181455510,6a23bf0fd8b02e518145534e,Đỗ Hữu Khoa,khachhang1780727567495@gmail.com,6a1856198db103285a259cfd,Arsenal adidas 25/26 Authentic Alternate Away Shorts,2,1440000,2880000,30000,VNPay,delivered,Hà Nội,false,2025-09-29T00:00:00.000Z,2025-09-29T00:00:00.000Z
6a23bf11d8b02e5181455512,6a23bf0fd8b02e5181455350,Nguyễn Thị Anh,khachhang1780727567497@gmail.com,6a1856198db103285a259d06,Arsenal adidas 25/26 Third Shorts,1,1216000,2816000,30000,VNPay,pending,Hà Nội,false,2025-09-29T00:00:00.000Z,2025-09-29T00:00:00.000Z
6a23bf11d8b02e5181455512,6a23bf0fd8b02e5181455350,Nguyễn Thị Anh,khachhang1780727567497@gmail.com,6a1856198db103285a259c91,Arsenal adidas 26/27 Home Mini Kit,1,1600000,2816000,30000,VNPay,pending,Hà Nội,false,2025-09-29T00:00:00.000Z,2025-09-29T00:00:00.000Z
6a23bf11d8b02e5181455515,6a23bf0fd8b02e518145534e,Đỗ Hữu Khoa,khachhang1780727567495@gmail.com,6a1856198db103285a259cc4,Arsenal adidas 26/27 Home Goalkeeper Socks,2,640000,1280000,30000,VNPay,shipping,Hà Nội,false,2025-09-29T00:00:00.000Z,2025-09-29T00:00:00.000Z
6a23bf11d8b02e5181455517,6a23bf0fd8b02e5181455359,Dương Hồng Hà,khachhang1780727567506@gmail.com,6a1850eb1a7b2fdb0ae873b1,Balo Arsenal FC 25/26 – Backpack,1,1200000,1200000,30000,VNPay,shipping,Đà Nẵng,false,2025-09-29T00:00:00.000Z,2025-09-29T00:00:00.000Z
6a23bf11d8b02e5181455519,6a23bf0fd8b02e518145534e,Đỗ Hữu Khoa,khachhang1780727567495@gmail.com,6a1850eb1a7b2fdb0ae87399,Áo Đấu Sân Khách Arsenal 25/26 – Fan Version,1,2200000,2200000,30000,Momo,shipping,Hà Nội,false,2025-09-29T00:00:00.000Z,2025-09-29T00:00:00.000Z
6a23bf11d8b02e518145551b,6a23bf0fd8b02e518145534a,Lý Thanh Linh,khachhang1780727567491@gmail.com,6a18590b2bc10bb7e5e86491,Arsenal adidas 25/26 Authentic Away Shirt,1,3840000,4800000,30000,Momo,delivered,Hồ Chí Minh,false,2025-09-30T00:00:00.000Z,2025-09-30T00:00:00.000Z
6a23bf11d8b02e518145551b,6a23bf0fd8b02e518145534a,Lý Thanh Linh,khachhang1780727567491@gmail.com,6a1856198db103285a259d0f,Arsenal adidas Kids 25/26 Third Shorts,1,960000,4800000,30000,Momo,delivered,Hồ Chí Minh,false,2025-09-30T00:00:00.000Z,2025-09-30T00:00:00.000Z
6a23bf11d8b02e518145551e,6a23bf0fd8b02e518145534e,Đỗ Hữu Khoa,khachhang1780727567495@gmail.com,6a1856198db103285a259d12,Arsenal adidas 25/26 Third Authentic Alternate Shorts,1,1440000,3360000,0,COD,delivered,Hà Nội,false,2025-09-30T00:00:00.000Z,2025-09-30T00:00:00.000Z
6a23bf11d8b02e518145551e,6a23bf0fd8b02e518145534e,Đỗ Hữu Khoa,khachhang1780727567495@gmail.com,6a1856198db103285a259cf1,Arsenal adidas Kids 25/26 Away Shirt,1,1920000,3360000,0,COD,delivered,Hà Nội,false,2025-09-30T00:00:00.000Z,2025-09-30T00:00:00.000Z
6a23bf11d8b02e5181455521,6a23bf0fd8b02e518145534f,Vũ Lan Linh,khachhang1780727567496@gmail.com,6a1850ea1a7b2fdb0ae87396,Áo Đấu Sân Nhà Arsenal 25/26 – Fan Version,2,2200000,4880000,0,Momo,delivered,Hồ Chí Minh,false,2025-09-30T00:00:00.000Z,2025-09-30T00:00:00.000Z
6a23bf11d8b02e5181455521,6a23bf0fd8b02e518145534f,Vũ Lan Linh,khachhang1780727567496@gmail.com,6a1856198db103285a259cd3,Arsenal adidas 26/27 Mini Home Football Size 1,1,480000,4880000,0,Momo,delivered,Hồ Chí Minh,false,2025-09-30T00:00:00.000Z,2025-09-30T00:00:00.000Z
6a23bf11d8b02e5181455524,6a23bf0fd8b02e5181455351,Lý Thúy Trang,khachhang1780727567498@gmail.com,6a1856198db103285a259cc4,Arsenal adidas 26/27 Home Goalkeeper Socks,2,640000,2496000,0,VNPay,delivered,Đà Nẵng,false,2025-09-30T00:00:00.000Z,2025-09-30T00:00:00.000Z
6a23bf11d8b02e5181455524,6a23bf0fd8b02e5181455351,Lý Thúy Trang,khachhang1780727567498@gmail.com,6a18590b2bc10bb7e5e8645a,Arsenal adidas 26/27 Home Shorts,1,1216000,2496000,0,VNPay,delivered,Đà Nẵng,false,2025-09-30T00:00:00.000Z,2025-09-30T00:00:00.000Z
6a23bf11d8b02e5181455527,6a23bf0fd8b02e5181455357,Hồ Hải Đạt,khachhang1780727567504@gmail.com,6a1856198db103285a259ca3,Arsenal adidas 26/27 Home Baby Kit,1,1280000,2560000,30000,Banking,delivered,Hà Nội,false,2025-09-30T00:00:00.000Z,2025-09-30T00:00:00.000Z
6a23bf11d8b02e5181455527,6a23bf0fd8b02e5181455357,Hồ Hải Đạt,khachhang1780727567504@gmail.com,6a1856198db103285a259d18,Arsenal adidas 25/26 Third Socks,2,640000,2560000,30000,Banking,delivered,Hà Nội,false,2025-09-30T00:00:00.000Z,2025-09-30T00:00:00.000Z
6a23bf11d8b02e518145552a,6a23bf0fd8b02e518145534e,Đỗ Hữu Khoa,khachhang1780727567495@gmail.com,6a1856198db103285a259d0c,Arsenal 25/26 Third Goalkeeper Shirt,1,1632000,1632000,30000,VNPay,delivered,Hà Nội,false,2025-10-01T00:00:00.000Z,2025-10-01T00:00:00.000Z
6a23bf11d8b02e518145552c,6a23bf0fd8b02e5181455346,Võ Hải Đạt,khachhang1780727567487@gmail.com,6a18590b2bc10bb7e5e86499,Arsenal adidas Kids 25/26 Away Socks,2,512000,2240000,0,VNPay,delivered,Hồ Chí Minh,false,2025-10-01T00:00:00.000Z,2025-10-01T00:00:00.000Z
6a23bf11d8b02e518145552c,6a23bf0fd8b02e5181455346,Võ Hải Đạt,khachhang1780727567487@gmail.com,6a1856198db103285a259cfa,Arsenal adidas 25/26 Away Shorts,1,1216000,2240000,0,VNPay,delivered,Hồ Chí Minh,false,2025-10-01T00:00:00.000Z,2025-10-01T00:00:00.000Z
6a23bf11d8b02e518145552f,6a23bf0fd8b02e5181455355,Ngô Thu Hà,khachhang1780727567502@gmail.com,6a18590b2bc10bb7e5e86474,Arsenal adidas 26/27 Home Black Backpack,2,1280000,2560000,30000,VNPay,delivered,Đà Nẵng,false,2025-10-01T00:00:00.000Z,2025-10-01T00:00:00.000Z
6a23bf11d8b02e5181455531,6a23bf0fd8b02e5181455353,Phan Công Phúc,khachhang1780727567500@gmail.com,6a18590b2bc10bb7e5e8648c,Arsenal adidas 25/26 Away Shirt,1,2720000,2720000,30000,Banking,cancelled,Hồ Chí Minh,false,2025-10-01T00:00:00.000Z,2025-10-01T00:00:00.000Z
6a23bf11d8b02e5181455533,6a23bf0fd8b02e5181455354,Dương Công Long,khachhang1780727567501@gmail.com,6a1856198db103285a259c91,Arsenal adidas 26/27 Home Mini Kit,1,1600000,3200000,0,VNPay,delivered,Hồ Chí Minh,false,2025-10-01T00:00:00.000Z,2025-10-01T00:00:00.000Z
6a23bf11d8b02e5181455533,6a23bf0fd8b02e5181455354,Dương Công Long,khachhang1780727567501@gmail.com,6a1850eb1a7b2fdb0ae873ba,Bóng Đá Arsenal FC adidas 25/26,2,800000,3200000,0,VNPay,delivered,Hồ Chí Minh,false,2025-10-01T00:00:00.000Z,2025-10-01T00:00:00.000Z
6a23bf11d8b02e5181455536,6a23bf0fd8b02e5181455347,Phạm Đức Thành,khachhang1780727567488@gmail.com,6a1850eb1a7b2fdb0ae8739f,Áo Đấu Thứ Ba Arsenal 25/26 – Fan Version,2,2200000,4400000,30000,Banking,delivered,Hà Nội,false,2025-10-01T00:00:00.000Z,2025-10-01T00:00:00.000Z
6a23bf11d8b02e5181455538,6a23bf0fd8b02e518145534f,Vũ Lan Linh,khachhang1780727567496@gmail.com,6a18590b2bc10bb7e5e86463,Arsenal adidas 26/27 Home Socks,1,640000,2940000,30000,VNPay,pending,Hồ Chí Minh,false,2025-10-01T00:00:00.000Z,2025-10-01T00:00:00.000Z
6a23bf11d8b02e5181455538,6a23bf0fd8b02e518145534f,Vũ Lan Linh,khachhang1780727567496@gmail.com,6a1850eb1a7b2fdb0ae873a8,Áo Khoác Anthem Arsenal Z.N.E. 25/26,1,2300000,2940000,30000,VNPay,pending,Hồ Chí Minh,false,2025-10-01T00:00:00.000Z,2025-10-01T00:00:00.000Z
6a23bf11d8b02e518145553b,6a23bf0fd8b02e5181455353,Phan Công Phúc,khachhang1780727567500@gmail.com,6a1850eb1a7b2fdb0ae8739f,Áo Đấu Thứ Ba Arsenal 25/26 – Fan Version,1,2200000,2840000,30000,VNPay,shipping,Hồ Chí Minh,false,2025-10-01T00:00:00.000Z,2025-10-01T00:00:00.000Z
6a23bf11d8b02e518145553b,6a23bf0fd8b02e5181455353,Phan Công Phúc,khachhang1780727567500@gmail.com,6a18590b2bc10bb7e5e86483,Arsenal adidas 26/27 White Home Cap,1,640000,2840000,30000,VNPay,shipping,Hồ Chí Minh,false,2025-10-01T00:00:00.000Z,2025-10-01T00:00:00.000Z
6a23bf11d8b02e518145553e,6a23bf0fd8b02e518145534f,Vũ Lan Linh,khachhang1780727567496@gmail.com,6a1850eb1a7b2fdb0ae873ae,Quần Tập Luyện Arsenal 25/26 – Training Pants,2,1600000,4416000,30000,Banking,pending,Hồ Chí Minh,false,2025-10-02T00:00:00.000Z,2025-10-02T00:00:00.000Z
6a23bf11d8b02e518145553e,6a23bf0fd8b02e518145534f,Vũ Lan Linh,khachhang1780727567496@gmail.com,6a1856198db103285a259d06,Arsenal adidas 25/26 Third Shorts,1,1216000,4416000,30000,Banking,pending,Hồ Chí Minh,false,2025-10-02T00:00:00.000Z,2025-10-02T00:00:00.000Z
6a23bf11d8b02e5181455541,6a23bf0fd8b02e5181455355,Ngô Thu Hà,khachhang1780727567502@gmail.com,6a1856198db103285a259ce2,Arsenal adidas 26/27 Home Knitted Gloves,1,736000,736000,30000,Banking,delivered,Đà Nẵng,false,2025-10-02T00:00:00.000Z,2025-10-02T00:00:00.000Z
6a23bf11d8b02e5181455543,6a23bf0fd8b02e5181455356,Vũ Công Hùng,khachhang1780727567503@gmail.com,6a1856198db103285a259cfd,Arsenal adidas 25/26 Authentic Alternate Away Shorts,1,1440000,1440000,30000,VNPay,pending,Hà Nội,false,2025-10-02T00:00:00.000Z,2025-10-02T00:00:00.000Z
6a23bf11d8b02e5181455545,6a23bf0fd8b02e5181455346,Võ Hải Đạt,khachhang1780727567487@gmail.com,6a1856198db103285a259d0f,Arsenal adidas Kids 25/26 Third Shorts,2,960000,3200000,30000,Momo,shipping,Hồ Chí Minh,false,2025-10-02T00:00:00.000Z,2025-10-02T00:00:00.000Z
6a23bf11d8b02e5181455545,6a23bf0fd8b02e5181455346,Võ Hải Đạt,khachhang1780727567487@gmail.com,6a18590b2bc10bb7e5e86483,Arsenal adidas 26/27 White Home Cap,2,640000,3200000,30000,Momo,shipping,Hồ Chí Minh,false,2025-10-02T00:00:00.000Z,2025-10-02T00:00:00.000Z
6a23bf11d8b02e5181455548,6a23bf0fd8b02e5181455353,Phan Công Phúc,khachhang1780727567500@gmail.com,6a1856198db103285a259cd6,Arsenal adidas 26/27 Home Scarf,1,736000,3616000,30000,Banking,delivered,Hồ Chí Minh,false,2025-10-02T00:00:00.000Z,2025-10-02T00:00:00.000Z
6a23bf11d8b02e5181455548,6a23bf0fd8b02e5181455353,Phan Công Phúc,khachhang1780727567500@gmail.com,6a1856198db103285a259cac,Arsenal adidas 26/27 Authentic Home Shorts,2,1440000,3616000,30000,Banking,delivered,Hồ Chí Minh,false,2025-10-02T00:00:00.000Z,2025-10-02T00:00:00.000Z
6a23bf11d8b02e518145554b,6a23bf0fd8b02e518145534b,Đặng Ngọc Bảo,khachhang1780727567492@gmail.com,6a1856198db103285a259cd6,Arsenal adidas 26/27 Home Scarf,2,736000,1472000,0,Momo,delivered,Đà Nẵng,false,2025-10-02T00:00:00.000Z,2025-10-02T00:00:00.000Z
6a23bf11d8b02e518145554d,6a23bf0fd8b02e5181455352,Phạm Đình Thành,khachhang1780727567499@gmail.com,6a18590b2bc10bb7e5e8645a,Arsenal adidas 26/27 Home Shorts,1,1216000,1216000,0,VNPay,cancelled,Hà Nội,false,2025-10-02T00:00:00.000Z,2025-10-02T00:00:00.000Z
6a23bf11d8b02e518145554f,6a23bf0fd8b02e5181455351,Lý Thúy Trang,khachhang1780727567498@gmail.com,6a1850eb1a7b2fdb0ae873a2,Áo Đấu Sân Nhà Arsenal 25/26 Nữ,1,2200000,2200000,30000,Momo,shipping,Đà Nẵng,false,2025-10-02T00:00:00.000Z,2025-10-02T00:00:00.000Z
6a23bf11d8b02e5181455551,6a23bf0fd8b02e5181455356,Vũ Công Hùng,khachhang1780727567503@gmail.com,6a1850eb1a7b2fdb0ae873b7,Găng Tay Thủ Môn Arsenal Predator 25/26,1,1500000,1500000,0,VNPay,shipping,Hà Nội,false,2025-10-03T00:00:00.000Z,2025-10-03T00:00:00.000Z
6a23bf11d8b02e5181455553,6a23bf0fd8b02e518145534c,Võ Đức Cường,khachhang1780727567493@gmail.com,6a1856198db103285a259cfa,Arsenal adidas 25/26 Away Shorts,1,1216000,1856000,30000,Momo,shipping,Đà Nẵng,false,2025-10-03T00:00:00.000Z,2025-10-03T00:00:00.000Z
6a23bf11d8b02e5181455553,6a23bf0fd8b02e518145534c,Võ Đức Cường,khachhang1780727567493@gmail.com,6a18590b2bc10bb7e5e86479,Arsenal adidas 26/27 Home Football Size 5,1,640000,1856000,30000,Momo,shipping,Đà Nẵng,false,2025-10-03T00:00:00.000Z,2025-10-03T00:00:00.000Z
6a23bf11d8b02e5181455556,6a23bf0fd8b02e5181455356,Vũ Công Hùng,khachhang1780727567503@gmail.com,6a1856198db103285a259c9d,Arsenal adidas 26/27 Home Long Sleeved Shirt,2,2880000,6496000,0,COD,delivered,Hà Nội,false,2025-10-03T00:00:00.000Z,2025-10-03T00:00:00.000Z
6a23bf11d8b02e5181455556,6a23bf0fd8b02e5181455356,Vũ Công Hùng,khachhang1780727567503@gmail.com,6a1856198db103285a259ce5,Arsenal adidas 26/27 Home Beanie,1,736000,6496000,0,COD,delivered,Hà Nội,false,2025-10-03T00:00:00.000Z,2025-10-03T00:00:00.000Z
6a23bf11d8b02e5181455559,6a23bf0fd8b02e518145534f,Vũ Lan Linh,khachhang1780727567496@gmail.com,6a18590b2bc10bb7e5e864a0,Arsenal adidas 25/26 Third Shirt,1,2720000,4640000,0,Banking,delivered,Hồ Chí Minh,false,2025-10-03T00:00:00.000Z,2025-10-03T00:00:00.000Z
6a23bf11d8b02e5181455559,6a23bf0fd8b02e518145534f,Vũ Lan Linh,khachhang1780727567496@gmail.com,6a18590b2bc10bb7e5e86449,Arsenal adidas Kids 26/27 Home Shirt,1,1920000,4640000,0,Banking,delivered,Hồ Chí Minh,false,2025-10-03T00:00:00.000Z,2025-10-03T00:00:00.000Z
6a23bf11d8b02e518145555c,6a23bf0fd8b02e518145534f,Vũ Lan Linh,khachhang1780727567496@gmail.com,6a1850eb1a7b2fdb0ae873b7,Găng Tay Thủ Môn Arsenal Predator 25/26,1,1500000,4220000,30000,Banking,pending,Hồ Chí Minh,false,2025-10-03T00:00:00.000Z,2025-10-03T00:00:00.000Z
6a23bf11d8b02e518145555c,6a23bf0fd8b02e518145534f,Vũ Lan Linh,khachhang1780727567496@gmail.com,6a1856198db103285a259cb8,Arsenal adidas 26/27 Home Goalkeeper Shirt,1,2720000,4220000,30000,Banking,pending,Hồ Chí Minh,false,2025-10-03T00:00:00.000Z,2025-10-03T00:00:00.000Z
6a23bf11d8b02e518145555f,6a23bf0fd8b02e518145534c,Võ Đức Cường,khachhang1780727567493@gmail.com,6a18590b2bc10bb7e5e86479,Arsenal adidas 26/27 Home Football Size 5,1,640000,640000,0,COD,delivered,Đà Nẵng,false,2025-10-04T00:00:00.000Z,2025-10-04T00:00:00.000Z
6a23bf11d8b02e5181455561,6a23bf0fd8b02e5181455352,Phạm Đình Thành,khachhang1780727567499@gmail.com,6a18590b2bc10bb7e5e86479,Arsenal adidas 26/27 Home Football Size 5,2,640000,1280000,30000,VNPay,shipping,Hà Nội,false,2025-10-04T00:00:00.000Z,2025-10-04T00:00:00.000Z
6a23bf11d8b02e5181455563,6a23bf0fd8b02e518145534c,Võ Đức Cường,khachhang1780727567493@gmail.com,6a1850eb1a7b2fdb0ae873ab,Áo Hoodie Arsenal Essentials 25/26,1,1900000,4460000,0,COD,delivered,Đà Nẵng,false,2025-10-04T00:00:00.000Z,2025-10-04T00:00:00.000Z
6a23bf11d8b02e5181455563,6a23bf0fd8b02e518145534c,Võ Đức Cường,khachhang1780727567493@gmail.com,6a1856198db103285a259ca3,Arsenal adidas 26/27 Home Baby Kit,2,1280000,4460000,0,COD,delivered,Đà Nẵng,false,2025-10-04T00:00:00.000Z,2025-10-04T00:00:00.000Z
6a23bf11d8b02e5181455566,6a23bf0fd8b02e5181455348,Võ Bích Hà,khachhang1780727567489@gmail.com,6a1856198db103285a259d12,Arsenal adidas 25/26 Third Authentic Alternate Shorts,2,1440000,3616000,0,Momo,delivered,Đà Nẵng,false,2025-10-04T00:00:00.000Z,2025-10-04T00:00:00.000Z
6a23bf11d8b02e5181455566,6a23bf0fd8b02e5181455348,Võ Bích Hà,khachhang1780727567489@gmail.com,6a1856198db103285a259cd6,Arsenal adidas 26/27 Home Scarf,1,736000,3616000,0,Momo,delivered,Đà Nẵng,false,2025-10-04T00:00:00.000Z,2025-10-04T00:00:00.000Z
6a23bf11d8b02e5181455569,6a23bf0fd8b02e5181455355,Ngô Thu Hà,khachhang1780727567502@gmail.com,6a18590b2bc10bb7e5e8645a,Arsenal adidas 26/27 Home Shorts,1,1216000,1216000,0,Banking,shipping,Đà Nẵng,false,2025-10-04T00:00:00.000Z,2025-10-04T00:00:00.000Z
6a23bf11d8b02e518145556b,6a23bf0fd8b02e5181455352,Phạm Đình Thành,khachhang1780727567499@gmail.com,6a1856198db103285a259c97,Arsenal adidas 26/27 Authentic Home Long Sleeved Shirt,1,4160000,4160000,0,Momo,pending,Hà Nội,false,2025-10-04T00:00:00.000Z,2025-10-04T00:00:00.000Z
6a23bf11d8b02e518145556d,6a23bf0fd8b02e5181455347,Phạm Đức Thành,khachhang1780727567488@gmail.com,6a18590b2bc10bb7e5e86496,Arsenal adidas Kids 25/26 Away Shorts,1,960000,2560000,30000,VNPay,cancelled,Hà Nội,false,2025-10-04T00:00:00.000Z,2025-10-04T00:00:00.000Z
6a23bf11d8b02e518145556d,6a23bf0fd8b02e5181455347,Phạm Đức Thành,khachhang1780727567488@gmail.com,6a1850eb1a7b2fdb0ae873ae,Quần Tập Luyện Arsenal 25/26 – Training Pants,1,1600000,2560000,30000,VNPay,cancelled,Hà Nội,false,2025-10-04T00:00:00.000Z,2025-10-04T00:00:00.000Z
6a23bf11d8b02e5181455570,6a23bf0fd8b02e518145534a,Lý Thanh Linh,khachhang1780727567491@gmail.com,6a1856198db103285a259d15,Arsenal adidas Kids 25/26 Third Goalkeeper Shirt,1,1920000,2656000,0,Momo,delivered,Hồ Chí Minh,false,2025-10-04T00:00:00.000Z,2025-10-04T00:00:00.000Z
6a23bf11d8b02e5181455570,6a23bf0fd8b02e518145534a,Lý Thanh Linh,khachhang1780727567491@gmail.com,6a1856198db103285a259ce2,Arsenal adidas 26/27 Home Knitted Gloves,1,736000,2656000,0,Momo,delivered,Hồ Chí Minh,false,2025-10-04T00:00:00.000Z,2025-10-04T00:00:00.000Z
6a23bf11d8b02e5181455573,6a23bf0fd8b02e5181455351,Lý Thúy Trang,khachhang1780727567498@gmail.com,6a1856198db103285a259cdf,Arsenal adidas 26/27 Home Water Bottle,1,320000,5760000,30000,COD,delivered,Đà Nẵng,false,2025-10-04T00:00:00.000Z,2025-10-04T00:00:00.000Z
6a23bf11d8b02e5181455573,6a23bf0fd8b02e5181455351,Lý Thúy Trang,khachhang1780727567498@gmail.com,6a1856198db103285a259cb8,Arsenal adidas 26/27 Home Goalkeeper Shirt,2,2720000,5760000,30000,COD,delivered,Đà Nẵng,false,2025-10-04T00:00:00.000Z,2025-10-04T00:00:00.000Z
6a23bf11d8b02e5181455576,6a23bf0fd8b02e518145534e,Đỗ Hữu Khoa,khachhang1780727567495@gmail.com,6a18590b2bc10bb7e5e86463,Arsenal adidas 26/27 Home Socks,1,640000,4480000,30000,COD,delivered,Hà Nội,false,2025-10-05T00:00:00.000Z,2025-10-05T00:00:00.000Z
6a23bf11d8b02e5181455576,6a23bf0fd8b02e518145534e,Đỗ Hữu Khoa,khachhang1780727567495@gmail.com,6a18590b2bc10bb7e5e86449,Arsenal adidas Kids 26/27 Home Shirt,2,1920000,4480000,30000,COD,delivered,Hà Nội,false,2025-10-05T00:00:00.000Z,2025-10-05T00:00:00.000Z
6a23bf11d8b02e5181455579,6a23bf0fd8b02e5181455351,Lý Thúy Trang,khachhang1780727567498@gmail.com,6a1856198db103285a259d03,Arsenal adidas Kids 25/26 Third Shirt,1,1920000,3840000,0,VNPay,shipping,Đà Nẵng,false,2025-10-05T00:00:00.000Z,2025-10-05T00:00:00.000Z
6a23bf11d8b02e5181455579,6a23bf0fd8b02e5181455351,Lý Thúy Trang,khachhang1780727567498@gmail.com,6a18590b2bc10bb7e5e86496,Arsenal adidas Kids 25/26 Away Shorts,2,960000,3840000,0,VNPay,shipping,Đà Nẵng,false,2025-10-05T00:00:00.000Z,2025-10-05T00:00:00.000Z
6a23bf11d8b02e518145557c,6a23bf0fd8b02e5181455354,Dương Công Long,khachhang1780727567501@gmail.com,6a1856198db103285a259d09,Arsenal adidas 25/26 Third Mini Kit,2,1600000,3200000,0,VNPay,delivered,Hồ Chí Minh,false,2025-10-05T00:00:00.000Z,2025-10-05T00:00:00.000Z
6a23bf11d8b02e518145557e,6a23bf0fd8b02e5181455352,Phạm Đình Thành,khachhang1780727567499@gmail.com,6a1850eb1a7b2fdb0ae873ae,Quần Tập Luyện Arsenal 25/26 – Training Pants,1,1600000,1600000,0,VNPay,pending,Hà Nội,false,2025-10-05T00:00:00.000Z,2025-10-05T00:00:00.000Z
6a23bf11d8b02e5181455580,6a23bf0fd8b02e5181455348,Võ Bích Hà,khachhang1780727567489@gmail.com,6a1856198db103285a259c91,Arsenal adidas 26/27 Home Mini Kit,2,1600000,4480000,30000,VNPay,shipping,Đà Nẵng,false,2025-10-05T00:00:00.000Z,2025-10-05T00:00:00.000Z
6a23bf11d8b02e5181455580,6a23bf0fd8b02e5181455348,Võ Bích Hà,khachhang1780727567489@gmail.com,6a1856198db103285a259ccd,Arsenal adidas 26/27 Red Backpack,1,1280000,4480000,30000,VNPay,shipping,Đà Nẵng,false,2025-10-05T00:00:00.000Z,2025-10-05T00:00:00.000Z
6a23bf11d8b02e5181455583,6a23bf0fd8b02e5181455356,Vũ Công Hùng,khachhang1780727567503@gmail.com,6a1856198db103285a259cbe,Arsenal adidas 26/27 Home Goalkeeper Shorts,1,1216000,1216000,30000,Momo,cancelled,Hà Nội,false,2025-10-05T00:00:00.000Z,2025-10-05T00:00:00.000Z
6a23bf11d8b02e5181455585,6a23bf0fd8b02e518145534f,Vũ Lan Linh,khachhang1780727567496@gmail.com,6a1850eb1a7b2fdb0ae873ab,Áo Hoodie Arsenal Essentials 25/26,2,1900000,4440000,0,VNPay,cancelled,Hồ Chí Minh,false,2025-10-05T00:00:00.000Z,2025-10-05T00:00:00.000Z
6a23bf11d8b02e5181455585,6a23bf0fd8b02e518145534f,Vũ Lan Linh,khachhang1780727567496@gmail.com,6a1856198db103285a259d18,Arsenal adidas 25/26 Third Socks,1,640000,4440000,0,VNPay,cancelled,Hồ Chí Minh,false,2025-10-05T00:00:00.000Z,2025-10-05T00:00:00.000Z
6a23bf11d8b02e5181455588,6a23bf0fd8b02e5181455354,Dương Công Long,khachhang1780727567501@gmail.com,6a18590b2bc10bb7e5e8648c,Arsenal adidas 25/26 Away Shirt,1,2720000,2720000,30000,Banking,pending,Hồ Chí Minh,false,2025-10-06T00:00:00.000Z,2025-10-06T00:00:00.000Z
6a23bf11d8b02e518145558a,6a23bf0fd8b02e5181455351,Lý Thúy Trang,khachhang1780727567498@gmail.com,6a18590b2bc10bb7e5e86443,Arsenal adidas 26/27 Home Shirt,2,2720000,5440000,30000,Momo,cancelled,Đà Nẵng,false,2025-10-06T00:00:00.000Z,2025-10-06T00:00:00.000Z
6a23bf11d8b02e518145558c,6a23bf0fd8b02e5181455346,Võ Hải Đạt,khachhang1780727567487@gmail.com,6a18590b2bc10bb7e5e86443,Arsenal adidas 26/27 Home Shirt,1,2720000,2720000,30000,Momo,delivered,Hồ Chí Minh,false,2025-10-06T00:00:00.000Z,2025-10-06T00:00:00.000Z
6a23bf11d8b02e518145558e,6a23bf0fd8b02e5181455348,Võ Bích Hà,khachhang1780727567489@gmail.com,6a1850eb1a7b2fdb0ae873a2,Áo Đấu Sân Nhà Arsenal 25/26 Nữ,1,2200000,6600000,30000,VNPay,delivered,Đà Nẵng,false,2025-10-06T00:00:00.000Z,2025-10-06T00:00:00.000Z
6a23bf11d8b02e518145558e,6a23bf0fd8b02e5181455348,Võ Bích Hà,khachhang1780727567489@gmail.com,6a1850eb1a7b2fdb0ae87399,Áo Đấu Sân Khách Arsenal 25/26 – Fan Version,2,2200000,6600000,30000,VNPay,delivered,Đà Nẵng,false,2025-10-06T00:00:00.000Z,2025-10-06T00:00:00.000Z
6a23bf11d8b02e5181455591,6a23bf0fd8b02e5181455349,Võ Mỹ Trang,khachhang1780727567490@gmail.com,6a18590b2bc10bb7e5e86463,Arsenal adidas 26/27 Home Socks,2,640000,1280000,30000,Momo,delivered,Hồ Chí Minh,false,2025-10-06T00:00:00.000Z,2025-10-06T00:00:00.000Z
6a23bf11d8b02e5181455593,6a23bf0fd8b02e5181455351,Lý Thúy Trang,khachhang1780727567498@gmail.com,6a1850eb1a7b2fdb0ae873a2,Áo Đấu Sân Nhà Arsenal 25/26 Nữ,2,2200000,4400000,0,VNPay,pending,Đà Nẵng,false,2025-10-06T00:00:00.000Z,2025-10-06T00:00:00.000Z
6a23bf11d8b02e5181455595,6a23bf0fd8b02e5181455357,Hồ Hải Đạt,khachhang1780727567504@gmail.com,6a1856198db103285a259d12,Arsenal adidas 25/26 Third Authentic Alternate Shorts,1,1440000,3040000,30000,Banking,shipping,Hà Nội,false,2025-10-07T00:00:00.000Z,2025-10-07T00:00:00.000Z
6a23bf11d8b02e5181455595,6a23bf0fd8b02e5181455357,Hồ Hải Đạt,khachhang1780727567504@gmail.com,6a1856198db103285a259d09,Arsenal adidas 25/26 Third Mini Kit,1,1600000,3040000,30000,Banking,shipping,Hà Nội,false,2025-10-07T00:00:00.000Z,2025-10-07T00:00:00.000Z
6a23bf11d8b02e5181455598,6a23bf0fd8b02e518145534d,Đặng Hải Tuấn,khachhang1780727567494@gmail.com,6a1856198db103285a259c91,Arsenal adidas 26/27 Home Mini Kit,2,1600000,3200000,30000,Momo,delivered,Hồ Chí Minh,false,2025-10-07T00:00:00.000Z,2025-10-07T00:00:00.000Z
6a23bf11d8b02e518145559a,6a23bf0fd8b02e5181455354,Dương Công Long,khachhang1780727567501@gmail.com,6a1850ea1a7b2fdb0ae87393,Áo Đấu Sân Nhà Arsenal 25/26 – Authentic,2,3000000,11440000,30000,Momo,pending,Hồ Chí Minh,false,2025-10-07T00:00:00.000Z,2025-10-07T00:00:00.000Z
6a23bf11d8b02e518145559a,6a23bf0fd8b02e5181455354,Dương Công Long,khachhang1780727567501@gmail.com,6a18590b2bc10bb7e5e86446,Arsenal adidas Womens 26/27 Home Shirt,2,2720000,11440000,30000,Momo,pending,Hồ Chí Minh,false,2025-10-07T00:00:00.000Z,2025-10-07T00:00:00.000Z
6a23bf11d8b02e518145559d,6a23bf0fd8b02e5181455358,Lý Thúy Yến,khachhang1780727567505@gmail.com,6a1856198db103285a259caf,Arsenal adidas 26/27 Authentic Alternate Home Shorts,2,1440000,2880000,30000,Momo,delivered,Hồ Chí Minh,false,2025-10-07T00:00:00.000Z,2025-10-07T00:00:00.000Z
6a23bf11d8b02e518145559f,6a23bf0fd8b02e5181455357,Hồ Hải Đạt,khachhang1780727567504@gmail.com,69ec674e7fb179301d9a2db9,Mũ Lưỡi Trai Arsenal,1,450000,450000,30000,Banking,delivered,Hà Nội,false,2025-10-07T00:00:00.000Z,2025-10-07T00:00:00.000Z
6a23bf11d8b02e51814555a1,6a23bf0fd8b02e518145534d,Đặng Hải Tuấn,khachhang1780727567494@gmail.com,6a1856198db103285a259c85,Arsenal adidas Kids 26/27 Authentic Home Shirt,2,2560000,5120000,0,COD,pending,Hồ Chí Minh,false,2025-10-08T00:00:00.000Z,2025-10-08T00:00:00.000Z
6a23bf11d8b02e51814555a3,6a23bf0fd8b02e518145534d,Đặng Hải Tuấn,khachhang1780727567494@gmail.com,6a18590b2bc10bb7e5e86443,Arsenal adidas 26/27 Home Shirt,1,2720000,4000000,0,VNPay,pending,Hồ Chí Minh,false,2025-10-09T00:00:00.000Z,2025-10-09T00:00:00.000Z
6a23bf11d8b02e51814555a3,6a23bf0fd8b02e518145534d,Đặng Hải Tuấn,khachhang1780727567494@gmail.com,6a18590b2bc10bb7e5e86480,Arsenal adidas 26/27 Red Home Cap,2,640000,4000000,0,VNPay,pending,Hồ Chí Minh,false,2025-10-09T00:00:00.000Z,2025-10-09T00:00:00.000Z
6a23bf11d8b02e51814555a6,6a23bf0fd8b02e5181455354,Dương Công Long,khachhang1780727567501@gmail.com,69ec674e7fb179301d9a2db6,Tất sân nhà Arsenal 2025-2026,2,750000,5660000,30000,VNPay,pending,Hồ Chí Minh,false,2025-10-10T00:00:00.000Z,2025-10-10T00:00:00.000Z
6a23bf11d8b02e51814555a6,6a23bf0fd8b02e5181455354,Dương Công Long,khachhang1780727567501@gmail.com,6a1856198db103285a259c97,Arsenal adidas 26/27 Authentic Home Long Sleeved Shirt,1,4160000,5660000,30000,VNPay,pending,Hồ Chí Minh,false,2025-10-10T00:00:00.000Z,2025-10-10T00:00:00.000Z
6a23bf11d8b02e51814555a9,6a23bf0fd8b02e5181455350,Nguyễn Thị Anh,khachhang1780727567497@gmail.com,6a1856198db103285a259ceb,Arsenal adidas 25/26 Away Mini Kit,2,1600000,10880000,0,VNPay,delivered,Hà Nội,false,2025-10-11T00:00:00.000Z,2025-10-11T00:00:00.000Z
6a23bf11d8b02e51814555a9,6a23bf0fd8b02e5181455350,Nguyễn Thị Anh,khachhang1780727567497@gmail.com,6a18590b2bc10bb7e5e86491,Arsenal adidas 25/26 Authentic Away Shirt,2,3840000,10880000,0,VNPay,delivered,Hà Nội,false,2025-10-11T00:00:00.000Z,2025-10-11T00:00:00.000Z
6a23bf11d8b02e51814555ac,6a23bf0fd8b02e518145534a,Lý Thanh Linh,khachhang1780727567491@gmail.com,6a1856198db103285a259cc4,Arsenal adidas 26/27 Home Goalkeeper Socks,2,640000,1280000,30000,Momo,cancelled,Hồ Chí Minh,false,2025-10-12T00:00:00.000Z,2025-10-12T00:00:00.000Z
6a23bf11d8b02e51814555ae,6a23bf0fd8b02e518145534b,Đặng Ngọc Bảo,khachhang1780727567492@gmail.com,6a1856198db103285a259cd3,Arsenal adidas 26/27 Mini Home Football Size 1,2,480000,2560000,30000,Momo,delivered,Đà Nẵng,false,2025-10-13T00:00:00.000Z,2025-10-13T00:00:00.000Z
6a23bf11d8b02e51814555ae,6a23bf0fd8b02e518145534b,Đặng Ngọc Bảo,khachhang1780727567492@gmail.com,6a1850eb1a7b2fdb0ae873ae,Quần Tập Luyện Arsenal 25/26 – Training Pants,1,1600000,2560000,30000,Momo,delivered,Đà Nẵng,false,2025-10-13T00:00:00.000Z,2025-10-13T00:00:00.000Z
6a23bf11d8b02e51814555b1,6a23bf0fd8b02e5181455350,Nguyễn Thị Anh,khachhang1780727567497@gmail.com,6a1856198db103285a259c82,Arsenal adidas Womens 26/27 Authentic Home Shirt,2,3840000,10240000,0,Banking,delivered,Hà Nội,false,2025-10-13T00:00:00.000Z,2025-10-13T00:00:00.000Z
6a23bf11d8b02e51814555b1,6a23bf0fd8b02e5181455350,Nguyễn Thị Anh,khachhang1780727567497@gmail.com,6a1856198db103285a259ccd,Arsenal adidas 26/27 Red Backpack,2,1280000,10240000,0,Banking,delivered,Hà Nội,false,2025-10-13T00:00:00.000Z,2025-10-13T00:00:00.000Z
6a23bf11d8b02e51814555b4,6a23bf0fd8b02e5181455353,Phan Công Phúc,khachhang1780727567500@gmail.com,6a1856198db103285a259cf1,Arsenal adidas Kids 25/26 Away Shirt,2,1920000,5120000,0,VNPay,delivered,Hồ Chí Minh,false,2025-10-14T00:00:00.000Z,2025-10-14T00:00:00.000Z
6a23bf11d8b02e51814555b4,6a23bf0fd8b02e5181455353,Phan Công Phúc,khachhang1780727567500@gmail.com,6a1856198db103285a259d18,Arsenal adidas 25/26 Third Socks,2,640000,5120000,0,VNPay,delivered,Hồ Chí Minh,false,2025-10-14T00:00:00.000Z,2025-10-14T00:00:00.000Z
6a23bf11d8b02e51814555b7,6a23bf0fd8b02e518145534a,Lý Thanh Linh,khachhang1780727567491@gmail.com,6a1856198db103285a259d18,Arsenal adidas 25/26 Third Socks,1,640000,640000,30000,Banking,delivered,Hồ Chí Minh,false,2025-10-15T00:00:00.000Z,2025-10-15T00:00:00.000Z
6a23bf11d8b02e51814555b9,6a23bf0fd8b02e518145534b,Đặng Ngọc Bảo,khachhang1780727567492@gmail.com,6a1850eb1a7b2fdb0ae873b1,Balo Arsenal FC 25/26 – Backpack,2,1200000,3040000,30000,VNPay,delivered,Đà Nẵng,false,2025-10-16T00:00:00.000Z,2025-10-16T00:00:00.000Z
6a23bf11d8b02e51814555b9,6a23bf0fd8b02e518145534b,Đặng Ngọc Bảo,khachhang1780727567492@gmail.com,6a1856198db103285a259cdf,Arsenal adidas 26/27 Home Water Bottle,2,320000,3040000,30000,VNPay,delivered,Đà Nẵng,false,2025-10-16T00:00:00.000Z,2025-10-16T00:00:00.000Z
6a23bf11d8b02e51814555bc,6a23bf0fd8b02e518145534f,Vũ Lan Linh,khachhang1780727567496@gmail.com,6a1856198db103285a259cb5,Arsenal adidas Kids 26/27 Home Socks,1,512000,512000,0,Banking,pending,Hồ Chí Minh,false,2025-10-16T00:00:00.000Z,2025-10-16T00:00:00.000Z
6a23bf11d8b02e51814555be,6a23bf0fd8b02e5181455356,Vũ Công Hùng,khachhang1780727567503@gmail.com,6a1856198db103285a259d12,Arsenal adidas 25/26 Third Authentic Alternate Shorts,2,1440000,2880000,30000,Momo,shipping,Hà Nội,false,2025-10-17T00:00:00.000Z,2025-10-17T00:00:00.000Z
6a23bf11d8b02e51814555c0,6a23bf0fd8b02e5181455347,Phạm Đức Thành,khachhang1780727567488@gmail.com,6a18590b2bc10bb7e5e8643c,Arsenal adidas 26/27 Authentic Home Shirt,1,3840000,3840000,0,Momo,cancelled,Hà Nội,false,2025-10-18T00:00:00.000Z,2025-10-18T00:00:00.000Z
6a23bf11d8b02e51814555c2,6a23bf0fd8b02e518145534f,Vũ Lan Linh,khachhang1780727567496@gmail.com,6a18590b2bc10bb7e5e86483,Arsenal adidas 26/27 White Home Cap,1,640000,640000,30000,Banking,delivered,Hồ Chí Minh,false,2025-10-18T00:00:00.000Z,2025-10-18T00:00:00.000Z
6a23bf11d8b02e51814555c4,6a23bf0fd8b02e518145534a,Lý Thanh Linh,khachhang1780727567491@gmail.com,6a1856198db103285a259c9d,Arsenal adidas 26/27 Home Long Sleeved Shirt,1,2880000,8320000,0,VNPay,delivered,Hồ Chí Minh,false,2025-10-18T00:00:00.000Z,2025-10-18T00:00:00.000Z
6a23bf11d8b02e51814555c4,6a23bf0fd8b02e518145534a,Lý Thanh Linh,khachhang1780727567491@gmail.com,6a1856198db103285a259cb8,Arsenal adidas 26/27 Home Goalkeeper Shirt,2,2720000,8320000,0,VNPay,delivered,Hồ Chí Minh,false,2025-10-18T00:00:00.000Z,2025-10-18T00:00:00.000Z
6a23bf11d8b02e51814555c7,6a23bf0fd8b02e518145534e,Đỗ Hữu Khoa,khachhang1780727567495@gmail.com,6a1850eb1a7b2fdb0ae873a5,Áo Tập Arsenal 25/26 – Training Jersey,2,1800000,3600000,30000,COD,pending,Hà Nội,false,2025-10-18T00:00:00.000Z,2025-10-18T00:00:00.000Z
6a23bf11d8b02e51814555c9,6a23bf0fd8b02e5181455352,Phạm Đình Thành,khachhang1780727567499@gmail.com,6a1856198db103285a259d03,Arsenal adidas Kids 25/26 Third Shirt,2,1920000,3840000,30000,Banking,cancelled,Hà Nội,false,2025-10-18T00:00:00.000Z,2025-10-18T00:00:00.000Z
6a23bf11d8b02e51814555cb,6a23bf0fd8b02e5181455358,Lý Thúy Yến,khachhang1780727567505@gmail.com,6a18590b2bc10bb7e5e8645a,Arsenal adidas 26/27 Home Shorts,1,1216000,1216000,30000,Banking,delivered,Hồ Chí Minh,false,2025-10-18T00:00:00.000Z,2025-10-18T00:00:00.000Z
6a23bf11d8b02e51814555cd,6a23bf0fd8b02e5181455357,Hồ Hải Đạt,khachhang1780727567504@gmail.com,6a1850eb1a7b2fdb0ae873ba,Bóng Đá Arsenal FC adidas 25/26,2,800000,5760000,30000,COD,cancelled,Hà Nội,false,2025-10-18T00:00:00.000Z,2025-10-18T00:00:00.000Z
6a23bf11d8b02e51814555cd,6a23bf0fd8b02e5181455357,Hồ Hải Đạt,khachhang1780727567504@gmail.com,6a1856198db103285a259cbb,Arsenal adidas Kids 26/27 Long Sleeved Home Goalkeeper Shirt,2,2080000,5760000,30000,COD,cancelled,Hà Nội,false,2025-10-18T00:00:00.000Z,2025-10-18T00:00:00.000Z
6a23bf11d8b02e51814555d0,6a23bf0fd8b02e518145534d,Đặng Hải Tuấn,khachhang1780727567494@gmail.com,6a1856198db103285a259c85,Arsenal adidas Kids 26/27 Authentic Home Shirt,2,2560000,5120000,0,Banking,delivered,Hồ Chí Minh,false,2025-10-18T00:00:00.000Z,2025-10-18T00:00:00.000Z
6a23bf11d8b02e51814555d2,6a23bf0fd8b02e5181455354,Dương Công Long,khachhang1780727567501@gmail.com,6a1850eb1a7b2fdb0ae873a2,Áo Đấu Sân Nhà Arsenal 25/26 Nữ,1,2200000,2936000,0,Banking,delivered,Hồ Chí Minh,false,2025-10-18T00:00:00.000Z,2025-10-18T00:00:00.000Z
6a23bf11d8b02e51814555d2,6a23bf0fd8b02e5181455354,Dương Công Long,khachhang1780727567501@gmail.com,6a1856198db103285a259ce2,Arsenal adidas 26/27 Home Knitted Gloves,1,736000,2936000,0,Banking,delivered,Hồ Chí Minh,false,2025-10-18T00:00:00.000Z,2025-10-18T00:00:00.000Z
6a23bf11d8b02e51814555d5,6a23bf0fd8b02e5181455352,Phạm Đình Thành,khachhang1780727567499@gmail.com,6a1850eb1a7b2fdb0ae873b4,Mũ Bóng Chày Arsenal FC 25/26 – Cap,1,600000,1112000,0,COD,shipping,Hà Nội,false,2025-10-19T00:00:00.000Z,2025-10-19T00:00:00.000Z
6a23bf11d8b02e51814555d5,6a23bf0fd8b02e5181455352,Phạm Đình Thành,khachhang1780727567499@gmail.com,6a18590b2bc10bb7e5e86499,Arsenal adidas Kids 25/26 Away Socks,1,512000,1112000,0,COD,shipping,Hà Nội,false,2025-10-19T00:00:00.000Z,2025-10-19T00:00:00.000Z
6a23bf11d8b02e51814555d8,6a23bf0fd8b02e518145534a,Lý Thanh Linh,khachhang1780727567491@gmail.com,6a1850eb1a7b2fdb0ae873a2,Áo Đấu Sân Nhà Arsenal 25/26 Nữ,2,2200000,4400000,30000,Banking,pending,Hồ Chí Minh,false,2025-10-19T00:00:00.000Z,2025-10-19T00:00:00.000Z
6a23bf11d8b02e51814555da,6a23bf0fd8b02e5181455355,Ngô Thu Hà,khachhang1780727567502@gmail.com,6a18590b2bc10bb7e5e86463,Arsenal adidas 26/27 Home Socks,2,640000,1280000,30000,Banking,delivered,Đà Nẵng,false,2025-10-19T00:00:00.000Z,2025-10-19T00:00:00.000Z
6a23bf11d8b02e51814555dc,6a23bf0fd8b02e5181455355,Ngô Thu Hà,khachhang1780727567502@gmail.com,6a1856198db103285a259d0c,Arsenal 25/26 Third Goalkeeper Shirt,2,1632000,10944000,30000,VNPay,pending,Đà Nẵng,false,2025-10-19T00:00:00.000Z,2025-10-19T00:00:00.000Z
6a23bf11d8b02e51814555dc,6a23bf0fd8b02e5181455355,Ngô Thu Hà,khachhang1780727567502@gmail.com,6a18590b2bc10bb7e5e86491,Arsenal adidas 25/26 Authentic Away Shirt,2,3840000,10944000,30000,VNPay,pending,Đà Nẵng,false,2025-10-19T00:00:00.000Z,2025-10-19T00:00:00.000Z
6a23bf11d8b02e51814555df,6a23bf0fd8b02e5181455356,Vũ Công Hùng,khachhang1780727567503@gmail.com,6a1856198db103285a259d12,Arsenal adidas 25/26 Third Authentic Alternate Shorts,1,1440000,2400000,30000,COD,pending,Hà Nội,false,2025-10-19T00:00:00.000Z,2025-10-19T00:00:00.000Z
6a23bf11d8b02e51814555df,6a23bf0fd8b02e5181455356,Vũ Công Hùng,khachhang1780727567503@gmail.com,6a1856198db103285a259d0f,Arsenal adidas Kids 25/26 Third Shorts,1,960000,2400000,30000,COD,pending,Hà Nội,false,2025-10-19T00:00:00.000Z,2025-10-19T00:00:00.000Z
6a23bf11d8b02e51814555e2,6a23bf0fd8b02e5181455348,Võ Bích Hà,khachhang1780727567489@gmail.com,6a1850ea1a7b2fdb0ae87396,Áo Đấu Sân Nhà Arsenal 25/26 – Fan Version,2,2200000,4400000,30000,Momo,cancelled,Đà Nẵng,false,2025-10-19T00:00:00.000Z,2025-10-19T00:00:00.000Z
6a23bf11d8b02e51814555e4,6a23bf0fd8b02e5181455352,Phạm Đình Thành,khachhang1780727567499@gmail.com,6a1856198db103285a259cf1,Arsenal adidas Kids 25/26 Away Shirt,1,1920000,1920000,0,Banking,pending,Hà Nội,false,2025-10-19T00:00:00.000Z,2025-10-19T00:00:00.000Z
6a23bf11d8b02e51814555e6,6a23bf0fd8b02e5181455354,Dương Công Long,khachhang1780727567501@gmail.com,6a1856198db103285a259cb8,Arsenal adidas 26/27 Home Goalkeeper Shirt,2,2720000,8320000,30000,COD,delivered,Hồ Chí Minh,false,2025-10-19T00:00:00.000Z,2025-10-19T00:00:00.000Z
6a23bf11d8b02e51814555e6,6a23bf0fd8b02e5181455354,Dương Công Long,khachhang1780727567501@gmail.com,6a1856198db103285a259d12,Arsenal adidas 25/26 Third Authentic Alternate Shorts,2,1440000,8320000,30000,COD,delivered,Hồ Chí Minh,false,2025-10-19T00:00:00.000Z,2025-10-19T00:00:00.000Z
6a23bf11d8b02e51814555e9,6a23bf0fd8b02e5181455357,Hồ Hải Đạt,khachhang1780727567504@gmail.com,6a1856198db103285a259d12,Arsenal adidas 25/26 Third Authentic Alternate Shorts,2,1440000,4800000,30000,Banking,cancelled,Hà Nội,false,2025-10-20T00:00:00.000Z,2025-10-20T00:00:00.000Z
6a23bf11d8b02e51814555e9,6a23bf0fd8b02e5181455357,Hồ Hải Đạt,khachhang1780727567504@gmail.com,6a1856198db103285a259d03,Arsenal adidas Kids 25/26 Third Shirt,1,1920000,4800000,30000,Banking,cancelled,Hà Nội,false,2025-10-20T00:00:00.000Z,2025-10-20T00:00:00.000Z
6a23bf11d8b02e51814555ec,6a23bf0fd8b02e518145534b,Đặng Ngọc Bảo,khachhang1780727567492@gmail.com,6a1856198db103285a259ca9,Arsenal adidas Kids 26/27 Home Shorts,1,960000,5120000,0,Banking,shipping,Đà Nẵng,false,2025-10-20T00:00:00.000Z,2025-10-20T00:00:00.000Z
6a23bf11d8b02e51814555ec,6a23bf0fd8b02e518145534b,Đặng Ngọc Bảo,khachhang1780727567492@gmail.com,6a1856198db103285a259c9a,Arsenal adidas Womens 26/27 Authentic Home Long Sleeved Shirt,1,4160000,5120000,0,Banking,shipping,Đà Nẵng,false,2025-10-20T00:00:00.000Z,2025-10-20T00:00:00.000Z
6a23bf11d8b02e51814555ef,6a23bf0fd8b02e5181455359,Dương Hồng Hà,khachhang1780727567506@gmail.com,6a1850eb1a7b2fdb0ae873ae,Quần Tập Luyện Arsenal 25/26 – Training Pants,2,1600000,10880000,30000,VNPay,delivered,Đà Nẵng,false,2025-10-20T00:00:00.000Z,2025-10-20T00:00:00.000Z
6a23bf11d8b02e51814555ef,6a23bf0fd8b02e5181455359,Dương Hồng Hà,khachhang1780727567506@gmail.com,6a1856198db103285a259c82,Arsenal adidas Womens 26/27 Authentic Home Shirt,2,3840000,10880000,30000,VNPay,delivered,Đà Nẵng,false,2025-10-20T00:00:00.000Z,2025-10-20T00:00:00.000Z
6a23bf11d8b02e51814555f2,6a23bf0fd8b02e5181455348,Võ Bích Hà,khachhang1780727567489@gmail.com,69ec674e7fb179301d9a2db6,Tất sân nhà Arsenal 2025-2026,1,750000,750000,30000,COD,delivered,Đà Nẵng,false,2025-10-20T00:00:00.000Z,2025-10-20T00:00:00.000Z
6a23bf11d8b02e51814555f4,6a23bf0fd8b02e5181455356,Vũ Công Hùng,khachhang1780727567503@gmail.com,6a1856198db103285a259cfd,Arsenal adidas 25/26 Authentic Alternate Away Shorts,1,1440000,1440000,30000,Momo,delivered,Hà Nội,false,2025-10-20T00:00:00.000Z,2025-10-20T00:00:00.000Z
6a23bf11d8b02e51814555f6,6a23bf0fd8b02e5181455355,Ngô Thu Hà,khachhang1780727567502@gmail.com,6a1850eb1a7b2fdb0ae873a8,Áo Khoác Anthem Arsenal Z.N.E. 25/26,2,2300000,4600000,0,VNPay,delivered,Đà Nẵng,false,2025-10-20T00:00:00.000Z,2025-10-20T00:00:00.000Z
6a23bf11d8b02e51814555f8,6a23bf0fd8b02e5181455358,Lý Thúy Yến,khachhang1780727567505@gmail.com,6a1856198db103285a259d0c,Arsenal 25/26 Third Goalkeeper Shirt,2,1632000,6264000,30000,Banking,delivered,Hồ Chí Minh,false,2025-10-21T00:00:00.000Z,2025-10-21T00:00:00.000Z
6a23bf11d8b02e51814555f8,6a23bf0fd8b02e5181455358,Lý Thúy Yến,khachhang1780727567505@gmail.com,6a1850eb1a7b2fdb0ae873b7,Găng Tay Thủ Môn Arsenal Predator 25/26,2,1500000,6264000,30000,Banking,delivered,Hồ Chí Minh,false,2025-10-21T00:00:00.000Z,2025-10-21T00:00:00.000Z
6a23bf11d8b02e51814555fb,6a23bf0fd8b02e5181455352,Phạm Đình Thành,khachhang1780727567499@gmail.com,6a1856198db103285a259cd6,Arsenal adidas 26/27 Home Scarf,1,736000,3168000,30000,Momo,delivered,Hà Nội,false,2025-10-21T00:00:00.000Z,2025-10-21T00:00:00.000Z
6a23bf11d8b02e51814555fb,6a23bf0fd8b02e5181455352,Phạm Đình Thành,khachhang1780727567499@gmail.com,6a18590b2bc10bb7e5e8645a,Arsenal adidas 26/27 Home Shorts,2,1216000,3168000,30000,Momo,delivered,Hà Nội,false,2025-10-21T00:00:00.000Z,2025-10-21T00:00:00.000Z
6a23bf11d8b02e51814555fe,6a23bf0fd8b02e5181455349,Võ Mỹ Trang,khachhang1780727567490@gmail.com,6a1856198db103285a259d09,Arsenal adidas 25/26 Third Mini Kit,2,1600000,3200000,0,COD,delivered,Hồ Chí Minh,false,2025-10-21T00:00:00.000Z,2025-10-21T00:00:00.000Z
6a23bf11d8b02e5181455600,6a23bf0fd8b02e5181455347,Phạm Đức Thành,khachhang1780727567488@gmail.com,6a18590b2bc10bb7e5e86499,Arsenal adidas Kids 25/26 Away Socks,1,512000,3712000,30000,Momo,delivered,Hà Nội,false,2025-10-21T00:00:00.000Z,2025-10-21T00:00:00.000Z
6a23bf11d8b02e5181455600,6a23bf0fd8b02e5181455347,Phạm Đức Thành,khachhang1780727567488@gmail.com,6a1856198db103285a259c91,Arsenal adidas 26/27 Home Mini Kit,2,1600000,3712000,30000,Momo,delivered,Hà Nội,false,2025-10-21T00:00:00.000Z,2025-10-21T00:00:00.000Z
6a23bf11d8b02e5181455603,6a23bf0fd8b02e5181455358,Lý Thúy Yến,khachhang1780727567505@gmail.com,69ec674e7fb179301d9a2db9,Mũ Lưỡi Trai Arsenal,2,450000,6340000,0,Banking,delivered,Hồ Chí Minh,false,2025-10-21T00:00:00.000Z,2025-10-21T00:00:00.000Z
6a23bf11d8b02e5181455603,6a23bf0fd8b02e5181455358,Lý Thúy Yến,khachhang1780727567505@gmail.com,6a18590b2bc10bb7e5e8648c,Arsenal adidas 25/26 Away Shirt,2,2720000,6340000,0,Banking,delivered,Hồ Chí Minh,false,2025-10-21T00:00:00.000Z,2025-10-21T00:00:00.000Z
6a23bf11d8b02e5181455606,6a23bf0fd8b02e5181455358,Lý Thúy Yến,khachhang1780727567505@gmail.com,6a1850eb1a7b2fdb0ae873a5,Áo Tập Arsenal 25/26 – Training Jersey,2,1800000,4240000,0,Momo,delivered,Hồ Chí Minh,false,2025-10-21T00:00:00.000Z,2025-10-21T00:00:00.000Z
6a23bf11d8b02e5181455606,6a23bf0fd8b02e5181455358,Lý Thúy Yến,khachhang1780727567505@gmail.com,6a1856198db103285a259d18,Arsenal adidas 25/26 Third Socks,1,640000,4240000,0,Momo,delivered,Hồ Chí Minh,false,2025-10-21T00:00:00.000Z,2025-10-21T00:00:00.000Z
6a23bf11d8b02e5181455609,6a23bf0fd8b02e5181455359,Dương Hồng Hà,khachhang1780727567506@gmail.com,6a1856198db103285a259d09,Arsenal adidas 25/26 Third Mini Kit,2,1600000,3200000,30000,Banking,shipping,Đà Nẵng,false,2025-10-21T00:00:00.000Z,2025-10-21T00:00:00.000Z
6a23bf11d8b02e518145560b,6a23bf0fd8b02e5181455357,Hồ Hải Đạt,khachhang1780727567504@gmail.com,6a18590b2bc10bb7e5e8643c,Arsenal adidas 26/27 Authentic Home Shirt,1,3840000,3840000,0,Momo,shipping,Hà Nội,false,2025-10-21T00:00:00.000Z,2025-10-21T00:00:00.000Z
6a23bf11d8b02e518145560d,6a23bf0fd8b02e518145534f,Vũ Lan Linh,khachhang1780727567496@gmail.com,6a1850eb1a7b2fdb0ae873a5,Áo Tập Arsenal 25/26 – Training Jersey,1,1800000,1800000,30000,Momo,delivered,Hồ Chí Minh,false,2025-10-22T00:00:00.000Z,2025-10-22T00:00:00.000Z
6a23bf11d8b02e518145560f,6a23bf0fd8b02e5181455353,Phan Công Phúc,khachhang1780727567500@gmail.com,6a1856198db103285a259d06,Arsenal adidas 25/26 Third Shorts,2,1216000,4064000,0,VNPay,cancelled,Hồ Chí Minh,false,2025-10-22T00:00:00.000Z,2025-10-22T00:00:00.000Z
6a23bf11d8b02e518145560f,6a23bf0fd8b02e5181455353,Phan Công Phúc,khachhang1780727567500@gmail.com,6a1856198db103285a259d0c,Arsenal 25/26 Third Goalkeeper Shirt,1,1632000,4064000,0,VNPay,cancelled,Hồ Chí Minh,false,2025-10-22T00:00:00.000Z,2025-10-22T00:00:00.000Z
6a23bf11d8b02e5181455612,6a23bf0fd8b02e518145534d,Đặng Hải Tuấn,khachhang1780727567494@gmail.com,6a1856198db103285a259cd3,Arsenal adidas 26/27 Mini Home Football Size 1,2,480000,8640000,0,COD,pending,Hồ Chí Minh,false,2025-10-22T00:00:00.000Z,2025-10-22T00:00:00.000Z
6a23bf11d8b02e5181455612,6a23bf0fd8b02e518145534d,Đặng Hải Tuấn,khachhang1780727567494@gmail.com,6a18590b2bc10bb7e5e8643c,Arsenal adidas 26/27 Authentic Home Shirt,2,3840000,8640000,0,COD,pending,Hồ Chí Minh,false,2025-10-22T00:00:00.000Z,2025-10-22T00:00:00.000Z
6a23bf11d8b02e5181455615,6a23bf0fd8b02e5181455359,Dương Hồng Hà,khachhang1780727567506@gmail.com,6a1850eb1a7b2fdb0ae873b1,Balo Arsenal FC 25/26 – Backpack,2,1200000,3616000,0,Banking,cancelled,Đà Nẵng,false,2025-10-22T00:00:00.000Z,2025-10-22T00:00:00.000Z
6a23bf11d8b02e5181455615,6a23bf0fd8b02e5181455359,Dương Hồng Hà,khachhang1780727567506@gmail.com,6a1856198db103285a259cfa,Arsenal adidas 25/26 Away Shorts,1,1216000,3616000,0,Banking,cancelled,Đà Nẵng,false,2025-10-22T00:00:00.000Z,2025-10-22T00:00:00.000Z
6a23bf11d8b02e5181455618,6a23bf0fd8b02e5181455357,Hồ Hải Đạt,khachhang1780727567504@gmail.com,6a18590b2bc10bb7e5e8645a,Arsenal adidas 26/27 Home Shorts,2,1216000,2432000,30000,COD,delivered,Hà Nội,false,2025-10-22T00:00:00.000Z,2025-10-22T00:00:00.000Z
6a23bf11d8b02e518145561a,6a23bf0fd8b02e5181455359,Dương Hồng Hà,khachhang1780727567506@gmail.com,6a18590b2bc10bb7e5e86449,Arsenal adidas Kids 26/27 Home Shirt,1,1920000,2432000,30000,COD,delivered,Đà Nẵng,false,2025-10-22T00:00:00.000Z,2025-10-22T00:00:00.000Z
6a23bf11d8b02e518145561a,6a23bf0fd8b02e5181455359,Dương Hồng Hà,khachhang1780727567506@gmail.com,6a1856198db103285a259cc7,Arsenal adidas Kids 26/27 Home Goalkeeper Socks,1,512000,2432000,30000,COD,delivered,Đà Nẵng,false,2025-10-22T00:00:00.000Z,2025-10-22T00:00:00.000Z
6a23bf11d8b02e518145561d,6a23bf0fd8b02e5181455357,Hồ Hải Đạt,khachhang1780727567504@gmail.com,6a1856198db103285a259cc7,Arsenal adidas Kids 26/27 Home Goalkeeper Socks,2,512000,2496000,30000,VNPay,shipping,Hà Nội,false,2025-10-22T00:00:00.000Z,2025-10-22T00:00:00.000Z
6a23bf11d8b02e518145561d,6a23bf0fd8b02e5181455357,Hồ Hải Đạt,khachhang1780727567504@gmail.com,6a1856198db103285a259cd6,Arsenal adidas 26/27 Home Scarf,2,736000,2496000,30000,VNPay,shipping,Hà Nội,false,2025-10-22T00:00:00.000Z,2025-10-22T00:00:00.000Z
6a23bf11d8b02e5181455620,6a23bf0fd8b02e5181455358,Lý Thúy Yến,khachhang1780727567505@gmail.com,6a1856198db103285a259cf1,Arsenal adidas Kids 25/26 Away Shirt,2,1920000,3840000,0,Momo,shipping,Hồ Chí Minh,false,2025-10-23T00:00:00.000Z,2025-10-23T00:00:00.000Z
6a23bf11d8b02e5181455622,6a23bf0fd8b02e5181455359,Dương Hồng Hà,khachhang1780727567506@gmail.com,6a1856198db103285a259ceb,Arsenal adidas 25/26 Away Mini Kit,2,1600000,6200000,0,Momo,cancelled,Đà Nẵng,false,2025-10-23T00:00:00.000Z,2025-10-23T00:00:00.000Z
6a23bf11d8b02e5181455622,6a23bf0fd8b02e5181455359,Dương Hồng Hà,khachhang1780727567506@gmail.com,6a1850ea1a7b2fdb0ae87393,Áo Đấu Sân Nhà Arsenal 25/26 – Authentic,1,3000000,6200000,0,Momo,cancelled,Đà Nẵng,false,2025-10-23T00:00:00.000Z,2025-10-23T00:00:00.000Z
6a23bf11d8b02e5181455625,6a23bf0fd8b02e5181455354,Dương Công Long,khachhang1780727567501@gmail.com,6a1856198db103285a259d18,Arsenal adidas 25/26 Third Socks,1,640000,2240000,0,VNPay,delivered,Hồ Chí Minh,false,2025-10-23T00:00:00.000Z,2025-10-23T00:00:00.000Z
6a23bf11d8b02e5181455625,6a23bf0fd8b02e5181455354,Dương Công Long,khachhang1780727567501@gmail.com,6a1856198db103285a259ceb,Arsenal adidas 25/26 Away Mini Kit,1,1600000,2240000,0,VNPay,delivered,Hồ Chí Minh,false,2025-10-23T00:00:00.000Z,2025-10-23T00:00:00.000Z
6a23bf11d8b02e5181455628,6a23bf0fd8b02e5181455357,Hồ Hải Đạt,khachhang1780727567504@gmail.com,6a1856198db103285a259cfd,Arsenal adidas 25/26 Authentic Alternate Away Shorts,1,1440000,1440000,30000,Momo,delivered,Hà Nội,false,2025-10-23T00:00:00.000Z,2025-10-23T00:00:00.000Z
6a23bf11d8b02e518145562a,6a23bf0fd8b02e5181455348,Võ Bích Hà,khachhang1780727567489@gmail.com,6a1856198db103285a259c97,Arsenal adidas 26/27 Authentic Home Long Sleeved Shirt,2,4160000,11520000,30000,Banking,pending,Đà Nẵng,false,2025-10-23T00:00:00.000Z,2025-10-23T00:00:00.000Z
6a23bf11d8b02e518145562a,6a23bf0fd8b02e5181455348,Võ Bích Hà,khachhang1780727567489@gmail.com,6a1856198db103285a259d09,Arsenal adidas 25/26 Third Mini Kit,2,1600000,11520000,30000,Banking,pending,Đà Nẵng,false,2025-10-23T00:00:00.000Z,2025-10-23T00:00:00.000Z
6a23bf11d8b02e518145562d,6a23bf0fd8b02e5181455349,Võ Mỹ Trang,khachhang1780727567490@gmail.com,6a1856198db103285a259cbb,Arsenal adidas Kids 26/27 Long Sleeved Home Goalkeeper Shirt,2,2080000,4896000,30000,COD,shipping,Hồ Chí Minh,false,2025-10-24T00:00:00.000Z,2025-10-24T00:00:00.000Z
6a23bf11d8b02e518145562d,6a23bf0fd8b02e5181455349,Võ Mỹ Trang,khachhang1780727567490@gmail.com,6a1856198db103285a259cd6,Arsenal adidas 26/27 Home Scarf,1,736000,4896000,30000,COD,shipping,Hồ Chí Minh,false,2025-10-24T00:00:00.000Z,2025-10-24T00:00:00.000Z
6a23bf11d8b02e5181455630,6a23bf0fd8b02e5181455353,Phan Công Phúc,khachhang1780727567500@gmail.com,6a1850eb1a7b2fdb0ae873b4,Mũ Bóng Chày Arsenal FC 25/26 – Cap,1,600000,1112000,30000,COD,delivered,Hồ Chí Minh,false,2025-10-24T00:00:00.000Z,2025-10-24T00:00:00.000Z
6a23bf11d8b02e5181455630,6a23bf0fd8b02e5181455353,Phan Công Phúc,khachhang1780727567500@gmail.com,6a18590b2bc10bb7e5e86499,Arsenal adidas Kids 25/26 Away Socks,1,512000,1112000,30000,COD,delivered,Hồ Chí Minh,false,2025-10-24T00:00:00.000Z,2025-10-24T00:00:00.000Z
6a23bf11d8b02e5181455633,6a23bf0fd8b02e5181455353,Phan Công Phúc,khachhang1780727567500@gmail.com,6a1856198db103285a259ce2,Arsenal adidas 26/27 Home Knitted Gloves,1,736000,3168000,0,COD,delivered,Hồ Chí Minh,false,2025-10-24T00:00:00.000Z,2025-10-24T00:00:00.000Z
6a23bf11d8b02e5181455633,6a23bf0fd8b02e5181455353,Phan Công Phúc,khachhang1780727567500@gmail.com,6a1856198db103285a259cbe,Arsenal adidas 26/27 Home Goalkeeper Shorts,2,1216000,3168000,0,COD,delivered,Hồ Chí Minh,false,2025-10-24T00:00:00.000Z,2025-10-24T00:00:00.000Z
6a23bf11d8b02e5181455636,6a23bf0fd8b02e5181455356,Vũ Công Hùng,khachhang1780727567503@gmail.com,6a1856198db103285a259c85,Arsenal adidas Kids 26/27 Authentic Home Shirt,2,2560000,7840000,0,COD,delivered,Hà Nội,false,2025-10-24T00:00:00.000Z,2025-10-24T00:00:00.000Z
6a23bf11d8b02e5181455636,6a23bf0fd8b02e5181455356,Vũ Công Hùng,khachhang1780727567503@gmail.com,6a1856198db103285a259cb8,Arsenal adidas 26/27 Home Goalkeeper Shirt,1,2720000,7840000,0,COD,delivered,Hà Nội,false,2025-10-24T00:00:00.000Z,2025-10-24T00:00:00.000Z
6a23bf11d8b02e5181455639,6a23bf0fd8b02e518145534f,Vũ Lan Linh,khachhang1780727567496@gmail.com,69ec674e7fb179301d9a2db6,Tất sân nhà Arsenal 2025-2026,2,750000,1500000,30000,COD,pending,Hồ Chí Minh,false,2025-10-24T00:00:00.000Z,2025-10-24T00:00:00.000Z
6a23bf11d8b02e518145563b,6a23bf0fd8b02e518145534f,Vũ Lan Linh,khachhang1780727567496@gmail.com,6a18590b2bc10bb7e5e8643c,Arsenal adidas 26/27 Authentic Home Shirt,1,3840000,3840000,0,Banking,pending,Hồ Chí Minh,false,2025-10-25T00:00:00.000Z,2025-10-25T00:00:00.000Z
6a23bf11d8b02e518145563d,6a23bf0fd8b02e5181455346,Võ Hải Đạt,khachhang1780727567487@gmail.com,6a1856198db103285a259d12,Arsenal adidas 25/26 Third Authentic Alternate Shorts,1,1440000,2880000,30000,VNPay,delivered,Hồ Chí Minh,false,2025-10-26T00:00:00.000Z,2025-10-26T00:00:00.000Z
6a23bf11d8b02e518145563d,6a23bf0fd8b02e5181455346,Võ Hải Đạt,khachhang1780727567487@gmail.com,6a1856198db103285a259d12,Arsenal adidas 25/26 Third Authentic Alternate Shorts,1,1440000,2880000,30000,VNPay,delivered,Hồ Chí Minh,false,2025-10-26T00:00:00.000Z,2025-10-26T00:00:00.000Z
6a23bf11d8b02e5181455640,6a23bf0fd8b02e518145534d,Đặng Hải Tuấn,khachhang1780727567494@gmail.com,6a1856198db103285a259ce2,Arsenal adidas 26/27 Home Knitted Gloves,1,736000,2176000,30000,COD,shipping,Hồ Chí Minh,false,2025-10-26T00:00:00.000Z,2025-10-26T00:00:00.000Z
6a23bf11d8b02e5181455640,6a23bf0fd8b02e518145534d,Đặng Hải Tuấn,khachhang1780727567494@gmail.com,6a1856198db103285a259cfd,Arsenal adidas 25/26 Authentic Alternate Away Shorts,1,1440000,2176000,30000,COD,shipping,Hồ Chí Minh,false,2025-10-26T00:00:00.000Z,2025-10-26T00:00:00.000Z
6a23bf11d8b02e5181455643,6a23bf0fd8b02e5181455357,Hồ Hải Đạt,khachhang1780727567504@gmail.com,6a1850eb1a7b2fdb0ae873b4,Mũ Bóng Chày Arsenal FC 25/26 – Cap,1,600000,1880000,30000,Banking,delivered,Hà Nội,false,2025-10-26T00:00:00.000Z,2025-10-26T00:00:00.000Z
6a23bf11d8b02e5181455643,6a23bf0fd8b02e5181455357,Hồ Hải Đạt,khachhang1780727567504@gmail.com,6a18590b2bc10bb7e5e86483,Arsenal adidas 26/27 White Home Cap,2,640000,1880000,30000,Banking,delivered,Hà Nội,false,2025-10-26T00:00:00.000Z,2025-10-26T00:00:00.000Z
6a23bf11d8b02e5181455646,6a23bf0fd8b02e518145534d,Đặng Hải Tuấn,khachhang1780727567494@gmail.com,6a1850eb1a7b2fdb0ae873a2,Áo Đấu Sân Nhà Arsenal 25/26 Nữ,1,2200000,3480000,30000,Momo,delivered,Hồ Chí Minh,false,2025-10-26T00:00:00.000Z,2025-10-26T00:00:00.000Z
6a23bf11d8b02e5181455646,6a23bf0fd8b02e518145534d,Đặng Hải Tuấn,khachhang1780727567494@gmail.com,6a1856198db103285a259ccd,Arsenal adidas 26/27 Red Backpack,1,1280000,3480000,30000,Momo,delivered,Hồ Chí Minh,false,2025-10-26T00:00:00.000Z,2025-10-26T00:00:00.000Z
6a23bf11d8b02e5181455649,6a23bf0fd8b02e5181455347,Phạm Đức Thành,khachhang1780727567488@gmail.com,6a1856198db103285a259cbb,Arsenal adidas Kids 26/27 Long Sleeved Home Goalkeeper Shirt,1,2080000,4000000,30000,VNPay,delivered,Hà Nội,false,2025-10-26T00:00:00.000Z,2025-10-26T00:00:00.000Z
6a23bf11d8b02e5181455649,6a23bf0fd8b02e5181455347,Phạm Đức Thành,khachhang1780727567488@gmail.com,6a1856198db103285a259cc1,Arsenal adidas Kids 26/27 Home Goalkeeper Shorts,2,960000,4000000,30000,VNPay,delivered,Hà Nội,false,2025-10-26T00:00:00.000Z,2025-10-26T00:00:00.000Z
6a23bf11d8b02e518145564c,6a23bf0fd8b02e518145534c,Võ Đức Cường,khachhang1780727567493@gmail.com,6a1856198db103285a259ce5,Arsenal adidas 26/27 Home Beanie,1,736000,736000,0,COD,delivered,Đà Nẵng,false,2025-10-26T00:00:00.000Z,2025-10-26T00:00:00.000Z
6a23bf11d8b02e518145564e,6a23bf0fd8b02e518145534d,Đặng Hải Tuấn,khachhang1780727567494@gmail.com,6a1856198db103285a259d06,Arsenal adidas 25/26 Third Shorts,2,1216000,2432000,30000,Momo,delivered,Hồ Chí Minh,false,2025-10-26T00:00:00.000Z,2025-10-26T00:00:00.000Z
6a23bf11d8b02e5181455650,6a23bf0fd8b02e518145534d,Đặng Hải Tuấn,khachhang1780727567494@gmail.com,6a1850eb1a7b2fdb0ae873ae,Quần Tập Luyện Arsenal 25/26 – Training Pants,1,1600000,1600000,30000,VNPay,shipping,Hồ Chí Minh,false,2025-10-26T00:00:00.000Z,2025-10-26T00:00:00.000Z
6a23bf11d8b02e5181455652,6a23bf0fd8b02e518145534c,Võ Đức Cường,khachhang1780727567493@gmail.com,6a18590b2bc10bb7e5e8643c,Arsenal adidas 26/27 Authentic Home Shirt,1,3840000,3840000,30000,Momo,delivered,Đà Nẵng,false,2025-10-27T00:00:00.000Z,2025-10-27T00:00:00.000Z
6a23bf11d8b02e5181455654,6a23bf0fd8b02e5181455358,Lý Thúy Yến,khachhang1780727567505@gmail.com,6a18590b2bc10bb7e5e8643c,Arsenal adidas 26/27 Authentic Home Shirt,2,3840000,7680000,30000,VNPay,pending,Hồ Chí Minh,false,2025-10-27T00:00:00.000Z,2025-10-27T00:00:00.000Z
6a23bf11d8b02e5181455656,6a23bf0fd8b02e5181455346,Võ Hải Đạt,khachhang1780727567487@gmail.com,6a1850eb1a7b2fdb0ae873bd,Tất Sân Khách Arsenal 25/26 – Away Socks,1,350000,1630000,30000,Banking,delivered,Hồ Chí Minh,false,2025-10-27T00:00:00.000Z,2025-10-27T00:00:00.000Z
6a23bf11d8b02e5181455656,6a23bf0fd8b02e5181455346,Võ Hải Đạt,khachhang1780727567487@gmail.com,6a1856198db103285a259cc4,Arsenal adidas 26/27 Home Goalkeeper Socks,2,640000,1630000,30000,Banking,delivered,Hồ Chí Minh,false,2025-10-27T00:00:00.000Z,2025-10-27T00:00:00.000Z
6a23bf11d8b02e5181455659,6a23bf0fd8b02e5181455355,Ngô Thu Hà,khachhang1780727567502@gmail.com,6a1856198db103285a259cbe,Arsenal adidas 26/27 Home Goalkeeper Shorts,1,1216000,2416000,30000,VNPay,shipping,Đà Nẵng,false,2025-10-27T00:00:00.000Z,2025-10-27T00:00:00.000Z
6a23bf11d8b02e5181455659,6a23bf0fd8b02e5181455355,Ngô Thu Hà,khachhang1780727567502@gmail.com,6a1850eb1a7b2fdb0ae873b4,Mũ Bóng Chày Arsenal FC 25/26 – Cap,2,600000,2416000,30000,VNPay,shipping,Đà Nẵng,false,2025-10-27T00:00:00.000Z,2025-10-27T00:00:00.000Z
6a23bf11d8b02e518145565c,6a23bf0fd8b02e5181455347,Phạm Đức Thành,khachhang1780727567488@gmail.com,6a1850eb1a7b2fdb0ae873b7,Găng Tay Thủ Môn Arsenal Predator 25/26,2,1500000,5080000,30000,Momo,cancelled,Hà Nội,false,2025-10-27T00:00:00.000Z,2025-10-27T00:00:00.000Z
6a23bf11d8b02e518145565c,6a23bf0fd8b02e5181455347,Phạm Đức Thành,khachhang1780727567488@gmail.com,6a1856198db103285a259cbb,Arsenal adidas Kids 26/27 Long Sleeved Home Goalkeeper Shirt,1,2080000,5080000,30000,Momo,cancelled,Hà Nội,false,2025-10-27T00:00:00.000Z,2025-10-27T00:00:00.000Z
6a23bf11d8b02e518145565f,6a23bf0fd8b02e5181455351,Lý Thúy Trang,khachhang1780727567498@gmail.com,6a1856198db103285a259c82,Arsenal adidas Womens 26/27 Authentic Home Shirt,1,3840000,8240000,30000,Momo,delivered,Đà Nẵng,false,2025-10-27T00:00:00.000Z,2025-10-27T00:00:00.000Z
6a23bf11d8b02e518145565f,6a23bf0fd8b02e5181455351,Lý Thúy Trang,khachhang1780727567498@gmail.com,6a1850eb1a7b2fdb0ae8739f,Áo Đấu Thứ Ba Arsenal 25/26 – Fan Version,2,2200000,8240000,30000,Momo,delivered,Đà Nẵng,false,2025-10-27T00:00:00.000Z,2025-10-27T00:00:00.000Z
6a23bf11d8b02e5181455662,6a23bf0fd8b02e5181455347,Phạm Đức Thành,khachhang1780727567488@gmail.com,6a1856198db103285a259cf1,Arsenal adidas Kids 25/26 Away Shirt,2,1920000,4800000,30000,Banking,delivered,Hà Nội,false,2025-10-27T00:00:00.000Z,2025-10-27T00:00:00.000Z
6a23bf11d8b02e5181455662,6a23bf0fd8b02e5181455347,Phạm Đức Thành,khachhang1780727567488@gmail.com,6a1856198db103285a259cd3,Arsenal adidas 26/27 Mini Home Football Size 1,2,480000,4800000,30000,Banking,delivered,Hà Nội,false,2025-10-27T00:00:00.000Z,2025-10-27T00:00:00.000Z
6a23bf11d8b02e5181455665,6a23bf0fd8b02e5181455355,Ngô Thu Hà,khachhang1780727567502@gmail.com,6a1850eb1a7b2fdb0ae8739c,Áo Đấu Sân Khách Arsenal 25/26 – Authentic,2,3000000,6000000,30000,COD,cancelled,Đà Nẵng,false,2025-10-28T00:00:00.000Z,2025-10-28T00:00:00.000Z
6a23bf11d8b02e5181455667,6a23bf0fd8b02e5181455354,Dương Công Long,khachhang1780727567501@gmail.com,6a1856198db103285a259cc4,Arsenal adidas 26/27 Home Goalkeeper Socks,1,640000,3520000,30000,Momo,shipping,Hồ Chí Minh,false,2025-10-28T00:00:00.000Z,2025-10-28T00:00:00.000Z
6a23bf11d8b02e5181455667,6a23bf0fd8b02e5181455354,Dương Công Long,khachhang1780727567501@gmail.com,6a1856198db103285a259cac,Arsenal adidas 26/27 Authentic Home Shorts,2,1440000,3520000,30000,Momo,shipping,Hồ Chí Minh,false,2025-10-28T00:00:00.000Z,2025-10-28T00:00:00.000Z
6a23bf11d8b02e518145566a,6a23bf0fd8b02e518145534e,Đỗ Hữu Khoa,khachhang1780727567495@gmail.com,69ec674e7fb179301d9a2db9,Mũ Lưỡi Trai Arsenal,2,450000,900000,0,Banking,shipping,Hà Nội,false,2025-10-28T00:00:00.000Z,2025-10-28T00:00:00.000Z
6a23bf11d8b02e518145566c,6a23bf0fd8b02e5181455350,Nguyễn Thị Anh,khachhang1780727567497@gmail.com,6a18590b2bc10bb7e5e864a0,Arsenal adidas 25/26 Third Shirt,1,2720000,4192000,0,VNPay,delivered,Hà Nội,false,2025-10-28T00:00:00.000Z,2025-10-28T00:00:00.000Z
6a23bf11d8b02e518145566c,6a23bf0fd8b02e5181455350,Nguyễn Thị Anh,khachhang1780727567497@gmail.com,6a1856198db103285a259cd6,Arsenal adidas 26/27 Home Scarf,2,736000,4192000,0,VNPay,delivered,Hà Nội,false,2025-10-28T00:00:00.000Z,2025-10-28T00:00:00.000Z
6a23bf11d8b02e518145566f,6a23bf0fd8b02e5181455354,Dương Công Long,khachhang1780727567501@gmail.com,6a1856198db103285a259cbe,Arsenal adidas 26/27 Home Goalkeeper Shorts,2,1216000,2432000,30000,Momo,delivered,Hồ Chí Minh,false,2025-10-28T00:00:00.000Z,2025-10-28T00:00:00.000Z
6a23bf11d8b02e5181455671,6a23bf0fd8b02e5181455356,Vũ Công Hùng,khachhang1780727567503@gmail.com,6a1856198db103285a259cdf,Arsenal adidas 26/27 Home Water Bottle,1,320000,320000,30000,VNPay,shipping,Hà Nội,false,2025-10-29T00:00:00.000Z,2025-10-29T00:00:00.000Z
6a23bf11d8b02e5181455673,6a23bf0fd8b02e5181455355,Ngô Thu Hà,khachhang1780727567502@gmail.com,6a1856198db103285a259c82,Arsenal adidas Womens 26/27 Authentic Home Shirt,2,3840000,8960000,30000,COD,delivered,Đà Nẵng,false,2025-10-29T00:00:00.000Z,2025-10-29T00:00:00.000Z
6a23bf11d8b02e5181455673,6a23bf0fd8b02e5181455355,Ngô Thu Hà,khachhang1780727567502@gmail.com,6a18590b2bc10bb7e5e86463,Arsenal adidas 26/27 Home Socks,2,640000,8960000,30000,COD,delivered,Đà Nẵng,false,2025-10-29T00:00:00.000Z,2025-10-29T00:00:00.000Z
6a23bf11d8b02e5181455676,6a23bf0fd8b02e5181455354,Dương Công Long,khachhang1780727567501@gmail.com,6a1856198db103285a259cb5,Arsenal adidas Kids 26/27 Home Socks,2,512000,2944000,0,Momo,delivered,Hồ Chí Minh,false,2025-10-29T00:00:00.000Z,2025-10-29T00:00:00.000Z
6a23bf11d8b02e5181455676,6a23bf0fd8b02e5181455354,Dương Công Long,khachhang1780727567501@gmail.com,6a1856198db103285a259d03,Arsenal adidas Kids 25/26 Third Shirt,1,1920000,2944000,0,Momo,delivered,Hồ Chí Minh,false,2025-10-29T00:00:00.000Z,2025-10-29T00:00:00.000Z
6a23bf11d8b02e5181455679,6a23bf0fd8b02e518145534c,Võ Đức Cường,khachhang1780727567493@gmail.com,6a1856198db103285a259ca0,Arsenal adidas Kids 26/27 Long Sleeved Home Shirt,2,2080000,4160000,30000,VNPay,shipping,Đà Nẵng,false,2025-10-29T00:00:00.000Z,2025-10-29T00:00:00.000Z
6a23bf11d8b02e518145567b,6a23bf0fd8b02e5181455356,Vũ Công Hùng,khachhang1780727567503@gmail.com,6a18590b2bc10bb7e5e864a0,Arsenal adidas 25/26 Third Shirt,1,2720000,2720000,30000,Momo,delivered,Hà Nội,false,2025-10-30T00:00:00.000Z,2025-10-30T00:00:00.000Z
6a23bf11d8b02e518145567d,6a23bf0fd8b02e5181455349,Võ Mỹ Trang,khachhang1780727567490@gmail.com,6a18590b2bc10bb7e5e86496,Arsenal adidas Kids 25/26 Away Shorts,2,960000,4220000,30000,COD,shipping,Hồ Chí Minh,false,2025-10-31T00:00:00.000Z,2025-10-31T00:00:00.000Z
6a23bf11d8b02e518145567d,6a23bf0fd8b02e5181455349,Võ Mỹ Trang,khachhang1780727567490@gmail.com,6a1850eb1a7b2fdb0ae873a8,Áo Khoác Anthem Arsenal Z.N.E. 25/26,1,2300000,4220000,30000,COD,shipping,Hồ Chí Minh,false,2025-10-31T00:00:00.000Z,2025-10-31T00:00:00.000Z
6a23bf11d8b02e5181455680,6a23bf0fd8b02e5181455359,Dương Hồng Hà,khachhang1780727567506@gmail.com,6a1856198db103285a259c9d,Arsenal adidas 26/27 Home Long Sleeved Shirt,1,2880000,2880000,30000,COD,shipping,Đà Nẵng,false,2025-11-01T00:00:00.000Z,2025-11-01T00:00:00.000Z
6a23bf11d8b02e5181455682,6a23bf0fd8b02e5181455350,Nguyễn Thị Anh,khachhang1780727567497@gmail.com,6a18590b2bc10bb7e5e86480,Arsenal adidas 26/27 Red Home Cap,2,640000,1280000,30000,VNPay,delivered,Hà Nội,false,2025-11-01T00:00:00.000Z,2025-11-01T00:00:00.000Z
6a23bf11d8b02e5181455684,6a23bf0fd8b02e518145534b,Đặng Ngọc Bảo,khachhang1780727567492@gmail.com,6a1850eb1a7b2fdb0ae87399,Áo Đấu Sân Khách Arsenal 25/26 – Fan Version,2,2200000,6480000,30000,Banking,delivered,Đà Nẵng,false,2025-11-01T00:00:00.000Z,2025-11-01T00:00:00.000Z
6a23bf11d8b02e5181455684,6a23bf0fd8b02e518145534b,Đặng Ngọc Bảo,khachhang1780727567492@gmail.com,6a1856198db103285a259cbb,Arsenal adidas Kids 26/27 Long Sleeved Home Goalkeeper Shirt,1,2080000,6480000,30000,Banking,delivered,Đà Nẵng,false,2025-11-01T00:00:00.000Z,2025-11-01T00:00:00.000Z
6a23bf11d8b02e5181455687,6a23bf0fd8b02e518145534a,Lý Thanh Linh,khachhang1780727567491@gmail.com,6a1850eb1a7b2fdb0ae873b1,Balo Arsenal FC 25/26 – Backpack,2,1200000,2400000,30000,Momo,pending,Hồ Chí Minh,false,2025-11-01T00:00:00.000Z,2025-11-01T00:00:00.000Z
6a23bf11d8b02e5181455689,6a23bf0fd8b02e518145534a,Lý Thanh Linh,khachhang1780727567491@gmail.com,6a1856198db103285a259c85,Arsenal adidas Kids 26/27 Authentic Home Shirt,1,2560000,2560000,30000,COD,delivered,Hồ Chí Minh,false,2025-11-01T00:00:00.000Z,2025-11-01T00:00:00.000Z
6a23bf11d8b02e518145568b,6a23bf0fd8b02e518145534c,Võ Đức Cường,khachhang1780727567493@gmail.com,6a1856198db103285a259cac,Arsenal adidas 26/27 Authentic Home Shorts,1,1440000,5240000,0,Banking,delivered,Đà Nẵng,false,2025-11-01T00:00:00.000Z,2025-11-01T00:00:00.000Z
6a23bf11d8b02e518145568b,6a23bf0fd8b02e518145534c,Võ Đức Cường,khachhang1780727567493@gmail.com,6a1850eb1a7b2fdb0ae873ab,Áo Hoodie Arsenal Essentials 25/26,2,1900000,5240000,0,Banking,delivered,Đà Nẵng,false,2025-11-01T00:00:00.000Z,2025-11-01T00:00:00.000Z
6a23bf11d8b02e518145568e,6a23bf0fd8b02e5181455346,Võ Hải Đạt,khachhang1780727567487@gmail.com,69ec674e7fb179301d9a2db9,Mũ Lưỡi Trai Arsenal,1,450000,1890000,30000,VNPay,delivered,Hồ Chí Minh,false,2025-11-01T00:00:00.000Z,2025-11-01T00:00:00.000Z
6a23bf11d8b02e518145568e,6a23bf0fd8b02e5181455346,Võ Hải Đạt,khachhang1780727567487@gmail.com,6a1856198db103285a259d12,Arsenal adidas 25/26 Third Authentic Alternate Shorts,1,1440000,1890000,30000,VNPay,delivered,Hồ Chí Minh,false,2025-11-01T00:00:00.000Z,2025-11-01T00:00:00.000Z
6a23bf11d8b02e5181455691,6a23bf0fd8b02e5181455354,Dương Công Long,khachhang1780727567501@gmail.com,6a18590b2bc10bb7e5e86463,Arsenal adidas 26/27 Home Socks,1,640000,640000,30000,Banking,delivered,Hồ Chí Minh,false,2025-11-01T00:00:00.000Z,2025-11-01T00:00:00.000Z
6a23bf11d8b02e5181455693,6a23bf0fd8b02e5181455356,Vũ Công Hùng,khachhang1780727567503@gmail.com,6a1856198db103285a259d15,Arsenal adidas Kids 25/26 Third Goalkeeper Shirt,1,1920000,4352000,0,VNPay,cancelled,Hà Nội,false,2025-11-02T00:00:00.000Z,2025-11-02T00:00:00.000Z
6a23bf11d8b02e5181455693,6a23bf0fd8b02e5181455356,Vũ Công Hùng,khachhang1780727567503@gmail.com,6a1856198db103285a259cbe,Arsenal adidas 26/27 Home Goalkeeper Shorts,2,1216000,4352000,0,VNPay,cancelled,Hà Nội,false,2025-11-02T00:00:00.000Z,2025-11-02T00:00:00.000Z
6a23bf11d8b02e5181455696,6a23bf0fd8b02e5181455348,Võ Bích Hà,khachhang1780727567489@gmail.com,6a1856198db103285a259d03,Arsenal adidas Kids 25/26 Third Shirt,2,1920000,6040000,30000,VNPay,cancelled,Đà Nẵng,false,2025-11-02T00:00:00.000Z,2025-11-02T00:00:00.000Z
6a23bf11d8b02e5181455696,6a23bf0fd8b02e5181455348,Võ Bích Hà,khachhang1780727567489@gmail.com,6a1850ea1a7b2fdb0ae87396,Áo Đấu Sân Nhà Arsenal 25/26 – Fan Version,1,2200000,6040000,30000,VNPay,cancelled,Đà Nẵng,false,2025-11-02T00:00:00.000Z,2025-11-02T00:00:00.000Z
6a23bf11d8b02e5181455699,6a23bf0fd8b02e5181455353,Phan Công Phúc,khachhang1780727567500@gmail.com,6a1850eb1a7b2fdb0ae873a5,Áo Tập Arsenal 25/26 – Training Jersey,2,1800000,3600000,30000,Banking,cancelled,Hồ Chí Minh,false,2025-11-02T00:00:00.000Z,2025-11-02T00:00:00.000Z
6a23bf11d8b02e518145569b,6a23bf0fd8b02e518145534d,Đặng Hải Tuấn,khachhang1780727567494@gmail.com,6a1856198db103285a259cbe,Arsenal adidas 26/27 Home Goalkeeper Shorts,1,1216000,4216000,0,VNPay,delivered,Hồ Chí Minh,false,2025-11-02T00:00:00.000Z,2025-11-02T00:00:00.000Z
6a23bf11d8b02e518145569b,6a23bf0fd8b02e518145534d,Đặng Hải Tuấn,khachhang1780727567494@gmail.com,6a1850eb1a7b2fdb0ae8739c,Áo Đấu Sân Khách Arsenal 25/26 – Authentic,1,3000000,4216000,0,VNPay,delivered,Hồ Chí Minh,false,2025-11-02T00:00:00.000Z,2025-11-02T00:00:00.000Z
6a23bf11d8b02e518145569e,6a23bf0fd8b02e5181455346,Võ Hải Đạt,khachhang1780727567487@gmail.com,6a1856198db103285a259d15,Arsenal adidas Kids 25/26 Third Goalkeeper Shirt,2,1920000,3840000,30000,VNPay,delivered,Hồ Chí Minh,false,2025-11-02T00:00:00.000Z,2025-11-02T00:00:00.000Z
6a23bf11d8b02e51814556a0,6a23bf0fd8b02e5181455352,Phạm Đình Thành,khachhang1780727567499@gmail.com,6a1856198db103285a259cb8,Arsenal adidas 26/27 Home Goalkeeper Shirt,2,2720000,5440000,30000,VNPay,delivered,Hà Nội,false,2025-11-02T00:00:00.000Z,2025-11-02T00:00:00.000Z
6a23bf11d8b02e51814556a2,6a23bf0fd8b02e5181455349,Võ Mỹ Trang,khachhang1780727567490@gmail.com,6a1850eb1a7b2fdb0ae873a5,Áo Tập Arsenal 25/26 – Training Jersey,1,1800000,1800000,30000,COD,delivered,Hồ Chí Minh,false,2025-11-02T00:00:00.000Z,2025-11-02T00:00:00.000Z
6a23bf11d8b02e51814556a4,6a23bf0fd8b02e5181455357,Hồ Hải Đạt,khachhang1780727567504@gmail.com,6a1850eb1a7b2fdb0ae873ba,Bóng Đá Arsenal FC adidas 25/26,2,800000,2880000,0,COD,pending,Hà Nội,false,2025-11-03T00:00:00.000Z,2025-11-03T00:00:00.000Z
6a23bf11d8b02e51814556a4,6a23bf0fd8b02e5181455357,Hồ Hải Đạt,khachhang1780727567504@gmail.com,6a18590b2bc10bb7e5e86463,Arsenal adidas 26/27 Home Socks,2,640000,2880000,0,COD,pending,Hà Nội,false,2025-11-03T00:00:00.000Z,2025-11-03T00:00:00.000Z
6a23bf11d8b02e51814556a7,6a23bf0fd8b02e518145534d,Đặng Hải Tuấn,khachhang1780727567494@gmail.com,6a1856198db103285a259cac,Arsenal adidas 26/27 Authentic Home Shorts,2,1440000,4800000,30000,Momo,shipping,Hồ Chí Minh,false,2025-11-03T00:00:00.000Z,2025-11-03T00:00:00.000Z
6a23bf11d8b02e51814556a7,6a23bf0fd8b02e518145534d,Đặng Hải Tuấn,khachhang1780727567494@gmail.com,6a1856198db103285a259d0f,Arsenal adidas Kids 25/26 Third Shorts,2,960000,4800000,30000,Momo,shipping,Hồ Chí Minh,false,2025-11-03T00:00:00.000Z,2025-11-03T00:00:00.000Z
6a23bf11d8b02e51814556aa,6a23bf0fd8b02e518145534e,Đỗ Hữu Khoa,khachhang1780727567495@gmail.com,6a1856198db103285a259cd3,Arsenal adidas 26/27 Mini Home Football Size 1,1,480000,480000,30000,VNPay,delivered,Hà Nội,false,2025-11-03T00:00:00.000Z,2025-11-03T00:00:00.000Z
6a23bf11d8b02e51814556ac,6a23bf0fd8b02e518145534d,Đặng Hải Tuấn,khachhang1780727567494@gmail.com,6a18590b2bc10bb7e5e86446,Arsenal adidas Womens 26/27 Home Shirt,2,2720000,5440000,30000,Banking,delivered,Hồ Chí Minh,false,2025-11-03T00:00:00.000Z,2025-11-03T00:00:00.000Z
6a23bf11d8b02e51814556ae,6a23bf0fd8b02e5181455346,Võ Hải Đạt,khachhang1780727567487@gmail.com,6a1856198db103285a259ca9,Arsenal adidas Kids 26/27 Home Shorts,2,960000,3520000,0,Banking,cancelled,Hồ Chí Minh,false,2025-11-03T00:00:00.000Z,2025-11-03T00:00:00.000Z
6a23bf11d8b02e51814556ae,6a23bf0fd8b02e5181455346,Võ Hải Đạt,khachhang1780727567487@gmail.com,6a1856198db103285a259c91,Arsenal adidas 26/27 Home Mini Kit,1,1600000,3520000,0,Banking,cancelled,Hồ Chí Minh,false,2025-11-03T00:00:00.000Z,2025-11-03T00:00:00.000Z
6a23bf11d8b02e51814556b1,6a23bf0fd8b02e5181455358,Lý Thúy Yến,khachhang1780727567505@gmail.com,6a18590b2bc10bb7e5e86480,Arsenal adidas 26/27 Red Home Cap,2,640000,2780000,30000,Momo,delivered,Hồ Chí Minh,false,2025-11-03T00:00:00.000Z,2025-11-03T00:00:00.000Z
6a23bf11d8b02e51814556b1,6a23bf0fd8b02e5181455358,Lý Thúy Yến,khachhang1780727567505@gmail.com,69ec674e7fb179301d9a2db6,Tất sân nhà Arsenal 2025-2026,2,750000,2780000,30000,Momo,delivered,Hồ Chí Minh,false,2025-11-03T00:00:00.000Z,2025-11-03T00:00:00.000Z
6a23bf11d8b02e51814556b4,6a23bf0fd8b02e518145534b,Đặng Ngọc Bảo,khachhang1780727567492@gmail.com,6a18590b2bc10bb7e5e8645a,Arsenal adidas 26/27 Home Shorts,1,1216000,1216000,30000,COD,pending,Đà Nẵng,false,2025-11-04T00:00:00.000Z,2025-11-04T00:00:00.000Z
6a23bf11d8b02e51814556b6,6a23bf0fd8b02e5181455359,Dương Hồng Hà,khachhang1780727567506@gmail.com,6a1856198db103285a259c94,Arsenal adidas Womens 26/27 Crop Home Shirt,1,2400000,4700000,30000,Banking,cancelled,Đà Nẵng,false,2025-11-04T00:00:00.000Z,2025-11-04T00:00:00.000Z
6a23bf11d8b02e51814556b6,6a23bf0fd8b02e5181455359,Dương Hồng Hà,khachhang1780727567506@gmail.com,6a1850eb1a7b2fdb0ae873a8,Áo Khoác Anthem Arsenal Z.N.E. 25/26,1,2300000,4700000,30000,Banking,cancelled,Đà Nẵng,false,2025-11-04T00:00:00.000Z,2025-11-04T00:00:00.000Z
6a23bf11d8b02e51814556b9,6a23bf0fd8b02e5181455354,Dương Công Long,khachhang1780727567501@gmail.com,6a1856198db103285a259c9a,Arsenal adidas Womens 26/27 Authentic Home Long Sleeved Shirt,1,4160000,4160000,30000,COD,delivered,Hồ Chí Minh,false,2025-11-04T00:00:00.000Z,2025-11-04T00:00:00.000Z
6a23bf11d8b02e51814556bb,6a23bf0fd8b02e518145534c,Võ Đức Cường,khachhang1780727567493@gmail.com,6a1856198db103285a259cb5,Arsenal adidas Kids 26/27 Home Socks,1,512000,512000,30000,Momo,delivered,Đà Nẵng,false,2025-11-04T00:00:00.000Z,2025-11-04T00:00:00.000Z
6a23bf11d8b02e51814556bd,6a23bf0fd8b02e518145534a,Lý Thanh Linh,khachhang1780727567491@gmail.com,6a18590b2bc10bb7e5e86479,Arsenal adidas 26/27 Home Football Size 5,1,640000,4800000,30000,COD,pending,Hồ Chí Minh,false,2025-11-04T00:00:00.000Z,2025-11-04T00:00:00.000Z
6a23bf11d8b02e51814556bd,6a23bf0fd8b02e518145534a,Lý Thanh Linh,khachhang1780727567491@gmail.com,6a1856198db103285a259ca0,Arsenal adidas Kids 26/27 Long Sleeved Home Shirt,2,2080000,4800000,30000,COD,pending,Hồ Chí Minh,false,2025-11-04T00:00:00.000Z,2025-11-04T00:00:00.000Z
6a23bf11d8b02e51814556c0,6a23bf0fd8b02e518145534a,Lý Thanh Linh,khachhang1780727567491@gmail.com,6a1850eb1a7b2fdb0ae873b7,Găng Tay Thủ Môn Arsenal Predator 25/26,1,1500000,1500000,0,Momo,delivered,Hồ Chí Minh,false,2025-11-04T00:00:00.000Z,2025-11-04T00:00:00.000Z
6a23bf11d8b02e51814556c2,6a23bf0fd8b02e5181455354,Dương Công Long,khachhang1780727567501@gmail.com,6a1856198db103285a259cb8,Arsenal adidas 26/27 Home Goalkeeper Shirt,2,2720000,5440000,30000,VNPay,delivered,Hồ Chí Minh,false,2025-11-04T00:00:00.000Z,2025-11-04T00:00:00.000Z
6a23bf11d8b02e51814556c4,6a23bf0fd8b02e5181455347,Phạm Đức Thành,khachhang1780727567488@gmail.com,6a1856198db103285a259c9a,Arsenal adidas Womens 26/27 Authentic Home Long Sleeved Shirt,1,4160000,6880000,30000,VNPay,delivered,Hà Nội,false,2025-11-04T00:00:00.000Z,2025-11-04T00:00:00.000Z
6a23bf11d8b02e51814556c4,6a23bf0fd8b02e5181455347,Phạm Đức Thành,khachhang1780727567488@gmail.com,6a18590b2bc10bb7e5e8648c,Arsenal adidas 25/26 Away Shirt,1,2720000,6880000,30000,VNPay,delivered,Hà Nội,false,2025-11-04T00:00:00.000Z,2025-11-04T00:00:00.000Z
6a23bf11d8b02e51814556c7,6a23bf0fd8b02e5181455354,Dương Công Long,khachhang1780727567501@gmail.com,6a1850eb1a7b2fdb0ae873ba,Bóng Đá Arsenal FC adidas 25/26,2,800000,1600000,30000,Momo,delivered,Hồ Chí Minh,false,2025-11-04T00:00:00.000Z,2025-11-04T00:00:00.000Z
6a23bf11d8b02e51814556c9,6a23bf0fd8b02e5181455352,Phạm Đình Thành,khachhang1780727567499@gmail.com,6a1850eb1a7b2fdb0ae873ab,Áo Hoodie Arsenal Essentials 25/26,2,1900000,4440000,30000,Momo,cancelled,Hà Nội,false,2025-11-05T00:00:00.000Z,2025-11-05T00:00:00.000Z
6a23bf11d8b02e51814556c9,6a23bf0fd8b02e5181455352,Phạm Đình Thành,khachhang1780727567499@gmail.com,6a18590b2bc10bb7e5e86463,Arsenal adidas 26/27 Home Socks,1,640000,4440000,30000,Momo,cancelled,Hà Nội,false,2025-11-05T00:00:00.000Z,2025-11-05T00:00:00.000Z
6a23bf11d8b02e51814556cc,6a23bf0fd8b02e518145534f,Vũ Lan Linh,khachhang1780727567496@gmail.com,6a18590b2bc10bb7e5e8648c,Arsenal adidas 25/26 Away Shirt,2,2720000,9600000,0,VNPay,pending,Hồ Chí Minh,false,2025-11-05T00:00:00.000Z,2025-11-05T00:00:00.000Z
6a23bf11d8b02e51814556cc,6a23bf0fd8b02e518145534f,Vũ Lan Linh,khachhang1780727567496@gmail.com,6a1856198db103285a259cbb,Arsenal adidas Kids 26/27 Long Sleeved Home Goalkeeper Shirt,2,2080000,9600000,0,VNPay,pending,Hồ Chí Minh,false,2025-11-05T00:00:00.000Z,2025-11-05T00:00:00.000Z
6a23bf11d8b02e51814556cf,6a23bf0fd8b02e5181455354,Dương Công Long,khachhang1780727567501@gmail.com,6a18590b2bc10bb7e5e86443,Arsenal adidas 26/27 Home Shirt,1,2720000,7320000,30000,Momo,delivered,Hồ Chí Minh,false,2025-11-05T00:00:00.000Z,2025-11-05T00:00:00.000Z
6a23bf11d8b02e51814556cf,6a23bf0fd8b02e5181455354,Dương Công Long,khachhang1780727567501@gmail.com,6a1850eb1a7b2fdb0ae873a8,Áo Khoác Anthem Arsenal Z.N.E. 25/26,2,2300000,7320000,30000,Momo,delivered,Hồ Chí Minh,false,2025-11-05T00:00:00.000Z,2025-11-05T00:00:00.000Z
6a23bf11d8b02e51814556d2,6a23bf0fd8b02e5181455356,Vũ Công Hùng,khachhang1780727567503@gmail.com,6a18590b2bc10bb7e5e86463,Arsenal adidas 26/27 Home Socks,2,640000,1280000,30000,VNPay,delivered,Hà Nội,false,2025-11-05T00:00:00.000Z,2025-11-05T00:00:00.000Z
6a23bf11d8b02e51814556d4,6a23bf0fd8b02e5181455357,Hồ Hải Đạt,khachhang1780727567504@gmail.com,6a1856198db103285a259caf,Arsenal adidas 26/27 Authentic Alternate Home Shorts,2,1440000,5440000,0,Momo,delivered,Hà Nội,false,2025-11-05T00:00:00.000Z,2025-11-05T00:00:00.000Z
6a23bf11d8b02e51814556d4,6a23bf0fd8b02e5181455357,Hồ Hải Đạt,khachhang1780727567504@gmail.com,6a18590b2bc10bb7e5e86474,Arsenal adidas 26/27 Home Black Backpack,2,1280000,5440000,0,Momo,delivered,Hà Nội,false,2025-11-05T00:00:00.000Z,2025-11-05T00:00:00.000Z
6a23bf11d8b02e51814556d7,6a23bf0fd8b02e5181455349,Võ Mỹ Trang,khachhang1780727567490@gmail.com,6a1850eb1a7b2fdb0ae873ae,Quần Tập Luyện Arsenal 25/26 – Training Pants,1,1600000,1600000,0,VNPay,delivered,Hồ Chí Minh,false,2025-11-05T00:00:00.000Z,2025-11-05T00:00:00.000Z
6a23bf11d8b02e51814556d9,6a23bf0fd8b02e5181455350,Nguyễn Thị Anh,khachhang1780727567497@gmail.com,6a1856198db103285a259d03,Arsenal adidas Kids 25/26 Third Shirt,2,1920000,5760000,30000,COD,shipping,Hà Nội,false,2025-11-05T00:00:00.000Z,2025-11-05T00:00:00.000Z
6a23bf11d8b02e51814556d9,6a23bf0fd8b02e5181455350,Nguyễn Thị Anh,khachhang1780727567497@gmail.com,6a18590b2bc10bb7e5e86496,Arsenal adidas Kids 25/26 Away Shorts,2,960000,5760000,30000,COD,shipping,Hà Nội,false,2025-11-05T00:00:00.000Z,2025-11-05T00:00:00.000Z
6a23bf11d8b02e51814556dc,6a23bf0fd8b02e5181455348,Võ Bích Hà,khachhang1780727567489@gmail.com,6a1856198db103285a259d12,Arsenal adidas 25/26 Third Authentic Alternate Shorts,2,1440000,2880000,30000,COD,cancelled,Đà Nẵng,false,2025-11-05T00:00:00.000Z,2025-11-05T00:00:00.000Z
6a23bf11d8b02e51814556de,6a23bf0fd8b02e5181455356,Vũ Công Hùng,khachhang1780727567503@gmail.com,69ec674e7fb179301d9a2db6,Tất sân nhà Arsenal 2025-2026,1,750000,4590000,0,Momo,delivered,Hà Nội,false,2025-11-06T00:00:00.000Z,2025-11-06T00:00:00.000Z
6a23bf11d8b02e51814556de,6a23bf0fd8b02e5181455356,Vũ Công Hùng,khachhang1780727567503@gmail.com,6a18590b2bc10bb7e5e86491,Arsenal adidas 25/26 Authentic Away Shirt,1,3840000,4590000,0,Momo,delivered,Hà Nội,false,2025-11-06T00:00:00.000Z,2025-11-06T00:00:00.000Z
6a23bf11d8b02e51814556e1,6a23bf0fd8b02e5181455352,Phạm Đình Thành,khachhang1780727567499@gmail.com,6a1850eb1a7b2fdb0ae873bd,Tất Sân Khách Arsenal 25/26 – Away Socks,2,350000,700000,0,VNPay,shipping,Hà Nội,false,2025-11-06T00:00:00.000Z,2025-11-06T00:00:00.000Z
6a23bf11d8b02e51814556e3,6a23bf0fd8b02e518145534b,Đặng Ngọc Bảo,khachhang1780727567492@gmail.com,6a18590b2bc10bb7e5e86499,Arsenal adidas Kids 25/26 Away Socks,2,512000,1024000,0,VNPay,shipping,Đà Nẵng,false,2025-11-06T00:00:00.000Z,2025-11-06T00:00:00.000Z
6a23bf11d8b02e51814556e5,6a23bf0fd8b02e5181455355,Ngô Thu Hà,khachhang1780727567502@gmail.com,6a1850ea1a7b2fdb0ae87396,Áo Đấu Sân Nhà Arsenal 25/26 – Fan Version,1,2200000,2200000,30000,VNPay,pending,Đà Nẵng,false,2025-11-06T00:00:00.000Z,2025-11-06T00:00:00.000Z
6a23bf11d8b02e51814556e7,6a23bf0fd8b02e5181455353,Phan Công Phúc,khachhang1780727567500@gmail.com,6a1856198db103285a259d12,Arsenal adidas 25/26 Third Authentic Alternate Shorts,1,1440000,1440000,30000,VNPay,delivered,Hồ Chí Minh,false,2025-11-06T00:00:00.000Z,2025-11-06T00:00:00.000Z
6a23bf11d8b02e51814556e9,6a23bf0fd8b02e5181455355,Ngô Thu Hà,khachhang1780727567502@gmail.com,6a1850eb1a7b2fdb0ae873ba,Bóng Đá Arsenal FC adidas 25/26,1,800000,800000,30000,COD,shipping,Đà Nẵng,false,2025-11-06T00:00:00.000Z,2025-11-06T00:00:00.000Z
6a23bf11d8b02e51814556eb,6a23bf0fd8b02e5181455354,Dương Công Long,khachhang1780727567501@gmail.com,6a1856198db103285a259c85,Arsenal adidas Kids 26/27 Authentic Home Shirt,2,2560000,6592000,30000,Banking,shipping,Hồ Chí Minh,false,2025-11-07T00:00:00.000Z,2025-11-07T00:00:00.000Z
6a23bf11d8b02e51814556eb,6a23bf0fd8b02e5181455354,Dương Công Long,khachhang1780727567501@gmail.com,6a1856198db103285a259cd6,Arsenal adidas 26/27 Home Scarf,2,736000,6592000,30000,Banking,shipping,Hồ Chí Minh,false,2025-11-07T00:00:00.000Z,2025-11-07T00:00:00.000Z
6a23bf11d8b02e51814556ee,6a23bf0fd8b02e518145534c,Võ Đức Cường,khachhang1780727567493@gmail.com,6a1856198db103285a259cd6,Arsenal adidas 26/27 Home Scarf,1,736000,2936000,30000,Banking,delivered,Đà Nẵng,false,2025-11-07T00:00:00.000Z,2025-11-07T00:00:00.000Z
6a23bf11d8b02e51814556ee,6a23bf0fd8b02e518145534c,Võ Đức Cường,khachhang1780727567493@gmail.com,6a1850eb1a7b2fdb0ae873a2,Áo Đấu Sân Nhà Arsenal 25/26 Nữ,1,2200000,2936000,30000,Banking,delivered,Đà Nẵng,false,2025-11-07T00:00:00.000Z,2025-11-07T00:00:00.000Z
6a23bf11d8b02e51814556f1,6a23bf0fd8b02e5181455354,Dương Công Long,khachhang1780727567501@gmail.com,6a1856198db103285a259cb8,Arsenal adidas 26/27 Home Goalkeeper Shirt,1,2720000,2720000,30000,Momo,delivered,Hồ Chí Minh,false,2025-11-07T00:00:00.000Z,2025-11-07T00:00:00.000Z
6a23bf11d8b02e51814556f3,6a23bf0fd8b02e518145534e,Đỗ Hữu Khoa,khachhang1780727567495@gmail.com,6a1856198db103285a259c91,Arsenal adidas 26/27 Home Mini Kit,2,1600000,3200000,30000,Banking,delivered,Hà Nội,false,2025-11-07T00:00:00.000Z,2025-11-07T00:00:00.000Z
6a23bf11d8b02e51814556f5,6a23bf0fd8b02e5181455347,Phạm Đức Thành,khachhang1780727567488@gmail.com,6a1856198db103285a259ceb,Arsenal adidas 25/26 Away Mini Kit,1,1600000,3040000,30000,COD,pending,Hà Nội,false,2025-11-08T00:00:00.000Z,2025-11-08T00:00:00.000Z
6a23bf11d8b02e51814556f5,6a23bf0fd8b02e5181455347,Phạm Đức Thành,khachhang1780727567488@gmail.com,6a1856198db103285a259caf,Arsenal adidas 26/27 Authentic Alternate Home Shorts,1,1440000,3040000,30000,COD,pending,Hà Nội,false,2025-11-08T00:00:00.000Z,2025-11-08T00:00:00.000Z
6a23bf11d8b02e51814556f8,6a23bf0fd8b02e5181455353,Phan Công Phúc,khachhang1780727567500@gmail.com,6a18590b2bc10bb7e5e86480,Arsenal adidas 26/27 Red Home Cap,1,640000,3360000,0,VNPay,delivered,Hồ Chí Minh,false,2025-11-08T00:00:00.000Z,2025-11-08T00:00:00.000Z
6a23bf11d8b02e51814556f8,6a23bf0fd8b02e5181455353,Phan Công Phúc,khachhang1780727567500@gmail.com,6a18590b2bc10bb7e5e86443,Arsenal adidas 26/27 Home Shirt,1,2720000,3360000,0,VNPay,delivered,Hồ Chí Minh,false,2025-11-08T00:00:00.000Z,2025-11-08T00:00:00.000Z
6a23bf11d8b02e51814556fb,6a23bf0fd8b02e5181455349,Võ Mỹ Trang,khachhang1780727567490@gmail.com,6a18590b2bc10bb7e5e8643c,Arsenal adidas 26/27 Authentic Home Shirt,1,3840000,3840000,0,COD,delivered,Hồ Chí Minh,false,2025-11-08T00:00:00.000Z,2025-11-08T00:00:00.000Z
6a23bf11d8b02e51814556fd,6a23bf0fd8b02e5181455353,Phan Công Phúc,khachhang1780727567500@gmail.com,6a1856198db103285a259cac,Arsenal adidas 26/27 Authentic Home Shorts,2,1440000,2880000,0,Momo,delivered,Hồ Chí Minh,false,2025-11-08T00:00:00.000Z,2025-11-08T00:00:00.000Z
6a23bf11d8b02e51814556ff,6a23bf0fd8b02e5181455353,Phan Công Phúc,khachhang1780727567500@gmail.com,6a18590b2bc10bb7e5e8645a,Arsenal adidas 26/27 Home Shorts,2,1216000,2432000,0,VNPay,shipping,Hồ Chí Minh,false,2025-11-08T00:00:00.000Z,2025-11-08T00:00:00.000Z
6a23bf11d8b02e5181455701,6a23bf0fd8b02e5181455346,Võ Hải Đạt,khachhang1780727567487@gmail.com,6a1850eb1a7b2fdb0ae8739f,Áo Đấu Thứ Ba Arsenal 25/26 – Fan Version,1,2200000,2200000,0,Momo,delivered,Hồ Chí Minh,false,2025-11-09T00:00:00.000Z,2025-11-09T00:00:00.000Z
6a23bf11d8b02e5181455703,6a23bf0fd8b02e5181455346,Võ Hải Đạt,khachhang1780727567487@gmail.com,69ec674e7fb179301d9a2db9,Mũ Lưỡi Trai Arsenal,2,450000,4740000,30000,COD,pending,Hồ Chí Minh,false,2025-11-09T00:00:00.000Z,2025-11-09T00:00:00.000Z
6a23bf11d8b02e5181455703,6a23bf0fd8b02e5181455346,Võ Hải Đạt,khachhang1780727567487@gmail.com,6a1856198db103285a259c82,Arsenal adidas Womens 26/27 Authentic Home Shirt,1,3840000,4740000,30000,COD,pending,Hồ Chí Minh,false,2025-11-09T00:00:00.000Z,2025-11-09T00:00:00.000Z
6a23bf11d8b02e5181455706,6a23bf0fd8b02e518145534d,Đặng Hải Tuấn,khachhang1780727567494@gmail.com,6a1850eb1a7b2fdb0ae873b7,Găng Tay Thủ Môn Arsenal Predator 25/26,1,1500000,1500000,30000,Momo,delivered,Hồ Chí Minh,false,2025-11-09T00:00:00.000Z,2025-11-09T00:00:00.000Z
6a23bf11d8b02e5181455708,6a23bf0fd8b02e5181455353,Phan Công Phúc,khachhang1780727567500@gmail.com,6a1856198db103285a259c91,Arsenal adidas 26/27 Home Mini Kit,1,1600000,1600000,30000,VNPay,pending,Hồ Chí Minh,false,2025-11-10T00:00:00.000Z,2025-11-10T00:00:00.000Z
6a23bf11d8b02e518145570a,6a23bf0fd8b02e5181455356,Vũ Công Hùng,khachhang1780727567503@gmail.com,6a1850eb1a7b2fdb0ae873bd,Tất Sân Khách Arsenal 25/26 – Away Socks,1,350000,1566000,30000,COD,cancelled,Hà Nội,false,2025-11-10T00:00:00.000Z,2025-11-10T00:00:00.000Z
6a23bf11d8b02e518145570a,6a23bf0fd8b02e5181455356,Vũ Công Hùng,khachhang1780727567503@gmail.com,6a1856198db103285a259cbe,Arsenal adidas 26/27 Home Goalkeeper Shorts,1,1216000,1566000,30000,COD,cancelled,Hà Nội,false,2025-11-10T00:00:00.000Z,2025-11-10T00:00:00.000Z
6a23bf11d8b02e518145570d,6a23bf0fd8b02e5181455352,Phạm Đình Thành,khachhang1780727567499@gmail.com,6a1856198db103285a259cf1,Arsenal adidas Kids 25/26 Away Shirt,2,1920000,5440000,30000,Banking,cancelled,Hà Nội,false,2025-11-11T00:00:00.000Z,2025-11-11T00:00:00.000Z
6a23bf11d8b02e518145570d,6a23bf0fd8b02e5181455352,Phạm Đình Thành,khachhang1780727567499@gmail.com,6a1856198db103285a259ceb,Arsenal adidas 25/26 Away Mini Kit,1,1600000,5440000,30000,Banking,cancelled,Hà Nội,false,2025-11-11T00:00:00.000Z,2025-11-11T00:00:00.000Z
6a23bf11d8b02e5181455710,6a23bf0fd8b02e5181455351,Lý Thúy Trang,khachhang1780727567498@gmail.com,6a1856198db103285a259d18,Arsenal adidas 25/26 Third Socks,2,640000,1280000,0,COD,delivered,Đà Nẵng,false,2025-11-11T00:00:00.000Z,2025-11-11T00:00:00.000Z
6a23bf11d8b02e5181455712,6a23bf0fd8b02e5181455346,Võ Hải Đạt,khachhang1780727567487@gmail.com,6a1856198db103285a259c85,Arsenal adidas Kids 26/27 Authentic Home Shirt,1,2560000,2560000,0,VNPay,delivered,Hồ Chí Minh,false,2025-11-11T00:00:00.000Z,2025-11-11T00:00:00.000Z
6a23bf11d8b02e5181455714,6a23bf0fd8b02e5181455346,Võ Hải Đạt,khachhang1780727567487@gmail.com,6a1856198db103285a259cd6,Arsenal adidas 26/27 Home Scarf,2,736000,1472000,30000,Banking,delivered,Hồ Chí Minh,false,2025-11-12T00:00:00.000Z,2025-11-12T00:00:00.000Z
6a23bf11d8b02e5181455716,6a23bf0fd8b02e518145534f,Vũ Lan Linh,khachhang1780727567496@gmail.com,6a1856198db103285a259ce5,Arsenal adidas 26/27 Home Beanie,2,736000,5312000,0,COD,delivered,Hồ Chí Minh,false,2025-11-13T00:00:00.000Z,2025-11-13T00:00:00.000Z
6a23bf11d8b02e5181455716,6a23bf0fd8b02e518145534f,Vũ Lan Linh,khachhang1780727567496@gmail.com,6a18590b2bc10bb7e5e8643c,Arsenal adidas 26/27 Authentic Home Shirt,1,3840000,5312000,0,COD,delivered,Hồ Chí Minh,false,2025-11-13T00:00:00.000Z,2025-11-13T00:00:00.000Z
6a23bf11d8b02e5181455719,6a23bf0fd8b02e5181455349,Võ Mỹ Trang,khachhang1780727567490@gmail.com,6a1850ea1a7b2fdb0ae87396,Áo Đấu Sân Nhà Arsenal 25/26 – Fan Version,1,2200000,2200000,30000,Momo,delivered,Hồ Chí Minh,false,2025-11-13T00:00:00.000Z,2025-11-13T00:00:00.000Z
6a23bf11d8b02e518145571b,6a23bf0fd8b02e5181455352,Phạm Đình Thành,khachhang1780727567499@gmail.com,6a18590b2bc10bb7e5e86474,Arsenal adidas 26/27 Home Black Backpack,1,1280000,3840000,30000,Banking,delivered,Hà Nội,false,2025-11-14T00:00:00.000Z,2025-11-14T00:00:00.000Z
6a23bf11d8b02e518145571b,6a23bf0fd8b02e5181455352,Phạm Đình Thành,khachhang1780727567499@gmail.com,6a1856198db103285a259ccd,Arsenal adidas 26/27 Red Backpack,2,1280000,3840000,30000,Banking,delivered,Hà Nội,false,2025-11-14T00:00:00.000Z,2025-11-14T00:00:00.000Z
6a23bf11d8b02e518145571e,6a23bf0fd8b02e5181455358,Lý Thúy Yến,khachhang1780727567505@gmail.com,6a1856198db103285a259d0f,Arsenal adidas Kids 25/26 Third Shorts,2,960000,4352000,30000,COD,shipping,Hồ Chí Minh,false,2025-11-15T00:00:00.000Z,2025-11-15T00:00:00.000Z
6a23bf11d8b02e518145571e,6a23bf0fd8b02e5181455358,Lý Thúy Yến,khachhang1780727567505@gmail.com,6a1856198db103285a259d06,Arsenal adidas 25/26 Third Shorts,2,1216000,4352000,30000,COD,shipping,Hồ Chí Minh,false,2025-11-15T00:00:00.000Z,2025-11-15T00:00:00.000Z
6a23bf11d8b02e5181455721,6a23bf0fd8b02e518145534b,Đặng Ngọc Bảo,khachhang1780727567492@gmail.com,6a1856198db103285a259ca0,Arsenal adidas Kids 26/27 Long Sleeved Home Shirt,2,2080000,4160000,0,Banking,shipping,Đà Nẵng,false,2025-11-16T00:00:00.000Z,2025-11-16T00:00:00.000Z
6a23bf11d8b02e5181455723,6a23bf0fd8b02e5181455346,Võ Hải Đạt,khachhang1780727567487@gmail.com,6a1856198db103285a259c82,Arsenal adidas Womens 26/27 Authentic Home Shirt,2,3840000,7680000,30000,Momo,delivered,Hồ Chí Minh,false,2025-11-16T00:00:00.000Z,2025-11-16T00:00:00.000Z
6a23bf11d8b02e5181455725,6a23bf0fd8b02e518145534e,Đỗ Hữu Khoa,khachhang1780727567495@gmail.com,6a1856198db103285a259c94,Arsenal adidas Womens 26/27 Crop Home Shirt,2,2400000,8960000,30000,Momo,delivered,Hà Nội,false,2025-11-17T00:00:00.000Z,2025-11-17T00:00:00.000Z
6a23bf11d8b02e5181455725,6a23bf0fd8b02e518145534e,Đỗ Hữu Khoa,khachhang1780727567495@gmail.com,6a1856198db103285a259c97,Arsenal adidas 26/27 Authentic Home Long Sleeved Shirt,1,4160000,8960000,30000,Momo,delivered,Hà Nội,false,2025-11-17T00:00:00.000Z,2025-11-17T00:00:00.000Z
6a23bf11d8b02e5181455728,6a23bf0fd8b02e5181455347,Phạm Đức Thành,khachhang1780727567488@gmail.com,6a1856198db103285a259caf,Arsenal adidas 26/27 Authentic Alternate Home Shorts,2,1440000,8320000,30000,COD,delivered,Hà Nội,false,2025-11-17T00:00:00.000Z,2025-11-17T00:00:00.000Z
6a23bf11d8b02e5181455728,6a23bf0fd8b02e5181455347,Phạm Đức Thành,khachhang1780727567488@gmail.com,6a18590b2bc10bb7e5e8648c,Arsenal adidas 25/26 Away Shirt,2,2720000,8320000,30000,COD,delivered,Hà Nội,false,2025-11-17T00:00:00.000Z,2025-11-17T00:00:00.000Z
6a23bf11d8b02e518145572b,6a23bf0fd8b02e5181455358,Lý Thúy Yến,khachhang1780727567505@gmail.com,6a18590b2bc10bb7e5e86479,Arsenal adidas 26/27 Home Football Size 5,2,640000,9600000,30000,Momo,shipping,Hồ Chí Minh,false,2025-11-18T00:00:00.000Z,2025-11-18T00:00:00.000Z
6a23bf11d8b02e518145572b,6a23bf0fd8b02e5181455358,Lý Thúy Yến,khachhang1780727567505@gmail.com,6a1856198db103285a259c97,Arsenal adidas 26/27 Authentic Home Long Sleeved Shirt,2,4160000,9600000,30000,Momo,shipping,Hồ Chí Minh,false,2025-11-18T00:00:00.000Z,2025-11-18T00:00:00.000Z
6a23bf11d8b02e518145572e,6a23bf0fd8b02e518145534e,Đỗ Hữu Khoa,khachhang1780727567495@gmail.com,6a1856198db103285a259cfa,Arsenal adidas 25/26 Away Shorts,2,1216000,6832000,30000,VNPay,delivered,Hà Nội,false,2025-11-19T00:00:00.000Z,2025-11-19T00:00:00.000Z
6a23bf11d8b02e518145572e,6a23bf0fd8b02e518145534e,Đỗ Hữu Khoa,khachhang1780727567495@gmail.com,6a1850eb1a7b2fdb0ae87399,Áo Đấu Sân Khách Arsenal 25/26 – Fan Version,2,2200000,6832000,30000,VNPay,delivered,Hà Nội,false,2025-11-19T00:00:00.000Z,2025-11-19T00:00:00.000Z
6a23bf11d8b02e5181455731,6a23bf0fd8b02e5181455355,Ngô Thu Hà,khachhang1780727567502@gmail.com,6a1850eb1a7b2fdb0ae873bd,Tất Sân Khách Arsenal 25/26 – Away Socks,2,350000,4860000,0,Banking,delivered,Đà Nẵng,false,2025-11-20T00:00:00.000Z,2025-11-20T00:00:00.000Z
6a23bf11d8b02e5181455731,6a23bf0fd8b02e5181455355,Ngô Thu Hà,khachhang1780727567502@gmail.com,6a1856198db103285a259c97,Arsenal adidas 26/27 Authentic Home Long Sleeved Shirt,1,4160000,4860000,0,Banking,delivered,Đà Nẵng,false,2025-11-20T00:00:00.000Z,2025-11-20T00:00:00.000Z
6a23bf11d8b02e5181455734,6a23bf0fd8b02e518145534f,Vũ Lan Linh,khachhang1780727567496@gmail.com,6a1856198db103285a259ccd,Arsenal adidas 26/27 Red Backpack,2,1280000,2560000,0,Momo,delivered,Hồ Chí Minh,false,2025-11-21T00:00:00.000Z,2025-11-21T00:00:00.000Z
6a23bf11d8b02e5181455736,6a23bf0fd8b02e5181455356,Vũ Công Hùng,khachhang1780727567503@gmail.com,6a1856198db103285a259ca0,Arsenal adidas Kids 26/27 Long Sleeved Home Shirt,2,2080000,4160000,0,Banking,delivered,Hà Nội,false,2025-11-22T00:00:00.000Z,2025-11-22T00:00:00.000Z
6a23bf11d8b02e5181455738,6a23bf0fd8b02e518145534e,Đỗ Hữu Khoa,khachhang1780727567495@gmail.com,6a18590b2bc10bb7e5e86446,Arsenal adidas Womens 26/27 Home Shirt,2,2720000,5440000,0,COD,delivered,Hà Nội,false,2025-11-23T00:00:00.000Z,2025-11-23T00:00:00.000Z
6a23bf11d8b02e518145573a,6a23bf0fd8b02e5181455351,Lý Thúy Trang,khachhang1780727567498@gmail.com,6a18590b2bc10bb7e5e86480,Arsenal adidas 26/27 Red Home Cap,2,640000,1280000,0,COD,shipping,Đà Nẵng,false,2025-11-23T00:00:00.000Z,2025-11-23T00:00:00.000Z
6a23bf11d8b02e518145573c,6a23bf0fd8b02e5181455346,Võ Hải Đạt,khachhang1780727567487@gmail.com,6a18590b2bc10bb7e5e86491,Arsenal adidas 25/26 Authentic Away Shirt,2,3840000,7680000,0,VNPay,delivered,Hồ Chí Minh,false,2025-11-23T00:00:00.000Z,2025-11-23T00:00:00.000Z
6a23bf11d8b02e518145573e,6a23bf0fd8b02e5181455347,Phạm Đức Thành,khachhang1780727567488@gmail.com,6a1856198db103285a259d0c,Arsenal 25/26 Third Goalkeeper Shirt,2,1632000,3264000,30000,VNPay,delivered,Hà Nội,false,2025-11-23T00:00:00.000Z,2025-11-23T00:00:00.000Z
6a23bf11d8b02e5181455740,6a23bf0fd8b02e5181455355,Ngô Thu Hà,khachhang1780727567502@gmail.com,6a1856198db103285a259d09,Arsenal adidas 25/26 Third Mini Kit,1,1600000,1600000,30000,VNPay,shipping,Đà Nẵng,false,2025-11-23T00:00:00.000Z,2025-11-23T00:00:00.000Z
6a23bf11d8b02e5181455742,6a23bf0fd8b02e518145534d,Đặng Hải Tuấn,khachhang1780727567494@gmail.com,6a1856198db103285a259cb8,Arsenal adidas 26/27 Home Goalkeeper Shirt,1,2720000,3360000,0,COD,pending,Hồ Chí Minh,false,2025-11-23T00:00:00.000Z,2025-11-23T00:00:00.000Z
6a23bf11d8b02e5181455742,6a23bf0fd8b02e518145534d,Đặng Hải Tuấn,khachhang1780727567494@gmail.com,6a1856198db103285a259cc4,Arsenal adidas 26/27 Home Goalkeeper Socks,1,640000,3360000,0,COD,pending,Hồ Chí Minh,false,2025-11-23T00:00:00.000Z,2025-11-23T00:00:00.000Z
6a23bf11d8b02e5181455745,6a23bf0fd8b02e518145534c,Võ Đức Cường,khachhang1780727567493@gmail.com,6a18590b2bc10bb7e5e86499,Arsenal adidas Kids 25/26 Away Socks,2,512000,1344000,30000,Banking,delivered,Đà Nẵng,false,2025-11-23T00:00:00.000Z,2025-11-23T00:00:00.000Z
6a23bf11d8b02e5181455745,6a23bf0fd8b02e518145534c,Võ Đức Cường,khachhang1780727567493@gmail.com,6a1856198db103285a259cdf,Arsenal adidas 26/27 Home Water Bottle,1,320000,1344000,30000,Banking,delivered,Đà Nẵng,false,2025-11-23T00:00:00.000Z,2025-11-23T00:00:00.000Z
6a23bf11d8b02e5181455748,6a23bf0fd8b02e5181455349,Võ Mỹ Trang,khachhang1780727567490@gmail.com,6a1856198db103285a259ccd,Arsenal adidas 26/27 Red Backpack,1,1280000,1280000,0,Momo,cancelled,Hồ Chí Minh,false,2025-11-23T00:00:00.000Z,2025-11-23T00:00:00.000Z
6a23bf11d8b02e518145574a,6a23bf0fd8b02e5181455358,Lý Thúy Yến,khachhang1780727567505@gmail.com,6a1850eb1a7b2fdb0ae873ae,Quần Tập Luyện Arsenal 25/26 – Training Pants,1,1600000,3100000,0,COD,cancelled,Hồ Chí Minh,false,2025-11-23T00:00:00.000Z,2025-11-23T00:00:00.000Z
6a23bf11d8b02e518145574a,6a23bf0fd8b02e5181455358,Lý Thúy Yến,khachhang1780727567505@gmail.com,69ec674e7fb179301d9a2db6,Tất sân nhà Arsenal 2025-2026,2,750000,3100000,0,COD,cancelled,Hồ Chí Minh,false,2025-11-23T00:00:00.000Z,2025-11-23T00:00:00.000Z
6a23bf11d8b02e518145574d,6a23bf0fd8b02e5181455358,Lý Thúy Yến,khachhang1780727567505@gmail.com,6a18590b2bc10bb7e5e86443,Arsenal adidas 26/27 Home Shirt,1,2720000,2720000,30000,Banking,delivered,Hồ Chí Minh,false,2025-11-24T00:00:00.000Z,2025-11-24T00:00:00.000Z
6a23bf11d8b02e518145574f,6a23bf0fd8b02e5181455347,Phạm Đức Thành,khachhang1780727567488@gmail.com,6a1850eb1a7b2fdb0ae873ba,Bóng Đá Arsenal FC adidas 25/26,1,800000,2400000,30000,Banking,delivered,Hà Nội,false,2025-11-24T00:00:00.000Z,2025-11-24T00:00:00.000Z
6a23bf11d8b02e518145574f,6a23bf0fd8b02e5181455347,Phạm Đức Thành,khachhang1780727567488@gmail.com,6a1856198db103285a259ceb,Arsenal adidas 25/26 Away Mini Kit,1,1600000,2400000,30000,Banking,delivered,Hà Nội,false,2025-11-24T00:00:00.000Z,2025-11-24T00:00:00.000Z
6a23bf11d8b02e5181455752,6a23bf0fd8b02e518145534c,Võ Đức Cường,khachhang1780727567493@gmail.com,6a18590b2bc10bb7e5e86449,Arsenal adidas Kids 26/27 Home Shirt,2,1920000,3840000,30000,COD,delivered,Đà Nẵng,false,2025-11-24T00:00:00.000Z,2025-11-24T00:00:00.000Z
6a23bf11d8b02e5181455754,6a23bf0fd8b02e5181455353,Phan Công Phúc,khachhang1780727567500@gmail.com,69ec674e7fb179301d9a2db5,Quần short tập luyện,1,1100000,1100000,0,Banking,delivered,Hồ Chí Minh,false,2025-11-24T00:00:00.000Z,2025-11-24T00:00:00.000Z
6a23bf11d8b02e5181455756,6a23bf0fd8b02e5181455354,Dương Công Long,khachhang1780727567501@gmail.com,6a1856198db103285a259cb8,Arsenal adidas 26/27 Home Goalkeeper Shirt,1,2720000,2720000,0,VNPay,pending,Hồ Chí Minh,false,2025-11-24T00:00:00.000Z,2025-11-24T00:00:00.000Z
6a23bf11d8b02e5181455758,6a23bf0fd8b02e5181455359,Dương Hồng Hà,khachhang1780727567506@gmail.com,6a1850ea1a7b2fdb0ae87393,Áo Đấu Sân Nhà Arsenal 25/26 – Authentic,2,3000000,6640000,30000,COD,cancelled,Đà Nẵng,false,2025-11-24T00:00:00.000Z,2025-11-24T00:00:00.000Z
6a23bf11d8b02e5181455758,6a23bf0fd8b02e5181455359,Dương Hồng Hà,khachhang1780727567506@gmail.com,6a18590b2bc10bb7e5e86463,Arsenal adidas 26/27 Home Socks,1,640000,6640000,30000,COD,cancelled,Đà Nẵng,false,2025-11-24T00:00:00.000Z,2025-11-24T00:00:00.000Z
6a23bf11d8b02e518145575b,6a23bf0fd8b02e5181455357,Hồ Hải Đạt,khachhang1780727567504@gmail.com,6a1856198db103285a259cd6,Arsenal adidas 26/27 Home Scarf,2,736000,1472000,30000,VNPay,delivered,Hà Nội,false,2025-11-24T00:00:00.000Z,2025-11-24T00:00:00.000Z
6a23bf11d8b02e518145575d,6a23bf0fd8b02e5181455357,Hồ Hải Đạt,khachhang1780727567504@gmail.com,6a1856198db103285a259caf,Arsenal adidas 26/27 Authentic Alternate Home Shorts,1,1440000,1440000,30000,VNPay,delivered,Hà Nội,false,2025-11-25T00:00:00.000Z,2025-11-25T00:00:00.000Z
6a23bf11d8b02e518145575f,6a23bf0fd8b02e5181455359,Dương Hồng Hà,khachhang1780727567506@gmail.com,6a1856198db103285a259cb5,Arsenal adidas Kids 26/27 Home Socks,1,512000,512000,30000,Momo,pending,Đà Nẵng,false,2025-11-25T00:00:00.000Z,2025-11-25T00:00:00.000Z
6a23bf11d8b02e5181455761,6a23bf0fd8b02e518145534b,Đặng Ngọc Bảo,khachhang1780727567492@gmail.com,6a18590b2bc10bb7e5e86496,Arsenal adidas Kids 25/26 Away Shorts,1,960000,5360000,30000,COD,delivered,Đà Nẵng,false,2025-11-25T00:00:00.000Z,2025-11-25T00:00:00.000Z
6a23bf11d8b02e5181455761,6a23bf0fd8b02e518145534b,Đặng Ngọc Bảo,khachhang1780727567492@gmail.com,6a1850eb1a7b2fdb0ae8739f,Áo Đấu Thứ Ba Arsenal 25/26 – Fan Version,2,2200000,5360000,30000,COD,delivered,Đà Nẵng,false,2025-11-25T00:00:00.000Z,2025-11-25T00:00:00.000Z
6a23bf11d8b02e5181455764,6a23bf0fd8b02e5181455351,Lý Thúy Trang,khachhang1780727567498@gmail.com,6a1856198db103285a259ce2,Arsenal adidas 26/27 Home Knitted Gloves,2,736000,5312000,30000,Banking,shipping,Đà Nẵng,false,2025-11-25T00:00:00.000Z,2025-11-25T00:00:00.000Z
6a23bf11d8b02e5181455764,6a23bf0fd8b02e5181455351,Lý Thúy Trang,khachhang1780727567498@gmail.com,6a1856198db103285a259d03,Arsenal adidas Kids 25/26 Third Shirt,2,1920000,5312000,30000,Banking,shipping,Đà Nẵng,false,2025-11-25T00:00:00.000Z,2025-11-25T00:00:00.000Z
6a23bf11d8b02e5181455767,6a23bf0fd8b02e5181455357,Hồ Hải Đạt,khachhang1780727567504@gmail.com,6a1856198db103285a259cbb,Arsenal adidas Kids 26/27 Long Sleeved Home Goalkeeper Shirt,2,2080000,4160000,0,COD,delivered,Hà Nội,false,2025-11-25T00:00:00.000Z,2025-11-25T00:00:00.000Z
6a23bf11d8b02e5181455769,6a23bf0fd8b02e518145534c,Võ Đức Cường,khachhang1780727567493@gmail.com,6a18590b2bc10bb7e5e86474,Arsenal adidas 26/27 Home Black Backpack,2,1280000,2560000,30000,Momo,cancelled,Đà Nẵng,false,2025-11-25T00:00:00.000Z,2025-11-25T00:00:00.000Z
6a23bf11d8b02e518145576b,6a23bf0fd8b02e518145534b,Đặng Ngọc Bảo,khachhang1780727567492@gmail.com,6a18590b2bc10bb7e5e86491,Arsenal adidas 25/26 Authentic Away Shirt,1,3840000,3840000,30000,VNPay,shipping,Đà Nẵng,false,2025-11-26T00:00:00.000Z,2025-11-26T00:00:00.000Z
6a23bf11d8b02e518145576d,6a23bf0fd8b02e5181455356,Vũ Công Hùng,khachhang1780727567503@gmail.com,6a18590b2bc10bb7e5e86443,Arsenal adidas 26/27 Home Shirt,2,2720000,7640000,30000,COD,delivered,Hà Nội,false,2025-11-26T00:00:00.000Z,2025-11-26T00:00:00.000Z
6a23bf11d8b02e518145576d,6a23bf0fd8b02e5181455356,Vũ Công Hùng,khachhang1780727567503@gmail.com,6a1850ea1a7b2fdb0ae87396,Áo Đấu Sân Nhà Arsenal 25/26 – Fan Version,1,2200000,7640000,30000,COD,delivered,Hà Nội,false,2025-11-26T00:00:00.000Z,2025-11-26T00:00:00.000Z
6a23bf11d8b02e5181455770,6a23bf0fd8b02e518145534f,Vũ Lan Linh,khachhang1780727567496@gmail.com,6a18590b2bc10bb7e5e86449,Arsenal adidas Kids 26/27 Home Shirt,1,1920000,3520000,30000,Banking,delivered,Hồ Chí Minh,false,2025-11-26T00:00:00.000Z,2025-11-26T00:00:00.000Z
6a23bf11d8b02e5181455770,6a23bf0fd8b02e518145534f,Vũ Lan Linh,khachhang1780727567496@gmail.com,6a1850eb1a7b2fdb0ae873ba,Bóng Đá Arsenal FC adidas 25/26,2,800000,3520000,30000,Banking,delivered,Hồ Chí Minh,false,2025-11-26T00:00:00.000Z,2025-11-26T00:00:00.000Z
6a23bf11d8b02e5181455773,6a23bf0fd8b02e5181455348,Võ Bích Hà,khachhang1780727567489@gmail.com,6a18590b2bc10bb7e5e86463,Arsenal adidas 26/27 Home Socks,2,640000,1280000,30000,Momo,shipping,Đà Nẵng,false,2025-11-26T00:00:00.000Z,2025-11-26T00:00:00.000Z
6a23bf11d8b02e5181455775,6a23bf0fd8b02e5181455354,Dương Công Long,khachhang1780727567501@gmail.com,6a1856198db103285a259d15,Arsenal adidas Kids 25/26 Third Goalkeeper Shirt,1,1920000,4640000,30000,COD,delivered,Hồ Chí Minh,false,2025-11-26T00:00:00.000Z,2025-11-26T00:00:00.000Z
6a23bf11d8b02e5181455775,6a23bf0fd8b02e5181455354,Dương Công Long,khachhang1780727567501@gmail.com,6a18590b2bc10bb7e5e86443,Arsenal adidas 26/27 Home Shirt,1,2720000,4640000,30000,COD,delivered,Hồ Chí Minh,false,2025-11-26T00:00:00.000Z,2025-11-26T00:00:00.000Z
6a23bf11d8b02e5181455778,6a23bf0fd8b02e5181455353,Phan Công Phúc,khachhang1780727567500@gmail.com,6a1856198db103285a259c85,Arsenal adidas Kids 26/27 Authentic Home Shirt,1,2560000,2560000,30000,Banking,pending,Hồ Chí Minh,false,2025-11-26T00:00:00.000Z,2025-11-26T00:00:00.000Z
6a23bf11d8b02e518145577a,6a23bf0fd8b02e5181455351,Lý Thúy Trang,khachhang1780727567498@gmail.com,6a1856198db103285a259c91,Arsenal adidas 26/27 Home Mini Kit,2,1600000,4100000,0,COD,shipping,Đà Nẵng,false,2025-11-26T00:00:00.000Z,2025-11-26T00:00:00.000Z
6a23bf11d8b02e518145577a,6a23bf0fd8b02e5181455351,Lý Thúy Trang,khachhang1780727567498@gmail.com,69ec674e7fb179301d9a2db9,Mũ Lưỡi Trai Arsenal,2,450000,4100000,0,COD,shipping,Đà Nẵng,false,2025-11-26T00:00:00.000Z,2025-11-26T00:00:00.000Z
6a23bf11d8b02e518145577d,6a23bf0fd8b02e518145534e,Đỗ Hữu Khoa,khachhang1780727567495@gmail.com,6a1856198db103285a259cb5,Arsenal adidas Kids 26/27 Home Socks,2,512000,1024000,0,COD,delivered,Hà Nội,false,2025-11-26T00:00:00.000Z,2025-11-26T00:00:00.000Z
6a23bf11d8b02e518145577f,6a23bf0fd8b02e5181455355,Ngô Thu Hà,khachhang1780727567502@gmail.com,6a1856198db103285a259d18,Arsenal adidas 25/26 Third Socks,1,640000,1540000,0,Momo,shipping,Đà Nẵng,false,2025-11-27T00:00:00.000Z,2025-11-27T00:00:00.000Z
6a23bf11d8b02e518145577f,6a23bf0fd8b02e5181455355,Ngô Thu Hà,khachhang1780727567502@gmail.com,69ec674e7fb179301d9a2db9,Mũ Lưỡi Trai Arsenal,2,450000,1540000,0,Momo,shipping,Đà Nẵng,false,2025-11-27T00:00:00.000Z,2025-11-27T00:00:00.000Z
6a23bf11d8b02e5181455782,6a23bf0fd8b02e518145534f,Vũ Lan Linh,khachhang1780727567496@gmail.com,6a1856198db103285a259cf1,Arsenal adidas Kids 25/26 Away Shirt,1,1920000,9600000,0,COD,cancelled,Hồ Chí Minh,false,2025-11-27T00:00:00.000Z,2025-11-27T00:00:00.000Z
6a23bf11d8b02e5181455782,6a23bf0fd8b02e518145534f,Vũ Lan Linh,khachhang1780727567496@gmail.com,6a1856198db103285a259c82,Arsenal adidas Womens 26/27 Authentic Home Shirt,2,3840000,9600000,0,COD,cancelled,Hồ Chí Minh,false,2025-11-27T00:00:00.000Z,2025-11-27T00:00:00.000Z
6a23bf11d8b02e5181455785,6a23bf0fd8b02e518145534b,Đặng Ngọc Bảo,khachhang1780727567492@gmail.com,6a1856198db103285a259d15,Arsenal adidas Kids 25/26 Third Goalkeeper Shirt,1,1920000,2880000,30000,Banking,cancelled,Đà Nẵng,false,2025-11-27T00:00:00.000Z,2025-11-27T00:00:00.000Z
6a23bf11d8b02e5181455785,6a23bf0fd8b02e518145534b,Đặng Ngọc Bảo,khachhang1780727567492@gmail.com,6a1856198db103285a259d0f,Arsenal adidas Kids 25/26 Third Shorts,1,960000,2880000,30000,Banking,cancelled,Đà Nẵng,false,2025-11-27T00:00:00.000Z,2025-11-27T00:00:00.000Z
6a23bf11d8b02e5181455788,6a23bf0fd8b02e518145534f,Vũ Lan Linh,khachhang1780727567496@gmail.com,6a1856198db103285a259c94,Arsenal adidas Womens 26/27 Crop Home Shirt,2,2400000,6080000,0,VNPay,pending,Hồ Chí Minh,false,2025-11-27T00:00:00.000Z,2025-11-27T00:00:00.000Z
6a23bf11d8b02e5181455788,6a23bf0fd8b02e518145534f,Vũ Lan Linh,khachhang1780727567496@gmail.com,6a1856198db103285a259cc4,Arsenal adidas 26/27 Home Goalkeeper Socks,2,640000,6080000,0,VNPay,pending,Hồ Chí Minh,false,2025-11-27T00:00:00.000Z,2025-11-27T00:00:00.000Z
6a23bf11d8b02e518145578b,6a23bf0fd8b02e5181455357,Hồ Hải Đạt,khachhang1780727567504@gmail.com,6a1850eb1a7b2fdb0ae873b1,Balo Arsenal FC 25/26 – Backpack,1,1200000,6320000,0,VNPay,delivered,Hà Nội,false,2025-11-27T00:00:00.000Z,2025-11-27T00:00:00.000Z
6a23bf11d8b02e518145578b,6a23bf0fd8b02e5181455357,Hồ Hải Đạt,khachhang1780727567504@gmail.com,6a1856198db103285a259c85,Arsenal adidas Kids 26/27 Authentic Home Shirt,2,2560000,6320000,0,VNPay,delivered,Hà Nội,false,2025-11-27T00:00:00.000Z,2025-11-27T00:00:00.000Z
6a23bf11d8b02e518145578e,6a23bf0fd8b02e5181455347,Phạm Đức Thành,khachhang1780727567488@gmail.com,6a1856198db103285a259ca0,Arsenal adidas Kids 26/27 Long Sleeved Home Shirt,2,2080000,4860000,30000,COD,delivered,Hà Nội,false,2025-11-27T00:00:00.000Z,2025-11-27T00:00:00.000Z
6a23bf11d8b02e518145578e,6a23bf0fd8b02e5181455347,Phạm Đức Thành,khachhang1780727567488@gmail.com,6a1850eb1a7b2fdb0ae873bd,Tất Sân Khách Arsenal 25/26 – Away Socks,2,350000,4860000,30000,COD,delivered,Hà Nội,false,2025-11-27T00:00:00.000Z,2025-11-27T00:00:00.000Z
6a23bf11d8b02e5181455791,6a23bf0fd8b02e5181455352,Phạm Đình Thành,khachhang1780727567499@gmail.com,6a1856198db103285a259d0c,Arsenal 25/26 Third Goalkeeper Shirt,2,1632000,3264000,0,VNPay,shipping,Hà Nội,false,2025-11-27T00:00:00.000Z,2025-11-27T00:00:00.000Z
6a23bf11d8b02e5181455793,6a23bf0fd8b02e5181455348,Võ Bích Hà,khachhang1780727567489@gmail.com,6a1856198db103285a259cd6,Arsenal adidas 26/27 Home Scarf,2,736000,5312000,0,Banking,shipping,Đà Nẵng,false,2025-11-27T00:00:00.000Z,2025-11-27T00:00:00.000Z
6a23bf11d8b02e5181455793,6a23bf0fd8b02e5181455348,Võ Bích Hà,khachhang1780727567489@gmail.com,6a18590b2bc10bb7e5e8643c,Arsenal adidas 26/27 Authentic Home Shirt,1,3840000,5312000,0,Banking,shipping,Đà Nẵng,false,2025-11-27T00:00:00.000Z,2025-11-27T00:00:00.000Z
6a23bf11d8b02e5181455796,6a23bf0fd8b02e5181455349,Võ Mỹ Trang,khachhang1780727567490@gmail.com,6a1856198db103285a259c85,Arsenal adidas Kids 26/27 Authentic Home Shirt,1,2560000,4160000,0,Banking,cancelled,Hồ Chí Minh,false,2025-11-28T00:00:00.000Z,2025-11-28T00:00:00.000Z
6a23bf11d8b02e5181455796,6a23bf0fd8b02e5181455349,Võ Mỹ Trang,khachhang1780727567490@gmail.com,6a1856198db103285a259ceb,Arsenal adidas 25/26 Away Mini Kit,1,1600000,4160000,0,Banking,cancelled,Hồ Chí Minh,false,2025-11-28T00:00:00.000Z,2025-11-28T00:00:00.000Z
6a23bf11d8b02e5181455799,6a23bf0fd8b02e518145534d,Đặng Hải Tuấn,khachhang1780727567494@gmail.com,6a1856198db103285a259cdf,Arsenal adidas 26/27 Home Water Bottle,1,320000,832000,0,Momo,delivered,Hồ Chí Minh,false,2025-11-28T00:00:00.000Z,2025-11-28T00:00:00.000Z
6a23bf11d8b02e5181455799,6a23bf0fd8b02e518145534d,Đặng Hải Tuấn,khachhang1780727567494@gmail.com,6a1856198db103285a259cc7,Arsenal adidas Kids 26/27 Home Goalkeeper Socks,1,512000,832000,0,Momo,delivered,Hồ Chí Minh,false,2025-11-28T00:00:00.000Z,2025-11-28T00:00:00.000Z
6a23bf11d8b02e518145579c,6a23bf0fd8b02e5181455357,Hồ Hải Đạt,khachhang1780727567504@gmail.com,6a1856198db103285a259d0f,Arsenal adidas Kids 25/26 Third Shorts,2,960000,1920000,30000,COD,pending,Hà Nội,false,2025-11-28T00:00:00.000Z,2025-11-28T00:00:00.000Z
6a23bf11d8b02e518145579e,6a23bf0fd8b02e5181455352,Phạm Đình Thành,khachhang1780727567499@gmail.com,69ec674e7fb179301d9a2db9,Mũ Lưỡi Trai Arsenal,2,450000,900000,30000,Momo,delivered,Hà Nội,false,2025-11-28T00:00:00.000Z,2025-11-28T00:00:00.000Z
6a23bf11d8b02e51814557a0,6a23bf0fd8b02e5181455351,Lý Thúy Trang,khachhang1780727567498@gmail.com,6a1856198db103285a259ceb,Arsenal adidas 25/26 Away Mini Kit,2,1600000,3712000,0,Banking,shipping,Đà Nẵng,false,2025-11-28T00:00:00.000Z,2025-11-28T00:00:00.000Z
6a23bf11d8b02e51814557a0,6a23bf0fd8b02e5181455351,Lý Thúy Trang,khachhang1780727567498@gmail.com,6a1856198db103285a259cb5,Arsenal adidas Kids 26/27 Home Socks,1,512000,3712000,0,Banking,shipping,Đà Nẵng,false,2025-11-28T00:00:00.000Z,2025-11-28T00:00:00.000Z
6a23bf11d8b02e51814557a3,6a23bf0fd8b02e5181455354,Dương Công Long,khachhang1780727567501@gmail.com,6a1850eb1a7b2fdb0ae873b1,Balo Arsenal FC 25/26 – Backpack,1,1200000,1200000,30000,Banking,delivered,Hồ Chí Minh,false,2025-11-29T00:00:00.000Z,2025-11-29T00:00:00.000Z
6a23bf11d8b02e51814557a5,6a23bf0fd8b02e5181455347,Phạm Đức Thành,khachhang1780727567488@gmail.com,6a1856198db103285a259ca0,Arsenal adidas Kids 26/27 Long Sleeved Home Shirt,2,2080000,5376000,30000,Momo,delivered,Hà Nội,false,2025-11-29T00:00:00.000Z,2025-11-29T00:00:00.000Z
6a23bf11d8b02e51814557a5,6a23bf0fd8b02e5181455347,Phạm Đức Thành,khachhang1780727567488@gmail.com,6a18590b2bc10bb7e5e8645a,Arsenal adidas 26/27 Home Shorts,1,1216000,5376000,30000,Momo,delivered,Hà Nội,false,2025-11-29T00:00:00.000Z,2025-11-29T00:00:00.000Z
6a23bf11d8b02e51814557a8,6a23bf0fd8b02e5181455353,Phan Công Phúc,khachhang1780727567500@gmail.com,6a1850eb1a7b2fdb0ae8739f,Áo Đấu Thứ Ba Arsenal 25/26 – Fan Version,1,2200000,2200000,30000,VNPay,delivered,Hồ Chí Minh,false,2025-11-29T00:00:00.000Z,2025-11-29T00:00:00.000Z
6a23bf11d8b02e51814557aa,6a23bf0fd8b02e5181455346,Võ Hải Đạt,khachhang1780727567487@gmail.com,6a1856198db103285a259ce5,Arsenal adidas 26/27 Home Beanie,1,736000,3936000,30000,Banking,shipping,Hồ Chí Minh,false,2025-11-29T00:00:00.000Z,2025-11-29T00:00:00.000Z
6a23bf11d8b02e51814557aa,6a23bf0fd8b02e5181455346,Võ Hải Đạt,khachhang1780727567487@gmail.com,6a1856198db103285a259c91,Arsenal adidas 26/27 Home Mini Kit,2,1600000,3936000,30000,Banking,shipping,Hồ Chí Minh,false,2025-11-29T00:00:00.000Z,2025-11-29T00:00:00.000Z
6a23bf11d8b02e51814557ad,6a23bf0fd8b02e518145534c,Võ Đức Cường,khachhang1780727567493@gmail.com,6a1856198db103285a259ceb,Arsenal adidas 25/26 Away Mini Kit,2,1600000,4416000,30000,Momo,delivered,Đà Nẵng,false,2025-11-30T00:00:00.000Z,2025-11-30T00:00:00.000Z
6a23bf11d8b02e51814557ad,6a23bf0fd8b02e518145534c,Võ Đức Cường,khachhang1780727567493@gmail.com,6a1856198db103285a259cfa,Arsenal adidas 25/26 Away Shorts,1,1216000,4416000,30000,Momo,delivered,Đà Nẵng,false,2025-11-30T00:00:00.000Z,2025-11-30T00:00:00.000Z
6a23bf11d8b02e51814557b0,6a23bf0fd8b02e5181455350,Nguyễn Thị Anh,khachhang1780727567497@gmail.com,6a1856198db103285a259ce2,Arsenal adidas 26/27 Home Knitted Gloves,2,736000,7232000,30000,Momo,delivered,Hà Nội,false,2025-11-30T00:00:00.000Z,2025-11-30T00:00:00.000Z
6a23bf11d8b02e51814557b0,6a23bf0fd8b02e5181455350,Nguyễn Thị Anh,khachhang1780727567497@gmail.com,6a1856198db103285a259c9d,Arsenal adidas 26/27 Home Long Sleeved Shirt,2,2880000,7232000,30000,Momo,delivered,Hà Nội,false,2025-11-30T00:00:00.000Z,2025-11-30T00:00:00.000Z
6a23bf11d8b02e51814557b3,6a23bf0fd8b02e5181455352,Phạm Đình Thành,khachhang1780727567499@gmail.com,6a1850ea1a7b2fdb0ae87396,Áo Đấu Sân Nhà Arsenal 25/26 – Fan Version,1,2200000,2200000,0,COD,shipping,Hà Nội,false,2025-11-30T00:00:00.000Z,2025-11-30T00:00:00.000Z
6a23bf11d8b02e51814557b5,6a23bf0fd8b02e5181455348,Võ Bích Hà,khachhang1780727567489@gmail.com,6a1850eb1a7b2fdb0ae873b7,Găng Tay Thủ Môn Arsenal Predator 25/26,1,1500000,1500000,30000,VNPay,pending,Đà Nẵng,false,2025-11-30T00:00:00.000Z,2025-11-30T00:00:00.000Z
6a23bf11d8b02e51814557b7,6a23bf0fd8b02e5181455353,Phan Công Phúc,khachhang1780727567500@gmail.com,6a1850ea1a7b2fdb0ae87396,Áo Đấu Sân Nhà Arsenal 25/26 – Fan Version,1,2200000,4400000,0,Banking,delivered,Hồ Chí Minh,false,2025-11-30T00:00:00.000Z,2025-11-30T00:00:00.000Z
6a23bf11d8b02e51814557b7,6a23bf0fd8b02e5181455353,Phan Công Phúc,khachhang1780727567500@gmail.com,6a1850eb1a7b2fdb0ae873a2,Áo Đấu Sân Nhà Arsenal 25/26 Nữ,1,2200000,4400000,0,Banking,delivered,Hồ Chí Minh,false,2025-11-30T00:00:00.000Z,2025-11-30T00:00:00.000Z
6a23bf11d8b02e51814557ba,6a23bf0fd8b02e518145534e,Đỗ Hữu Khoa,khachhang1780727567495@gmail.com,6a1856198db103285a259d0f,Arsenal adidas Kids 25/26 Third Shorts,1,960000,3392000,0,VNPay,delivered,Hà Nội,false,2025-12-01T00:00:00.000Z,2025-12-01T00:00:00.000Z
6a23bf11d8b02e51814557ba,6a23bf0fd8b02e518145534e,Đỗ Hữu Khoa,khachhang1780727567495@gmail.com,6a1856198db103285a259cbe,Arsenal adidas 26/27 Home Goalkeeper Shorts,2,1216000,3392000,0,VNPay,delivered,Hà Nội,false,2025-12-01T00:00:00.000Z,2025-12-01T00:00:00.000Z
6a23bf11d8b02e51814557bd,6a23bf0fd8b02e5181455352,Phạm Đình Thành,khachhang1780727567499@gmail.com,6a1856198db103285a259ce2,Arsenal adidas 26/27 Home Knitted Gloves,2,736000,1472000,0,VNPay,delivered,Hà Nội,false,2025-12-01T00:00:00.000Z,2025-12-01T00:00:00.000Z
6a23bf11d8b02e51814557bf,6a23bf0fd8b02e5181455351,Lý Thúy Trang,khachhang1780727567498@gmail.com,6a18590b2bc10bb7e5e86463,Arsenal adidas 26/27 Home Socks,1,640000,640000,30000,COD,shipping,Đà Nẵng,false,2025-12-01T00:00:00.000Z,2025-12-01T00:00:00.000Z
6a23bf11d8b02e51814557c1,6a23bf0fd8b02e5181455358,Lý Thúy Yến,khachhang1780727567505@gmail.com,6a1856198db103285a259cdf,Arsenal adidas 26/27 Home Water Bottle,1,320000,320000,0,VNPay,shipping,Hồ Chí Minh,false,2025-12-01T00:00:00.000Z,2025-12-01T00:00:00.000Z
6a23bf11d8b02e51814557c3,6a23bf0fd8b02e5181455359,Dương Hồng Hà,khachhang1780727567506@gmail.com,6a1856198db103285a259cd6,Arsenal adidas 26/27 Home Scarf,1,736000,6176000,30000,Momo,shipping,Đà Nẵng,false,2025-12-02T00:00:00.000Z,2025-12-02T00:00:00.000Z
6a23bf11d8b02e51814557c3,6a23bf0fd8b02e5181455359,Dương Hồng Hà,khachhang1780727567506@gmail.com,6a18590b2bc10bb7e5e864a0,Arsenal adidas 25/26 Third Shirt,2,2720000,6176000,30000,Momo,shipping,Đà Nẵng,false,2025-12-02T00:00:00.000Z,2025-12-02T00:00:00.000Z
6a23bf11d8b02e51814557c6,6a23bf0fd8b02e5181455348,Võ Bích Hà,khachhang1780727567489@gmail.com,6a1856198db103285a259d12,Arsenal adidas 25/26 Third Authentic Alternate Shorts,2,1440000,2880000,30000,Momo,delivered,Đà Nẵng,false,2025-12-02T00:00:00.000Z,2025-12-02T00:00:00.000Z
6a23bf11d8b02e51814557c8,6a23bf0fd8b02e5181455348,Võ Bích Hà,khachhang1780727567489@gmail.com,6a1856198db103285a259c85,Arsenal adidas Kids 26/27 Authentic Home Shirt,2,2560000,5120000,30000,VNPay,cancelled,Đà Nẵng,false,2025-12-02T00:00:00.000Z,2025-12-02T00:00:00.000Z
6a23bf11d8b02e51814557ca,6a23bf0fd8b02e5181455346,Võ Hải Đạt,khachhang1780727567487@gmail.com,6a1856198db103285a259cf1,Arsenal adidas Kids 25/26 Away Shirt,2,1920000,3840000,30000,VNPay,cancelled,Hồ Chí Minh,false,2025-12-03T00:00:00.000Z,2025-12-03T00:00:00.000Z
6a23bf11d8b02e51814557cc,6a23bf0fd8b02e5181455351,Lý Thúy Trang,khachhang1780727567498@gmail.com,6a1850eb1a7b2fdb0ae87399,Áo Đấu Sân Khách Arsenal 25/26 – Fan Version,2,2200000,12720000,30000,Momo,cancelled,Đà Nẵng,false,2025-12-03T00:00:00.000Z,2025-12-03T00:00:00.000Z
6a23bf11d8b02e51814557cc,6a23bf0fd8b02e5181455351,Lý Thúy Trang,khachhang1780727567498@gmail.com,6a1856198db103285a259c9a,Arsenal adidas Womens 26/27 Authentic Home Long Sleeved Shirt,2,4160000,12720000,30000,Momo,cancelled,Đà Nẵng,false,2025-12-03T00:00:00.000Z,2025-12-03T00:00:00.000Z
6a23bf11d8b02e51814557cf,6a23bf0fd8b02e5181455351,Lý Thúy Trang,khachhang1780727567498@gmail.com,6a1856198db103285a259d09,Arsenal adidas 25/26 Third Mini Kit,1,1600000,1600000,30000,Momo,delivered,Đà Nẵng,false,2025-12-03T00:00:00.000Z,2025-12-03T00:00:00.000Z
6a23bf11d8b02e51814557d1,6a23bf0fd8b02e5181455351,Lý Thúy Trang,khachhang1780727567498@gmail.com,6a18590b2bc10bb7e5e8643c,Arsenal adidas 26/27 Authentic Home Shirt,2,3840000,7680000,0,VNPay,delivered,Đà Nẵng,false,2025-12-03T00:00:00.000Z,2025-12-03T00:00:00.000Z
6a23bf11d8b02e51814557d3,6a23bf0fd8b02e5181455350,Nguyễn Thị Anh,khachhang1780727567497@gmail.com,6a1850eb1a7b2fdb0ae873bd,Tất Sân Khách Arsenal 25/26 – Away Socks,1,350000,2550000,30000,VNPay,shipping,Hà Nội,false,2025-12-03T00:00:00.000Z,2025-12-03T00:00:00.000Z
6a23bf11d8b02e51814557d3,6a23bf0fd8b02e5181455350,Nguyễn Thị Anh,khachhang1780727567497@gmail.com,6a1850ea1a7b2fdb0ae87396,Áo Đấu Sân Nhà Arsenal 25/26 – Fan Version,1,2200000,2550000,30000,VNPay,shipping,Hà Nội,false,2025-12-03T00:00:00.000Z,2025-12-03T00:00:00.000Z
6a23bf11d8b02e51814557d6,6a23bf0fd8b02e518145534b,Đặng Ngọc Bảo,khachhang1780727567492@gmail.com,6a1856198db103285a259c9a,Arsenal adidas Womens 26/27 Authentic Home Long Sleeved Shirt,2,4160000,11520000,0,Momo,delivered,Đà Nẵng,false,2025-12-03T00:00:00.000Z,2025-12-03T00:00:00.000Z
6a23bf11d8b02e51814557d6,6a23bf0fd8b02e518145534b,Đặng Ngọc Bảo,khachhang1780727567492@gmail.com,6a1856198db103285a259c91,Arsenal adidas 26/27 Home Mini Kit,2,1600000,11520000,0,Momo,delivered,Đà Nẵng,false,2025-12-03T00:00:00.000Z,2025-12-03T00:00:00.000Z
6a23bf11d8b02e51814557d9,6a23bf0fd8b02e5181455356,Vũ Công Hùng,khachhang1780727567503@gmail.com,6a18590b2bc10bb7e5e86496,Arsenal adidas Kids 25/26 Away Shorts,1,960000,1920000,30000,Banking,shipping,Hà Nội,false,2025-12-03T00:00:00.000Z,2025-12-03T00:00:00.000Z
6a23bf11d8b02e51814557d9,6a23bf0fd8b02e5181455356,Vũ Công Hùng,khachhang1780727567503@gmail.com,6a18590b2bc10bb7e5e86496,Arsenal adidas Kids 25/26 Away Shorts,1,960000,1920000,30000,Banking,shipping,Hà Nội,false,2025-12-03T00:00:00.000Z,2025-12-03T00:00:00.000Z
6a23bf11d8b02e51814557dc,6a23bf0fd8b02e5181455349,Võ Mỹ Trang,khachhang1780727567490@gmail.com,6a1856198db103285a259cfa,Arsenal adidas 25/26 Away Shorts,2,1216000,3872000,30000,VNPay,delivered,Hồ Chí Minh,false,2025-12-03T00:00:00.000Z,2025-12-03T00:00:00.000Z
6a23bf11d8b02e51814557dc,6a23bf0fd8b02e5181455349,Võ Mỹ Trang,khachhang1780727567490@gmail.com,6a1856198db103285a259d12,Arsenal adidas 25/26 Third Authentic Alternate Shorts,1,1440000,3872000,30000,VNPay,delivered,Hồ Chí Minh,false,2025-12-03T00:00:00.000Z,2025-12-03T00:00:00.000Z
6a23bf11d8b02e51814557df,6a23bf0fd8b02e5181455354,Dương Công Long,khachhang1780727567501@gmail.com,6a1850eb1a7b2fdb0ae873b1,Balo Arsenal FC 25/26 – Backpack,1,1200000,4080000,30000,Banking,shipping,Hồ Chí Minh,false,2025-12-04T00:00:00.000Z,2025-12-04T00:00:00.000Z
6a23bf11d8b02e51814557df,6a23bf0fd8b02e5181455354,Dương Công Long,khachhang1780727567501@gmail.com,6a1856198db103285a259cfd,Arsenal adidas 25/26 Authentic Alternate Away Shorts,2,1440000,4080000,30000,Banking,shipping,Hồ Chí Minh,false,2025-12-04T00:00:00.000Z,2025-12-04T00:00:00.000Z
6a23bf11d8b02e51814557e2,6a23bf0fd8b02e5181455354,Dương Công Long,khachhang1780727567501@gmail.com,6a1856198db103285a259cbb,Arsenal adidas Kids 26/27 Long Sleeved Home Goalkeeper Shirt,2,2080000,4160000,30000,Banking,delivered,Hồ Chí Minh,false,2025-12-04T00:00:00.000Z,2025-12-04T00:00:00.000Z
6a23bf11d8b02e51814557e4,6a23bf0fd8b02e5181455353,Phan Công Phúc,khachhang1780727567500@gmail.com,6a18590b2bc10bb7e5e86474,Arsenal adidas 26/27 Home Black Backpack,1,1280000,1280000,0,Banking,delivered,Hồ Chí Minh,false,2025-12-04T00:00:00.000Z,2025-12-04T00:00:00.000Z
6a23bf11d8b02e51814557e6,6a23bf0fd8b02e5181455358,Lý Thúy Yến,khachhang1780727567505@gmail.com,6a18590b2bc10bb7e5e8645a,Arsenal adidas 26/27 Home Shorts,1,1216000,6656000,0,Momo,delivered,Hồ Chí Minh,false,2025-12-04T00:00:00.000Z,2025-12-04T00:00:00.000Z
6a23bf11d8b02e51814557e6,6a23bf0fd8b02e5181455358,Lý Thúy Yến,khachhang1780727567505@gmail.com,6a1856198db103285a259cb8,Arsenal adidas 26/27 Home Goalkeeper Shirt,2,2720000,6656000,0,Momo,delivered,Hồ Chí Minh,false,2025-12-04T00:00:00.000Z,2025-12-04T00:00:00.000Z
6a23bf11d8b02e51814557e9,6a23bf0fd8b02e518145534a,Lý Thanh Linh,khachhang1780727567491@gmail.com,6a1856198db103285a259c82,Arsenal adidas Womens 26/27 Authentic Home Shirt,2,3840000,13680000,30000,COD,delivered,Hồ Chí Minh,false,2025-12-04T00:00:00.000Z,2025-12-04T00:00:00.000Z
6a23bf11d8b02e51814557e9,6a23bf0fd8b02e518145534a,Lý Thanh Linh,khachhang1780727567491@gmail.com,6a1850ea1a7b2fdb0ae87393,Áo Đấu Sân Nhà Arsenal 25/26 – Authentic,2,3000000,13680000,30000,COD,delivered,Hồ Chí Minh,false,2025-12-04T00:00:00.000Z,2025-12-04T00:00:00.000Z
6a23bf11d8b02e51814557ec,6a23bf0fd8b02e518145534e,Đỗ Hữu Khoa,khachhang1780727567495@gmail.com,6a1856198db103285a259cac,Arsenal adidas 26/27 Authentic Home Shorts,1,1440000,1440000,30000,Momo,shipping,Hà Nội,false,2025-12-04T00:00:00.000Z,2025-12-04T00:00:00.000Z
6a23bf11d8b02e51814557ee,6a23bf0fd8b02e5181455348,Võ Bích Hà,khachhang1780727567489@gmail.com,6a1850eb1a7b2fdb0ae873b4,Mũ Bóng Chày Arsenal FC 25/26 – Cap,2,600000,2480000,30000,VNPay,pending,Đà Nẵng,false,2025-12-04T00:00:00.000Z,2025-12-04T00:00:00.000Z
6a23bf11d8b02e51814557ee,6a23bf0fd8b02e5181455348,Võ Bích Hà,khachhang1780727567489@gmail.com,6a18590b2bc10bb7e5e86479,Arsenal adidas 26/27 Home Football Size 5,2,640000,2480000,30000,VNPay,pending,Đà Nẵng,false,2025-12-04T00:00:00.000Z,2025-12-04T00:00:00.000Z
6a23bf11d8b02e51814557f1,6a23bf0fd8b02e5181455357,Hồ Hải Đạt,khachhang1780727567504@gmail.com,6a1856198db103285a259d0c,Arsenal 25/26 Third Goalkeeper Shirt,2,1632000,3904000,30000,VNPay,delivered,Hà Nội,false,2025-12-05T00:00:00.000Z,2025-12-05T00:00:00.000Z
6a23bf11d8b02e51814557f1,6a23bf0fd8b02e5181455357,Hồ Hải Đạt,khachhang1780727567504@gmail.com,6a1856198db103285a259d18,Arsenal adidas 25/26 Third Socks,1,640000,3904000,30000,VNPay,delivered,Hà Nội,false,2025-12-05T00:00:00.000Z,2025-12-05T00:00:00.000Z
6a23bf11d8b02e51814557f4,6a23bf0fd8b02e518145534b,Đặng Ngọc Bảo,khachhang1780727567492@gmail.com,6a1850ea1a7b2fdb0ae87393,Áo Đấu Sân Nhà Arsenal 25/26 – Authentic,1,3000000,5560000,30000,VNPay,delivered,Đà Nẵng,false,2025-12-05T00:00:00.000Z,2025-12-05T00:00:00.000Z
6a23bf11d8b02e51814557f4,6a23bf0fd8b02e518145534b,Đặng Ngọc Bảo,khachhang1780727567492@gmail.com,6a18590b2bc10bb7e5e86474,Arsenal adidas 26/27 Home Black Backpack,2,1280000,5560000,30000,VNPay,delivered,Đà Nẵng,false,2025-12-05T00:00:00.000Z,2025-12-05T00:00:00.000Z
6a23bf11d8b02e51814557f7,6a23bf0fd8b02e5181455347,Phạm Đức Thành,khachhang1780727567488@gmail.com,6a1850eb1a7b2fdb0ae873b4,Mũ Bóng Chày Arsenal FC 25/26 – Cap,2,600000,3632000,0,VNPay,delivered,Hà Nội,false,2025-12-05T00:00:00.000Z,2025-12-05T00:00:00.000Z
6a23bf11d8b02e51814557f7,6a23bf0fd8b02e5181455347,Phạm Đức Thành,khachhang1780727567488@gmail.com,6a1856198db103285a259cfa,Arsenal adidas 25/26 Away Shorts,2,1216000,3632000,0,VNPay,delivered,Hà Nội,false,2025-12-05T00:00:00.000Z,2025-12-05T00:00:00.000Z
6a23bf11d8b02e51814557fa,6a23bf0fd8b02e5181455357,Hồ Hải Đạt,khachhang1780727567504@gmail.com,69ec674e7fb179301d9a2db6,Tất sân nhà Arsenal 2025-2026,1,750000,3470000,30000,VNPay,delivered,Hà Nội,false,2025-12-05T00:00:00.000Z,2025-12-05T00:00:00.000Z
6a23bf11d8b02e51814557fa,6a23bf0fd8b02e5181455357,Hồ Hải Đạt,khachhang1780727567504@gmail.com,6a18590b2bc10bb7e5e86443,Arsenal adidas 26/27 Home Shirt,1,2720000,3470000,30000,VNPay,delivered,Hà Nội,false,2025-12-05T00:00:00.000Z,2025-12-05T00:00:00.000Z
6a23bf11d8b02e51814557fd,6a23bf0fd8b02e5181455355,Ngô Thu Hà,khachhang1780727567502@gmail.com,6a1856198db103285a259cf1,Arsenal adidas Kids 25/26 Away Shirt,1,1920000,1920000,0,COD,pending,Đà Nẵng,false,2025-12-05T00:00:00.000Z,2025-12-05T00:00:00.000Z
6a23bf11d8b02e51814557ff,6a23bf0fd8b02e5181455353,Phan Công Phúc,khachhang1780727567500@gmail.com,6a1856198db103285a259cd6,Arsenal adidas 26/27 Home Scarf,1,736000,2936000,30000,Momo,shipping,Hồ Chí Minh,false,2025-12-06T00:00:00.000Z,2025-12-06T00:00:00.000Z
6a23bf11d8b02e51814557ff,6a23bf0fd8b02e5181455353,Phan Công Phúc,khachhang1780727567500@gmail.com,6a1850eb1a7b2fdb0ae87399,Áo Đấu Sân Khách Arsenal 25/26 – Fan Version,1,2200000,2936000,30000,Momo,shipping,Hồ Chí Minh,false,2025-12-06T00:00:00.000Z,2025-12-06T00:00:00.000Z
6a23bf11d8b02e5181455802,6a23bf0fd8b02e5181455355,Ngô Thu Hà,khachhang1780727567502@gmail.com,69ec674e7fb179301d9a2db6,Tất sân nhà Arsenal 2025-2026,1,750000,1390000,0,VNPay,cancelled,Đà Nẵng,false,2025-12-06T00:00:00.000Z,2025-12-06T00:00:00.000Z
6a23bf11d8b02e5181455802,6a23bf0fd8b02e5181455355,Ngô Thu Hà,khachhang1780727567502@gmail.com,6a1856198db103285a259d18,Arsenal adidas 25/26 Third Socks,1,640000,1390000,0,VNPay,cancelled,Đà Nẵng,false,2025-12-06T00:00:00.000Z,2025-12-06T00:00:00.000Z
6a23bf11d8b02e5181455805,6a23bf0fd8b02e5181455358,Lý Thúy Yến,khachhang1780727567505@gmail.com,69ec674e7fb179301d9a2db5,Quần short tập luyện,1,1100000,1100000,0,COD,delivered,Hồ Chí Minh,false,2025-12-06T00:00:00.000Z,2025-12-06T00:00:00.000Z
6a23bf11d8b02e5181455807,6a23bf0fd8b02e5181455351,Lý Thúy Trang,khachhang1780727567498@gmail.com,6a1856198db103285a259ce5,Arsenal adidas 26/27 Home Beanie,2,736000,4352000,0,VNPay,pending,Đà Nẵng,false,2025-12-06T00:00:00.000Z,2025-12-06T00:00:00.000Z
6a23bf11d8b02e5181455807,6a23bf0fd8b02e5181455351,Lý Thúy Trang,khachhang1780727567498@gmail.com,6a1856198db103285a259c9d,Arsenal adidas 26/27 Home Long Sleeved Shirt,1,2880000,4352000,0,VNPay,pending,Đà Nẵng,false,2025-12-06T00:00:00.000Z,2025-12-06T00:00:00.000Z
6a23bf11d8b02e518145580a,6a23bf0fd8b02e5181455350,Nguyễn Thị Anh,khachhang1780727567497@gmail.com,6a1856198db103285a259ce5,Arsenal adidas 26/27 Home Beanie,2,736000,3392000,30000,Momo,shipping,Hà Nội,false,2025-12-06T00:00:00.000Z,2025-12-06T00:00:00.000Z
6a23bf11d8b02e518145580a,6a23bf0fd8b02e5181455350,Nguyễn Thị Anh,khachhang1780727567497@gmail.com,6a1856198db103285a259d15,Arsenal adidas Kids 25/26 Third Goalkeeper Shirt,1,1920000,3392000,30000,Momo,shipping,Hà Nội,false,2025-12-06T00:00:00.000Z,2025-12-06T00:00:00.000Z
6a23bf11d8b02e518145580d,6a23bf0fd8b02e5181455351,Lý Thúy Trang,khachhang1780727567498@gmail.com,6a1856198db103285a259d09,Arsenal adidas 25/26 Third Mini Kit,2,1600000,6800000,0,Banking,delivered,Đà Nẵng,false,2025-12-07T00:00:00.000Z,2025-12-07T00:00:00.000Z
6a23bf11d8b02e518145580d,6a23bf0fd8b02e5181455351,Lý Thúy Trang,khachhang1780727567498@gmail.com,6a1850eb1a7b2fdb0ae873a5,Áo Tập Arsenal 25/26 – Training Jersey,2,1800000,6800000,0,Banking,delivered,Đà Nẵng,false,2025-12-07T00:00:00.000Z,2025-12-07T00:00:00.000Z
6a23bf11d8b02e5181455810,6a23bf0fd8b02e518145534c,Võ Đức Cường,khachhang1780727567493@gmail.com,6a1856198db103285a259c82,Arsenal adidas Womens 26/27 Authentic Home Shirt,2,3840000,7680000,0,VNPay,pending,Đà Nẵng,false,2025-12-07T00:00:00.000Z,2025-12-07T00:00:00.000Z
6a23bf11d8b02e5181455812,6a23bf0fd8b02e5181455351,Lý Thúy Trang,khachhang1780727567498@gmail.com,6a1856198db103285a259cbb,Arsenal adidas Kids 26/27 Long Sleeved Home Goalkeeper Shirt,2,2080000,7040000,0,VNPay,delivered,Đà Nẵng,false,2025-12-08T00:00:00.000Z,2025-12-08T00:00:00.000Z
6a23bf11d8b02e5181455812,6a23bf0fd8b02e5181455351,Lý Thúy Trang,khachhang1780727567498@gmail.com,6a1856198db103285a259cac,Arsenal adidas 26/27 Authentic Home Shorts,2,1440000,7040000,0,VNPay,delivered,Đà Nẵng,false,2025-12-08T00:00:00.000Z,2025-12-08T00:00:00.000Z
6a23bf11d8b02e5181455815,6a23bf0fd8b02e5181455351,Lý Thúy Trang,khachhang1780727567498@gmail.com,6a18590b2bc10bb7e5e86483,Arsenal adidas 26/27 White Home Cap,1,640000,640000,30000,Banking,pending,Đà Nẵng,false,2025-12-09T00:00:00.000Z,2025-12-09T00:00:00.000Z
6a23bf11d8b02e5181455817,6a23bf0fd8b02e5181455356,Vũ Công Hùng,khachhang1780727567503@gmail.com,6a1856198db103285a259d09,Arsenal adidas 25/26 Third Mini Kit,2,1600000,3200000,30000,Momo,shipping,Hà Nội,false,2025-12-09T00:00:00.000Z,2025-12-09T00:00:00.000Z
6a23bf11d8b02e5181455819,6a23bf0fd8b02e518145534d,Đặng Hải Tuấn,khachhang1780727567494@gmail.com,6a18590b2bc10bb7e5e86443,Arsenal adidas 26/27 Home Shirt,2,2720000,6176000,30000,COD,shipping,Hồ Chí Minh,false,2025-12-10T00:00:00.000Z,2025-12-10T00:00:00.000Z
6a23bf11d8b02e5181455819,6a23bf0fd8b02e518145534d,Đặng Hải Tuấn,khachhang1780727567494@gmail.com,6a1856198db103285a259ce5,Arsenal adidas 26/27 Home Beanie,1,736000,6176000,30000,COD,shipping,Hồ Chí Minh,false,2025-12-10T00:00:00.000Z,2025-12-10T00:00:00.000Z
6a23bf11d8b02e518145581c,6a23bf0fd8b02e5181455353,Phan Công Phúc,khachhang1780727567500@gmail.com,6a1850eb1a7b2fdb0ae873bd,Tất Sân Khách Arsenal 25/26 – Away Socks,1,350000,2782000,30000,Momo,delivered,Hồ Chí Minh,false,2025-12-10T00:00:00.000Z,2025-12-10T00:00:00.000Z
6a23bf11d8b02e518145581c,6a23bf0fd8b02e5181455353,Phan Công Phúc,khachhang1780727567500@gmail.com,6a1856198db103285a259cbe,Arsenal adidas 26/27 Home Goalkeeper Shorts,2,1216000,2782000,30000,Momo,delivered,Hồ Chí Minh,false,2025-12-10T00:00:00.000Z,2025-12-10T00:00:00.000Z
6a23bf11d8b02e518145581f,6a23bf0fd8b02e518145534d,Đặng Hải Tuấn,khachhang1780727567494@gmail.com,6a1856198db103285a259cc1,Arsenal adidas Kids 26/27 Home Goalkeeper Shorts,2,960000,4120000,30000,Banking,delivered,Hồ Chí Minh,false,2025-12-10T00:00:00.000Z,2025-12-10T00:00:00.000Z
6a23bf11d8b02e518145581f,6a23bf0fd8b02e518145534d,Đặng Hải Tuấn,khachhang1780727567494@gmail.com,6a1850eb1a7b2fdb0ae8739f,Áo Đấu Thứ Ba Arsenal 25/26 – Fan Version,1,2200000,4120000,30000,Banking,delivered,Hồ Chí Minh,false,2025-12-10T00:00:00.000Z,2025-12-10T00:00:00.000Z
6a23bf11d8b02e5181455822,6a23bf0fd8b02e518145534b,Đặng Ngọc Bảo,khachhang1780727567492@gmail.com,6a18590b2bc10bb7e5e86491,Arsenal adidas 25/26 Authentic Away Shirt,2,3840000,7680000,30000,COD,shipping,Đà Nẵng,false,2025-12-10T00:00:00.000Z,2025-12-10T00:00:00.000Z
6a23bf11d8b02e5181455824,6a23bf0fd8b02e5181455357,Hồ Hải Đạt,khachhang1780727567504@gmail.com,6a18590b2bc10bb7e5e86499,Arsenal adidas Kids 25/26 Away Socks,2,512000,1024000,0,COD,delivered,Hà Nội,false,2025-12-10T00:00:00.000Z,2025-12-10T00:00:00.000Z
6a23bf11d8b02e5181455826,6a23bf0fd8b02e518145534c,Võ Đức Cường,khachhang1780727567493@gmail.com,6a1856198db103285a259c85,Arsenal adidas Kids 26/27 Authentic Home Shirt,2,2560000,5120000,0,Momo,delivered,Đà Nẵng,false,2025-12-10T00:00:00.000Z,2025-12-10T00:00:00.000Z
6a23bf11d8b02e5181455828,6a23bf0fd8b02e5181455349,Võ Mỹ Trang,khachhang1780727567490@gmail.com,6a1856198db103285a259d03,Arsenal adidas Kids 25/26 Third Shirt,2,1920000,6560000,0,Momo,delivered,Hồ Chí Minh,false,2025-12-10T00:00:00.000Z,2025-12-10T00:00:00.000Z
6a23bf11d8b02e5181455828,6a23bf0fd8b02e5181455349,Võ Mỹ Trang,khachhang1780727567490@gmail.com,6a18590b2bc10bb7e5e86443,Arsenal adidas 26/27 Home Shirt,1,2720000,6560000,0,Momo,delivered,Hồ Chí Minh,false,2025-12-10T00:00:00.000Z,2025-12-10T00:00:00.000Z
6a23bf11d8b02e518145582b,6a23bf0fd8b02e5181455351,Lý Thúy Trang,khachhang1780727567498@gmail.com,6a1856198db103285a259cc1,Arsenal adidas Kids 26/27 Home Goalkeeper Shorts,2,960000,3720000,0,VNPay,delivered,Đà Nẵng,false,2025-12-10T00:00:00.000Z,2025-12-10T00:00:00.000Z
6a23bf11d8b02e518145582b,6a23bf0fd8b02e5181455351,Lý Thúy Trang,khachhang1780727567498@gmail.com,6a1850eb1a7b2fdb0ae873a5,Áo Tập Arsenal 25/26 – Training Jersey,1,1800000,3720000,0,VNPay,delivered,Đà Nẵng,false,2025-12-10T00:00:00.000Z,2025-12-10T00:00:00.000Z
6a23bf11d8b02e518145582e,6a23bf0fd8b02e5181455358,Lý Thúy Yến,khachhang1780727567505@gmail.com,6a1850eb1a7b2fdb0ae873b1,Balo Arsenal FC 25/26 – Backpack,2,1200000,4960000,30000,Momo,delivered,Hồ Chí Minh,false,2025-12-11T00:00:00.000Z,2025-12-11T00:00:00.000Z
6a23bf11d8b02e518145582e,6a23bf0fd8b02e5181455358,Lý Thúy Yến,khachhang1780727567505@gmail.com,6a18590b2bc10bb7e5e86474,Arsenal adidas 26/27 Home Black Backpack,2,1280000,4960000,30000,Momo,delivered,Hồ Chí Minh,false,2025-12-11T00:00:00.000Z,2025-12-11T00:00:00.000Z
6a23bf11d8b02e5181455831,6a23bf0fd8b02e5181455346,Võ Hải Đạt,khachhang1780727567487@gmail.com,6a18590b2bc10bb7e5e86499,Arsenal adidas Kids 25/26 Away Socks,2,512000,2464000,0,Momo,delivered,Hồ Chí Minh,false,2025-12-11T00:00:00.000Z,2025-12-11T00:00:00.000Z
6a23bf11d8b02e5181455831,6a23bf0fd8b02e5181455346,Võ Hải Đạt,khachhang1780727567487@gmail.com,6a1856198db103285a259cac,Arsenal adidas 26/27 Authentic Home Shorts,1,1440000,2464000,0,Momo,delivered,Hồ Chí Minh,false,2025-12-11T00:00:00.000Z,2025-12-11T00:00:00.000Z
6a23bf11d8b02e5181455834,6a23bf0fd8b02e5181455348,Võ Bích Hà,khachhang1780727567489@gmail.com,6a1856198db103285a259cc7,Arsenal adidas Kids 26/27 Home Goalkeeper Socks,2,512000,1024000,30000,COD,shipping,Đà Nẵng,false,2025-12-11T00:00:00.000Z,2025-12-11T00:00:00.000Z
6a23bf11d8b02e5181455836,6a23bf0fd8b02e5181455350,Nguyễn Thị Anh,khachhang1780727567497@gmail.com,6a1856198db103285a259d0f,Arsenal adidas Kids 25/26 Third Shorts,1,960000,960000,30000,COD,cancelled,Hà Nội,false,2025-12-11T00:00:00.000Z,2025-12-11T00:00:00.000Z
6a23bf11d8b02e5181455838,6a23bf0fd8b02e5181455350,Nguyễn Thị Anh,khachhang1780727567497@gmail.com,6a1850eb1a7b2fdb0ae873b4,Mũ Bóng Chày Arsenal FC 25/26 – Cap,2,600000,1200000,0,COD,shipping,Hà Nội,false,2025-12-11T00:00:00.000Z,2025-12-11T00:00:00.000Z
6a23bf11d8b02e518145583a,6a23bf0fd8b02e5181455348,Võ Bích Hà,khachhang1780727567489@gmail.com,6a1850eb1a7b2fdb0ae873ab,Áo Hoodie Arsenal Essentials 25/26,1,1900000,5740000,30000,VNPay,delivered,Đà Nẵng,false,2025-12-11T00:00:00.000Z,2025-12-11T00:00:00.000Z
6a23bf11d8b02e518145583a,6a23bf0fd8b02e5181455348,Võ Bích Hà,khachhang1780727567489@gmail.com,6a1856198db103285a259cf1,Arsenal adidas Kids 25/26 Away Shirt,2,1920000,5740000,30000,VNPay,delivered,Đà Nẵng,false,2025-12-11T00:00:00.000Z,2025-12-11T00:00:00.000Z
6a23bf11d8b02e518145583d,6a23bf0fd8b02e5181455347,Phạm Đức Thành,khachhang1780727567488@gmail.com,6a18590b2bc10bb7e5e86443,Arsenal adidas 26/27 Home Shirt,2,2720000,6176000,30000,Banking,shipping,Hà Nội,false,2025-12-11T00:00:00.000Z,2025-12-11T00:00:00.000Z
6a23bf11d8b02e518145583d,6a23bf0fd8b02e5181455347,Phạm Đức Thành,khachhang1780727567488@gmail.com,6a1856198db103285a259ce2,Arsenal adidas 26/27 Home Knitted Gloves,1,736000,6176000,30000,Banking,shipping,Hà Nội,false,2025-12-11T00:00:00.000Z,2025-12-11T00:00:00.000Z
6a23bf11d8b02e5181455840,6a23bf0fd8b02e5181455350,Nguyễn Thị Anh,khachhang1780727567497@gmail.com,6a1856198db103285a259cbb,Arsenal adidas Kids 26/27 Long Sleeved Home Goalkeeper Shirt,1,2080000,4280000,0,COD,pending,Hà Nội,false,2025-12-12T00:00:00.000Z,2025-12-12T00:00:00.000Z
6a23bf11d8b02e5181455840,6a23bf0fd8b02e5181455350,Nguyễn Thị Anh,khachhang1780727567497@gmail.com,69ec674e7fb179301d9a2db5,Quần short tập luyện,2,1100000,4280000,0,COD,pending,Hà Nội,false,2025-12-12T00:00:00.000Z,2025-12-12T00:00:00.000Z
6a23bf11d8b02e5181455843,6a23bf0fd8b02e5181455357,Hồ Hải Đạt,khachhang1780727567504@gmail.com,6a18590b2bc10bb7e5e86443,Arsenal adidas 26/27 Home Shirt,1,2720000,2720000,30000,Momo,pending,Hà Nội,false,2025-12-12T00:00:00.000Z,2025-12-12T00:00:00.000Z
6a23bf11d8b02e5181455845,6a23bf0fd8b02e518145534c,Võ Đức Cường,khachhang1780727567493@gmail.com,6a1856198db103285a259c9a,Arsenal adidas Womens 26/27 Authentic Home Long Sleeved Shirt,2,4160000,10220000,30000,Banking,delivered,Đà Nẵng,false,2025-12-12T00:00:00.000Z,2025-12-12T00:00:00.000Z
6a23bf11d8b02e5181455845,6a23bf0fd8b02e518145534c,Võ Đức Cường,khachhang1780727567493@gmail.com,6a1850eb1a7b2fdb0ae873ab,Áo Hoodie Arsenal Essentials 25/26,1,1900000,10220000,30000,Banking,delivered,Đà Nẵng,false,2025-12-12T00:00:00.000Z,2025-12-12T00:00:00.000Z
6a23bf11d8b02e5181455848,6a23bf0fd8b02e5181455356,Vũ Công Hùng,khachhang1780727567503@gmail.com,6a1856198db103285a259c9a,Arsenal adidas Womens 26/27 Authentic Home Long Sleeved Shirt,2,4160000,8320000,30000,COD,pending,Hà Nội,false,2025-12-12T00:00:00.000Z,2025-12-12T00:00:00.000Z
6a23bf11d8b02e518145584a,6a23bf0fd8b02e518145534f,Vũ Lan Linh,khachhang1780727567496@gmail.com,6a1850eb1a7b2fdb0ae873b7,Găng Tay Thủ Môn Arsenal Predator 25/26,1,1500000,1500000,30000,COD,shipping,Hồ Chí Minh,false,2025-12-12T00:00:00.000Z,2025-12-12T00:00:00.000Z
6a23bf11d8b02e518145584c,6a23bf0fd8b02e5181455353,Phan Công Phúc,khachhang1780727567500@gmail.com,6a1856198db103285a259c85,Arsenal adidas Kids 26/27 Authentic Home Shirt,2,2560000,11120000,0,VNPay,delivered,Hồ Chí Minh,false,2025-12-13T00:00:00.000Z,2025-12-13T00:00:00.000Z
6a23bf11d8b02e518145584c,6a23bf0fd8b02e5181455353,Phan Công Phúc,khachhang1780727567500@gmail.com,6a1850ea1a7b2fdb0ae87393,Áo Đấu Sân Nhà Arsenal 25/26 – Authentic,2,3000000,11120000,0,VNPay,delivered,Hồ Chí Minh,false,2025-12-13T00:00:00.000Z,2025-12-13T00:00:00.000Z
6a23bf11d8b02e518145584f,6a23bf0fd8b02e5181455356,Vũ Công Hùng,khachhang1780727567503@gmail.com,6a1856198db103285a259ceb,Arsenal adidas 25/26 Away Mini Kit,2,1600000,3840000,0,VNPay,pending,Hà Nội,false,2025-12-13T00:00:00.000Z,2025-12-13T00:00:00.000Z
6a23bf11d8b02e518145584f,6a23bf0fd8b02e5181455356,Vũ Công Hùng,khachhang1780727567503@gmail.com,6a1856198db103285a259cdf,Arsenal adidas 26/27 Home Water Bottle,2,320000,3840000,0,VNPay,pending,Hà Nội,false,2025-12-13T00:00:00.000Z,2025-12-13T00:00:00.000Z
6a23bf11d8b02e5181455852,6a23bf0fd8b02e5181455353,Phan Công Phúc,khachhang1780727567500@gmail.com,6a1850eb1a7b2fdb0ae873ba,Bóng Đá Arsenal FC adidas 25/26,1,800000,2240000,0,Banking,shipping,Hồ Chí Minh,false,2025-12-13T00:00:00.000Z,2025-12-13T00:00:00.000Z
6a23bf11d8b02e5181455852,6a23bf0fd8b02e5181455353,Phan Công Phúc,khachhang1780727567500@gmail.com,6a1856198db103285a259caf,Arsenal adidas 26/27 Authentic Alternate Home Shorts,1,1440000,2240000,0,Banking,shipping,Hồ Chí Minh,false,2025-12-13T00:00:00.000Z,2025-12-13T00:00:00.000Z
6a23bf11d8b02e5181455855,6a23bf0fd8b02e5181455348,Võ Bích Hà,khachhang1780727567489@gmail.com,6a1856198db103285a259c9a,Arsenal adidas Womens 26/27 Authentic Home Long Sleeved Shirt,2,4160000,8320000,30000,VNPay,cancelled,Đà Nẵng,false,2025-12-13T00:00:00.000Z,2025-12-13T00:00:00.000Z
6a23bf11d8b02e5181455857,6a23bf0fd8b02e5181455351,Lý Thúy Trang,khachhang1780727567498@gmail.com,6a1856198db103285a259ccd,Arsenal adidas 26/27 Red Backpack,1,1280000,2880000,30000,VNPay,delivered,Đà Nẵng,false,2025-12-13T00:00:00.000Z,2025-12-13T00:00:00.000Z
6a23bf11d8b02e5181455857,6a23bf0fd8b02e5181455351,Lý Thúy Trang,khachhang1780727567498@gmail.com,6a1856198db103285a259ceb,Arsenal adidas 25/26 Away Mini Kit,1,1600000,2880000,30000,VNPay,delivered,Đà Nẵng,false,2025-12-13T00:00:00.000Z,2025-12-13T00:00:00.000Z
6a23bf11d8b02e518145585a,6a23bf0fd8b02e5181455348,Võ Bích Hà,khachhang1780727567489@gmail.com,69ec674e7fb179301d9a2db9,Mũ Lưỡi Trai Arsenal,2,450000,2820000,0,Banking,delivered,Đà Nẵng,false,2025-12-13T00:00:00.000Z,2025-12-13T00:00:00.000Z
6a23bf11d8b02e518145585a,6a23bf0fd8b02e5181455348,Võ Bích Hà,khachhang1780727567489@gmail.com,6a18590b2bc10bb7e5e86449,Arsenal adidas Kids 26/27 Home Shirt,1,1920000,2820000,0,Banking,delivered,Đà Nẵng,false,2025-12-13T00:00:00.000Z,2025-12-13T00:00:00.000Z
6a23bf11d8b02e518145585d,6a23bf0fd8b02e5181455358,Lý Thúy Yến,khachhang1780727567505@gmail.com,6a1856198db103285a259ccd,Arsenal adidas 26/27 Red Backpack,2,1280000,2560000,30000,VNPay,cancelled,Hồ Chí Minh,false,2025-12-13T00:00:00.000Z,2025-12-13T00:00:00.000Z
6a23bf11d8b02e518145585f,6a23bf0fd8b02e5181455357,Hồ Hải Đạt,khachhang1780727567504@gmail.com,69ec674e7fb179301d9a2db9,Mũ Lưỡi Trai Arsenal,2,450000,900000,30000,Momo,delivered,Hà Nội,false,2025-12-13T00:00:00.000Z,2025-12-13T00:00:00.000Z
6a23bf11d8b02e5181455861,6a23bf0fd8b02e518145534e,Đỗ Hữu Khoa,khachhang1780727567495@gmail.com,6a18590b2bc10bb7e5e86474,Arsenal adidas 26/27 Home Black Backpack,1,1280000,1280000,0,VNPay,delivered,Hà Nội,false,2025-12-14T00:00:00.000Z,2025-12-14T00:00:00.000Z
6a23bf11d8b02e5181455863,6a23bf0fd8b02e5181455357,Hồ Hải Đạt,khachhang1780727567504@gmail.com,6a1850eb1a7b2fdb0ae873b4,Mũ Bóng Chày Arsenal FC 25/26 – Cap,2,600000,1200000,30000,COD,delivered,Hà Nội,false,2025-12-14T00:00:00.000Z,2025-12-14T00:00:00.000Z
6a23bf11d8b02e5181455865,6a23bf0fd8b02e518145534f,Vũ Lan Linh,khachhang1780727567496@gmail.com,6a1856198db103285a259d12,Arsenal adidas 25/26 Third Authentic Alternate Shorts,1,1440000,1440000,30000,VNPay,shipping,Hồ Chí Minh,false,2025-12-14T00:00:00.000Z,2025-12-14T00:00:00.000Z
6a23bf11d8b02e5181455867,6a23bf0fd8b02e5181455347,Phạm Đức Thành,khachhang1780727567488@gmail.com,6a1856198db103285a259cfd,Arsenal adidas 25/26 Authentic Alternate Away Shorts,1,1440000,1440000,0,Momo,delivered,Hà Nội,false,2025-12-14T00:00:00.000Z,2025-12-14T00:00:00.000Z
6a23bf11d8b02e5181455869,6a23bf0fd8b02e518145534a,Lý Thanh Linh,khachhang1780727567491@gmail.com,6a1856198db103285a259d0c,Arsenal 25/26 Third Goalkeeper Shirt,2,1632000,3264000,30000,Momo,delivered,Hồ Chí Minh,false,2025-12-14T00:00:00.000Z,2025-12-14T00:00:00.000Z
6a23bf11d8b02e518145586b,6a23bf0fd8b02e5181455355,Ngô Thu Hà,khachhang1780727567502@gmail.com,6a18590b2bc10bb7e5e86491,Arsenal adidas 25/26 Authentic Away Shirt,2,3840000,9120000,0,VNPay,shipping,Đà Nẵng,false,2025-12-14T00:00:00.000Z,2025-12-14T00:00:00.000Z
6a23bf11d8b02e518145586b,6a23bf0fd8b02e5181455355,Ngô Thu Hà,khachhang1780727567502@gmail.com,6a1856198db103285a259d12,Arsenal adidas 25/26 Third Authentic Alternate Shorts,1,1440000,9120000,0,VNPay,shipping,Đà Nẵng,false,2025-12-14T00:00:00.000Z,2025-12-14T00:00:00.000Z
6a23bf11d8b02e518145586e,6a23bf0fd8b02e5181455353,Phan Công Phúc,khachhang1780727567500@gmail.com,6a18590b2bc10bb7e5e86499,Arsenal adidas Kids 25/26 Away Socks,1,512000,512000,0,Banking,delivered,Hồ Chí Minh,false,2025-12-14T00:00:00.000Z,2025-12-14T00:00:00.000Z
6a23bf11d8b02e5181455870,6a23bf0fd8b02e5181455350,Nguyễn Thị Anh,khachhang1780727567497@gmail.com,6a1856198db103285a259cb8,Arsenal adidas 26/27 Home Goalkeeper Shirt,2,2720000,10560000,0,VNPay,delivered,Hà Nội,false,2025-12-15T00:00:00.000Z,2025-12-15T00:00:00.000Z
6a23bf11d8b02e5181455870,6a23bf0fd8b02e5181455350,Nguyễn Thị Anh,khachhang1780727567497@gmail.com,6a1856198db103285a259c85,Arsenal adidas Kids 26/27 Authentic Home Shirt,2,2560000,10560000,0,VNPay,delivered,Hà Nội,false,2025-12-15T00:00:00.000Z,2025-12-15T00:00:00.000Z
6a23bf11d8b02e5181455873,6a23bf0fd8b02e5181455349,Võ Mỹ Trang,khachhang1780727567490@gmail.com,6a1856198db103285a259c85,Arsenal adidas Kids 26/27 Authentic Home Shirt,1,2560000,2560000,30000,COD,delivered,Hồ Chí Minh,false,2025-12-15T00:00:00.000Z,2025-12-15T00:00:00.000Z
6a23bf11d8b02e5181455875,6a23bf0fd8b02e518145534f,Vũ Lan Linh,khachhang1780727567496@gmail.com,6a1856198db103285a259cdf,Arsenal adidas 26/27 Home Water Bottle,2,320000,640000,0,VNPay,delivered,Hồ Chí Minh,false,2025-12-15T00:00:00.000Z,2025-12-15T00:00:00.000Z
6a23bf11d8b02e5181455877,6a23bf0fd8b02e5181455353,Phan Công Phúc,khachhang1780727567500@gmail.com,69ec674e7fb179301d9a2db6,Tất sân nhà Arsenal 2025-2026,2,750000,6940000,30000,VNPay,delivered,Hồ Chí Minh,false,2025-12-15T00:00:00.000Z,2025-12-15T00:00:00.000Z
6a23bf11d8b02e5181455877,6a23bf0fd8b02e5181455353,Phan Công Phúc,khachhang1780727567500@gmail.com,6a1856198db103285a259cb8,Arsenal adidas 26/27 Home Goalkeeper Shirt,2,2720000,6940000,30000,VNPay,delivered,Hồ Chí Minh,false,2025-12-15T00:00:00.000Z,2025-12-15T00:00:00.000Z
6a23bf11d8b02e518145587a,6a23bf0fd8b02e5181455347,Phạm Đức Thành,khachhang1780727567488@gmail.com,6a1850eb1a7b2fdb0ae8739c,Áo Đấu Sân Khách Arsenal 25/26 – Authentic,2,3000000,6000000,30000,Banking,pending,Hà Nội,false,2025-12-15T00:00:00.000Z,2025-12-15T00:00:00.000Z
6a23bf11d8b02e518145587c,6a23bf0fd8b02e518145534e,Đỗ Hữu Khoa,khachhang1780727567495@gmail.com,6a1856198db103285a259cb8,Arsenal adidas 26/27 Home Goalkeeper Shirt,2,2720000,5440000,30000,Banking,shipping,Hà Nội,false,2025-12-16T00:00:00.000Z,2025-12-16T00:00:00.000Z
6a23bf11d8b02e518145587e,6a23bf0fd8b02e5181455359,Dương Hồng Hà,khachhang1780727567506@gmail.com,6a1856198db103285a259cf1,Arsenal adidas Kids 25/26 Away Shirt,2,1920000,3840000,30000,VNPay,delivered,Đà Nẵng,false,2025-12-16T00:00:00.000Z,2025-12-16T00:00:00.000Z
6a23bf11d8b02e5181455880,6a23bf0fd8b02e5181455357,Hồ Hải Đạt,khachhang1780727567504@gmail.com,6a18590b2bc10bb7e5e86474,Arsenal adidas 26/27 Home Black Backpack,1,1280000,1280000,0,Banking,delivered,Hà Nội,false,2025-12-16T00:00:00.000Z,2025-12-16T00:00:00.000Z
6a23bf11d8b02e5181455882,6a23bf0fd8b02e5181455356,Vũ Công Hùng,khachhang1780727567503@gmail.com,6a1856198db103285a259d18,Arsenal adidas 25/26 Third Socks,1,640000,6400000,0,COD,pending,Hà Nội,false,2025-12-16T00:00:00.000Z,2025-12-16T00:00:00.000Z
6a23bf11d8b02e5181455882,6a23bf0fd8b02e5181455356,Vũ Công Hùng,khachhang1780727567503@gmail.com,6a1856198db103285a259c9d,Arsenal adidas 26/27 Home Long Sleeved Shirt,2,2880000,6400000,0,COD,pending,Hà Nội,false,2025-12-16T00:00:00.000Z,2025-12-16T00:00:00.000Z
6a23bf11d8b02e5181455885,6a23bf0fd8b02e5181455351,Lý Thúy Trang,khachhang1780727567498@gmail.com,6a18590b2bc10bb7e5e8645a,Arsenal adidas 26/27 Home Shorts,1,1216000,2816000,30000,COD,pending,Đà Nẵng,false,2025-12-17T00:00:00.000Z,2025-12-17T00:00:00.000Z
6a23bf11d8b02e5181455885,6a23bf0fd8b02e5181455351,Lý Thúy Trang,khachhang1780727567498@gmail.com,6a1856198db103285a259d09,Arsenal adidas 25/26 Third Mini Kit,1,1600000,2816000,30000,COD,pending,Đà Nẵng,false,2025-12-17T00:00:00.000Z,2025-12-17T00:00:00.000Z
6a23bf11d8b02e5181455888,6a23bf0fd8b02e518145534a,Lý Thanh Linh,khachhang1780727567491@gmail.com,6a1850eb1a7b2fdb0ae8739f,Áo Đấu Thứ Ba Arsenal 25/26 – Fan Version,1,2200000,2200000,30000,VNPay,delivered,Hồ Chí Minh,false,2025-12-18T00:00:00.000Z,2025-12-18T00:00:00.000Z
6a23bf11d8b02e518145588a,6a23bf0fd8b02e5181455352,Phạm Đình Thành,khachhang1780727567499@gmail.com,6a1850eb1a7b2fdb0ae87399,Áo Đấu Sân Khách Arsenal 25/26 – Fan Version,1,2200000,3480000,0,Momo,delivered,Hà Nội,false,2025-12-19T00:00:00.000Z,2025-12-19T00:00:00.000Z
6a23bf11d8b02e518145588a,6a23bf0fd8b02e5181455352,Phạm Đình Thành,khachhang1780727567499@gmail.com,6a18590b2bc10bb7e5e86480,Arsenal adidas 26/27 Red Home Cap,2,640000,3480000,0,Momo,delivered,Hà Nội,false,2025-12-19T00:00:00.000Z,2025-12-19T00:00:00.000Z
6a23bf11d8b02e518145588d,6a23bf0fd8b02e518145534c,Võ Đức Cường,khachhang1780727567493@gmail.com,6a1850eb1a7b2fdb0ae873ba,Bóng Đá Arsenal FC adidas 25/26,1,800000,9120000,0,Momo,cancelled,Đà Nẵng,false,2025-12-20T00:00:00.000Z,2025-12-20T00:00:00.000Z
6a23bf11d8b02e518145588d,6a23bf0fd8b02e518145534c,Võ Đức Cường,khachhang1780727567493@gmail.com,6a1856198db103285a259c9a,Arsenal adidas Womens 26/27 Authentic Home Long Sleeved Shirt,2,4160000,9120000,0,Momo,cancelled,Đà Nẵng,false,2025-12-20T00:00:00.000Z,2025-12-20T00:00:00.000Z
6a23bf11d8b02e5181455890,6a23bf0fd8b02e5181455357,Hồ Hải Đạt,khachhang1780727567504@gmail.com,6a1856198db103285a259c97,Arsenal adidas 26/27 Authentic Home Long Sleeved Shirt,1,4160000,6080000,30000,Banking,delivered,Hà Nội,false,2025-12-20T00:00:00.000Z,2025-12-20T00:00:00.000Z
6a23bf11d8b02e5181455890,6a23bf0fd8b02e5181455357,Hồ Hải Đạt,khachhang1780727567504@gmail.com,6a1856198db103285a259cf1,Arsenal adidas Kids 25/26 Away Shirt,1,1920000,6080000,30000,Banking,delivered,Hà Nội,false,2025-12-20T00:00:00.000Z,2025-12-20T00:00:00.000Z
6a23bf11d8b02e5181455893,6a23bf0fd8b02e5181455349,Võ Mỹ Trang,khachhang1780727567490@gmail.com,69ec674e7fb179301d9a2db5,Quần short tập luyện,1,1100000,1100000,30000,Banking,delivered,Hồ Chí Minh,false,2025-12-20T00:00:00.000Z,2025-12-20T00:00:00.000Z
6a23bf11d8b02e5181455895,6a23bf0fd8b02e5181455356,Vũ Công Hùng,khachhang1780727567503@gmail.com,6a1850eb1a7b2fdb0ae873bd,Tất Sân Khách Arsenal 25/26 – Away Socks,1,350000,990000,0,COD,delivered,Hà Nội,false,2025-12-20T00:00:00.000Z,2025-12-20T00:00:00.000Z
6a23bf11d8b02e5181455895,6a23bf0fd8b02e5181455356,Vũ Công Hùng,khachhang1780727567503@gmail.com,6a18590b2bc10bb7e5e86479,Arsenal adidas 26/27 Home Football Size 5,1,640000,990000,0,COD,delivered,Hà Nội,false,2025-12-20T00:00:00.000Z,2025-12-20T00:00:00.000Z
6a23bf11d8b02e5181455898,6a23bf0fd8b02e5181455359,Dương Hồng Hà,khachhang1780727567506@gmail.com,6a1856198db103285a259c9a,Arsenal adidas Womens 26/27 Authentic Home Long Sleeved Shirt,2,4160000,8320000,30000,VNPay,pending,Đà Nẵng,false,2025-12-20T00:00:00.000Z,2025-12-20T00:00:00.000Z
6a23bf11d8b02e518145589a,6a23bf0fd8b02e5181455359,Dương Hồng Hà,khachhang1780727567506@gmail.com,6a1856198db103285a259ce5,Arsenal adidas 26/27 Home Beanie,2,736000,1472000,30000,Banking,delivered,Đà Nẵng,false,2025-12-20T00:00:00.000Z,2025-12-20T00:00:00.000Z
6a23bf11d8b02e518145589c,6a23bf0fd8b02e518145534a,Lý Thanh Linh,khachhang1780727567491@gmail.com,6a1850eb1a7b2fdb0ae873b7,Găng Tay Thủ Môn Arsenal Predator 25/26,2,1500000,3000000,0,COD,pending,Hồ Chí Minh,false,2025-12-20T00:00:00.000Z,2025-12-20T00:00:00.000Z
6a23bf11d8b02e518145589e,6a23bf0fd8b02e5181455354,Dương Công Long,khachhang1780727567501@gmail.com,6a1856198db103285a259cbb,Arsenal adidas Kids 26/27 Long Sleeved Home Goalkeeper Shirt,2,2080000,4160000,30000,Momo,delivered,Hồ Chí Minh,false,2025-12-20T00:00:00.000Z,2025-12-20T00:00:00.000Z
6a23bf11d8b02e51814558a0,6a23bf0fd8b02e5181455352,Phạm Đình Thành,khachhang1780727567499@gmail.com,6a1856198db103285a259d03,Arsenal adidas Kids 25/26 Third Shirt,1,1920000,3136000,30000,VNPay,cancelled,Hà Nội,false,2025-12-20T00:00:00.000Z,2025-12-20T00:00:00.000Z
6a23bf11d8b02e51814558a0,6a23bf0fd8b02e5181455352,Phạm Đình Thành,khachhang1780727567499@gmail.com,6a1856198db103285a259cbe,Arsenal adidas 26/27 Home Goalkeeper Shorts,1,1216000,3136000,30000,VNPay,cancelled,Hà Nội,false,2025-12-20T00:00:00.000Z,2025-12-20T00:00:00.000Z
6a23bf11d8b02e51814558a3,6a23bf0fd8b02e518145534c,Võ Đức Cường,khachhang1780727567493@gmail.com,6a1856198db103285a259cbb,Arsenal adidas Kids 26/27 Long Sleeved Home Goalkeeper Shirt,1,2080000,2080000,0,Banking,shipping,Đà Nẵng,false,2025-12-21T00:00:00.000Z,2025-12-21T00:00:00.000Z
6a23bf11d8b02e51814558a5,6a23bf0fd8b02e518145534d,Đặng Hải Tuấn,khachhang1780727567494@gmail.com,6a1856198db103285a259d18,Arsenal adidas 25/26 Third Socks,2,640000,2016000,30000,COD,delivered,Hồ Chí Minh,false,2025-12-21T00:00:00.000Z,2025-12-21T00:00:00.000Z
6a23bf11d8b02e51814558a5,6a23bf0fd8b02e518145534d,Đặng Hải Tuấn,khachhang1780727567494@gmail.com,6a1856198db103285a259ce2,Arsenal adidas 26/27 Home Knitted Gloves,1,736000,2016000,30000,COD,delivered,Hồ Chí Minh,false,2025-12-21T00:00:00.000Z,2025-12-21T00:00:00.000Z
6a23bf11d8b02e51814558a8,6a23bf0fd8b02e5181455347,Phạm Đức Thành,khachhang1780727567488@gmail.com,6a1856198db103285a259c9d,Arsenal adidas 26/27 Home Long Sleeved Shirt,2,2880000,8760000,30000,COD,delivered,Hà Nội,false,2025-12-21T00:00:00.000Z,2025-12-21T00:00:00.000Z
6a23bf11d8b02e51814558a8,6a23bf0fd8b02e5181455347,Phạm Đức Thành,khachhang1780727567488@gmail.com,6a1850ea1a7b2fdb0ae87393,Áo Đấu Sân Nhà Arsenal 25/26 – Authentic,1,3000000,8760000,30000,COD,delivered,Hà Nội,false,2025-12-21T00:00:00.000Z,2025-12-21T00:00:00.000Z
6a23bf11d8b02e51814558ab,6a23bf0fd8b02e5181455347,Phạm Đức Thành,khachhang1780727567488@gmail.com,6a18590b2bc10bb7e5e86491,Arsenal adidas 25/26 Authentic Away Shirt,2,3840000,13120000,30000,VNPay,delivered,Hà Nội,false,2025-12-21T00:00:00.000Z,2025-12-21T00:00:00.000Z
6a23bf11d8b02e51814558ab,6a23bf0fd8b02e5181455347,Phạm Đức Thành,khachhang1780727567488@gmail.com,6a18590b2bc10bb7e5e864a0,Arsenal adidas 25/26 Third Shirt,2,2720000,13120000,30000,VNPay,delivered,Hà Nội,false,2025-12-21T00:00:00.000Z,2025-12-21T00:00:00.000Z
6a23bf11d8b02e51814558ae,6a23bf0fd8b02e518145534e,Đỗ Hữu Khoa,khachhang1780727567495@gmail.com,6a1856198db103285a259caf,Arsenal adidas 26/27 Authentic Alternate Home Shorts,2,1440000,2880000,30000,VNPay,shipping,Hà Nội,false,2025-12-21T00:00:00.000Z,2025-12-21T00:00:00.000Z
6a23bf11d8b02e51814558b0,6a23bf0fd8b02e5181455357,Hồ Hải Đạt,khachhang1780727567504@gmail.com,6a1856198db103285a259d03,Arsenal adidas Kids 25/26 Third Shirt,1,1920000,1920000,30000,Momo,delivered,Hà Nội,false,2025-12-21T00:00:00.000Z,2025-12-21T00:00:00.000Z
6a23bf11d8b02e51814558b2,6a23bf0fd8b02e518145534e,Đỗ Hữu Khoa,khachhang1780727567495@gmail.com,6a18590b2bc10bb7e5e86449,Arsenal adidas Kids 26/27 Home Shirt,1,1920000,1920000,30000,COD,delivered,Hà Nội,false,2025-12-21T00:00:00.000Z,2025-12-21T00:00:00.000Z
6a23bf11d8b02e51814558b4,6a23bf0fd8b02e5181455359,Dương Hồng Hà,khachhang1780727567506@gmail.com,6a1850eb1a7b2fdb0ae873bd,Tất Sân Khách Arsenal 25/26 – Away Socks,2,350000,1916000,30000,COD,cancelled,Đà Nẵng,false,2025-12-21T00:00:00.000Z,2025-12-21T00:00:00.000Z
6a23bf11d8b02e51814558b4,6a23bf0fd8b02e5181455359,Dương Hồng Hà,khachhang1780727567506@gmail.com,6a18590b2bc10bb7e5e8645a,Arsenal adidas 26/27 Home Shorts,1,1216000,1916000,30000,COD,cancelled,Đà Nẵng,false,2025-12-21T00:00:00.000Z,2025-12-21T00:00:00.000Z
6a23bf11d8b02e51814558b7,6a23bf0fd8b02e518145534a,Lý Thanh Linh,khachhang1780727567491@gmail.com,6a18590b2bc10bb7e5e86443,Arsenal adidas 26/27 Home Shirt,2,2720000,5440000,30000,Banking,delivered,Hồ Chí Minh,false,2025-12-22T00:00:00.000Z,2025-12-22T00:00:00.000Z
6a23bf11d8b02e51814558b9,6a23bf0fd8b02e5181455347,Phạm Đức Thành,khachhang1780727567488@gmail.com,6a1856198db103285a259cd6,Arsenal adidas 26/27 Home Scarf,1,736000,1472000,0,COD,cancelled,Hà Nội,false,2025-12-22T00:00:00.000Z,2025-12-22T00:00:00.000Z
6a23bf11d8b02e51814558b9,6a23bf0fd8b02e5181455347,Phạm Đức Thành,khachhang1780727567488@gmail.com,6a1856198db103285a259ce2,Arsenal adidas 26/27 Home Knitted Gloves,1,736000,1472000,0,COD,cancelled,Hà Nội,false,2025-12-22T00:00:00.000Z,2025-12-22T00:00:00.000Z
6a23bf11d8b02e51814558bc,6a23bf0fd8b02e518145534f,Vũ Lan Linh,khachhang1780727567496@gmail.com,6a1850eb1a7b2fdb0ae873ab,Áo Hoodie Arsenal Essentials 25/26,2,1900000,3800000,0,Momo,delivered,Hồ Chí Minh,false,2025-12-22T00:00:00.000Z,2025-12-22T00:00:00.000Z
6a23bf11d8b02e51814558be,6a23bf0fd8b02e5181455352,Phạm Đình Thành,khachhang1780727567499@gmail.com,6a1850eb1a7b2fdb0ae873b1,Balo Arsenal FC 25/26 – Backpack,2,1200000,3900000,30000,VNPay,delivered,Hà Nội,false,2025-12-22T00:00:00.000Z,2025-12-22T00:00:00.000Z
6a23bf11d8b02e51814558be,6a23bf0fd8b02e5181455352,Phạm Đình Thành,khachhang1780727567499@gmail.com,69ec674e7fb179301d9a2db6,Tất sân nhà Arsenal 2025-2026,2,750000,3900000,30000,VNPay,delivered,Hà Nội,false,2025-12-22T00:00:00.000Z,2025-12-22T00:00:00.000Z
6a23bf11d8b02e51814558c1,6a23bf0fd8b02e5181455352,Phạm Đình Thành,khachhang1780727567499@gmail.com,6a1856198db103285a259d06,Arsenal adidas 25/26 Third Shorts,2,1216000,4332000,30000,Momo,delivered,Hà Nội,false,2025-12-22T00:00:00.000Z,2025-12-22T00:00:00.000Z
6a23bf11d8b02e51814558c1,6a23bf0fd8b02e5181455352,Phạm Đình Thành,khachhang1780727567499@gmail.com,6a1850eb1a7b2fdb0ae873ab,Áo Hoodie Arsenal Essentials 25/26,1,1900000,4332000,30000,Momo,delivered,Hà Nội,false,2025-12-22T00:00:00.000Z,2025-12-22T00:00:00.000Z
6a23bf11d8b02e51814558c4,6a23bf0fd8b02e5181455352,Phạm Đình Thành,khachhang1780727567499@gmail.com,6a1850eb1a7b2fdb0ae873a2,Áo Đấu Sân Nhà Arsenal 25/26 Nữ,1,2200000,6040000,0,Banking,delivered,Hà Nội,false,2025-12-22T00:00:00.000Z,2025-12-22T00:00:00.000Z
6a23bf11d8b02e51814558c4,6a23bf0fd8b02e5181455352,Phạm Đình Thành,khachhang1780727567499@gmail.com,6a1856198db103285a259d03,Arsenal adidas Kids 25/26 Third Shirt,2,1920000,6040000,0,Banking,delivered,Hà Nội,false,2025-12-22T00:00:00.000Z,2025-12-22T00:00:00.000Z
6a23bf11d8b02e51814558c7,6a23bf0fd8b02e5181455355,Ngô Thu Hà,khachhang1780727567502@gmail.com,6a1856198db103285a259d18,Arsenal adidas 25/26 Third Socks,1,640000,640000,30000,Momo,delivered,Đà Nẵng,false,2025-12-23T00:00:00.000Z,2025-12-23T00:00:00.000Z
6a23bf11d8b02e51814558c9,6a23bf0fd8b02e5181455355,Ngô Thu Hà,khachhang1780727567502@gmail.com,6a1856198db103285a259ce5,Arsenal adidas 26/27 Home Beanie,2,736000,1472000,0,Banking,cancelled,Đà Nẵng,false,2025-12-23T00:00:00.000Z,2025-12-23T00:00:00.000Z
6a23bf11d8b02e51814558cb,6a23bf0fd8b02e518145534b,Đặng Ngọc Bảo,khachhang1780727567492@gmail.com,6a1856198db103285a259cc4,Arsenal adidas 26/27 Home Goalkeeper Socks,2,640000,2016000,30000,COD,delivered,Đà Nẵng,false,2025-12-23T00:00:00.000Z,2025-12-23T00:00:00.000Z
6a23bf11d8b02e51814558cb,6a23bf0fd8b02e518145534b,Đặng Ngọc Bảo,khachhang1780727567492@gmail.com,6a1856198db103285a259cd6,Arsenal adidas 26/27 Home Scarf,1,736000,2016000,30000,COD,delivered,Đà Nẵng,false,2025-12-23T00:00:00.000Z,2025-12-23T00:00:00.000Z
6a23bf11d8b02e51814558ce,6a23bf0fd8b02e518145534e,Đỗ Hữu Khoa,khachhang1780727567495@gmail.com,6a18590b2bc10bb7e5e86499,Arsenal adidas Kids 25/26 Away Socks,2,512000,2464000,30000,VNPay,delivered,Hà Nội,false,2025-12-23T00:00:00.000Z,2025-12-23T00:00:00.000Z
6a23bf11d8b02e51814558ce,6a23bf0fd8b02e518145534e,Đỗ Hữu Khoa,khachhang1780727567495@gmail.com,6a1856198db103285a259d12,Arsenal adidas 25/26 Third Authentic Alternate Shorts,1,1440000,2464000,30000,VNPay,delivered,Hà Nội,false,2025-12-23T00:00:00.000Z,2025-12-23T00:00:00.000Z
6a23bf11d8b02e51814558d1,6a23bf0fd8b02e5181455358,Lý Thúy Yến,khachhang1780727567505@gmail.com,6a1856198db103285a259ceb,Arsenal adidas 25/26 Away Mini Kit,2,1600000,3200000,30000,Banking,delivered,Hồ Chí Minh,false,2025-12-24T00:00:00.000Z,2025-12-24T00:00:00.000Z
6a23bf11d8b02e51814558d3,6a23bf0fd8b02e5181455359,Dương Hồng Hà,khachhang1780727567506@gmail.com,6a18590b2bc10bb7e5e86474,Arsenal adidas 26/27 Home Black Backpack,2,1280000,2560000,0,COD,pending,Đà Nẵng,false,2025-12-24T00:00:00.000Z,2025-12-24T00:00:00.000Z
6a23bf11d8b02e51814558d5,6a23bf0fd8b02e5181455352,Phạm Đình Thành,khachhang1780727567499@gmail.com,69ec674e7fb179301d9a2db6,Tất sân nhà Arsenal 2025-2026,1,750000,750000,30000,COD,delivered,Hà Nội,false,2025-12-25T00:00:00.000Z,2025-12-25T00:00:00.000Z
6a23bf11d8b02e51814558d7,6a23bf0fd8b02e5181455347,Phạm Đức Thành,khachhang1780727567488@gmail.com,6a1856198db103285a259cc1,Arsenal adidas Kids 26/27 Home Goalkeeper Shorts,1,960000,2760000,0,VNPay,pending,Hà Nội,false,2025-12-26T00:00:00.000Z,2025-12-26T00:00:00.000Z
6a23bf11d8b02e51814558d7,6a23bf0fd8b02e5181455347,Phạm Đức Thành,khachhang1780727567488@gmail.com,6a1850eb1a7b2fdb0ae873a5,Áo Tập Arsenal 25/26 – Training Jersey,1,1800000,2760000,0,VNPay,pending,Hà Nội,false,2025-12-26T00:00:00.000Z,2025-12-26T00:00:00.000Z
6a23bf11d8b02e51814558da,6a23bf0fd8b02e5181455358,Lý Thúy Yến,khachhang1780727567505@gmail.com,6a1856198db103285a259c85,Arsenal adidas Kids 26/27 Authentic Home Shirt,2,2560000,6080000,30000,Momo,pending,Hồ Chí Minh,false,2025-12-26T00:00:00.000Z,2025-12-26T00:00:00.000Z
6a23bf11d8b02e51814558da,6a23bf0fd8b02e5181455358,Lý Thúy Yến,khachhang1780727567505@gmail.com,6a1856198db103285a259d0f,Arsenal adidas Kids 25/26 Third Shorts,1,960000,6080000,30000,Momo,pending,Hồ Chí Minh,false,2025-12-26T00:00:00.000Z,2025-12-26T00:00:00.000Z
6a23bf11d8b02e51814558dd,6a23bf0fd8b02e5181455346,Võ Hải Đạt,khachhang1780727567487@gmail.com,6a1850eb1a7b2fdb0ae87399,Áo Đấu Sân Khách Arsenal 25/26 – Fan Version,2,2200000,4400000,30000,COD,delivered,Hồ Chí Minh,false,2025-12-27T00:00:00.000Z,2025-12-27T00:00:00.000Z
6a23bf11d8b02e51814558df,6a23bf0fd8b02e5181455357,Hồ Hải Đạt,khachhang1780727567504@gmail.com,6a1850eb1a7b2fdb0ae873ab,Áo Hoodie Arsenal Essentials 25/26,1,1900000,5100000,30000,VNPay,delivered,Hà Nội,false,2025-12-27T00:00:00.000Z,2025-12-27T00:00:00.000Z
6a23bf11d8b02e51814558df,6a23bf0fd8b02e5181455357,Hồ Hải Đạt,khachhang1780727567504@gmail.com,6a1856198db103285a259ceb,Arsenal adidas 25/26 Away Mini Kit,2,1600000,5100000,30000,VNPay,delivered,Hà Nội,false,2025-12-27T00:00:00.000Z,2025-12-27T00:00:00.000Z
6a23bf11d8b02e51814558e2,6a23bf0fd8b02e5181455357,Hồ Hải Đạt,khachhang1780727567504@gmail.com,6a18590b2bc10bb7e5e8643c,Arsenal adidas 26/27 Authentic Home Shirt,1,3840000,8640000,30000,Momo,delivered,Hà Nội,false,2025-12-27T00:00:00.000Z,2025-12-27T00:00:00.000Z
6a23bf11d8b02e51814558e2,6a23bf0fd8b02e5181455357,Hồ Hải Đạt,khachhang1780727567504@gmail.com,6a1856198db103285a259c94,Arsenal adidas Womens 26/27 Crop Home Shirt,2,2400000,8640000,30000,Momo,delivered,Hà Nội,false,2025-12-27T00:00:00.000Z,2025-12-27T00:00:00.000Z
6a23bf11d8b02e51814558e5,6a23bf0fd8b02e5181455350,Nguyễn Thị Anh,khachhang1780727567497@gmail.com,6a1856198db103285a259c82,Arsenal adidas Womens 26/27 Authentic Home Shirt,2,3840000,9600000,30000,COD,delivered,Hà Nội,false,2025-12-27T00:00:00.000Z,2025-12-27T00:00:00.000Z
6a23bf11d8b02e51814558e5,6a23bf0fd8b02e5181455350,Nguyễn Thị Anh,khachhang1780727567497@gmail.com,6a18590b2bc10bb7e5e86496,Arsenal adidas Kids 25/26 Away Shorts,2,960000,9600000,30000,COD,delivered,Hà Nội,false,2025-12-27T00:00:00.000Z,2025-12-27T00:00:00.000Z
6a23bf11d8b02e51814558e8,6a23bf0fd8b02e5181455358,Lý Thúy Yến,khachhang1780727567505@gmail.com,6a1856198db103285a259cb5,Arsenal adidas Kids 26/27 Home Socks,2,512000,1024000,0,Banking,delivered,Hồ Chí Minh,false,2025-12-27T00:00:00.000Z,2025-12-27T00:00:00.000Z
6a23bf11d8b02e51814558ea,6a23bf0fd8b02e5181455354,Dương Công Long,khachhang1780727567501@gmail.com,6a1856198db103285a259c9d,Arsenal adidas 26/27 Home Long Sleeved Shirt,2,2880000,8640000,0,Banking,cancelled,Hồ Chí Minh,false,2025-12-27T00:00:00.000Z,2025-12-27T00:00:00.000Z
6a23bf11d8b02e51814558ea,6a23bf0fd8b02e5181455354,Dương Công Long,khachhang1780727567501@gmail.com,6a1856198db103285a259cac,Arsenal adidas 26/27 Authentic Home Shorts,2,1440000,8640000,0,Banking,cancelled,Hồ Chí Minh,false,2025-12-27T00:00:00.000Z,2025-12-27T00:00:00.000Z
6a23bf11d8b02e51814558ed,6a23bf0fd8b02e5181455352,Phạm Đình Thành,khachhang1780727567499@gmail.com,6a1856198db103285a259d12,Arsenal adidas 25/26 Third Authentic Alternate Shorts,2,1440000,7680000,0,Banking,pending,Hà Nội,false,2025-12-27T00:00:00.000Z,2025-12-27T00:00:00.000Z
6a23bf11d8b02e51814558ed,6a23bf0fd8b02e5181455352,Phạm Đình Thành,khachhang1780727567499@gmail.com,6a1856198db103285a259c94,Arsenal adidas Womens 26/27 Crop Home Shirt,2,2400000,7680000,0,Banking,pending,Hà Nội,false,2025-12-27T00:00:00.000Z,2025-12-27T00:00:00.000Z
6a23bf11d8b02e51814558f0,6a23bf0fd8b02e5181455351,Lý Thúy Trang,khachhang1780727567498@gmail.com,6a1856198db103285a259ca9,Arsenal adidas Kids 26/27 Home Shorts,2,960000,4120000,30000,Momo,shipping,Đà Nẵng,false,2025-12-27T00:00:00.000Z,2025-12-27T00:00:00.000Z
6a23bf11d8b02e51814558f0,6a23bf0fd8b02e5181455351,Lý Thúy Trang,khachhang1780727567498@gmail.com,69ec674e7fb179301d9a2db5,Quần short tập luyện,2,1100000,4120000,30000,Momo,shipping,Đà Nẵng,false,2025-12-27T00:00:00.000Z,2025-12-27T00:00:00.000Z
6a23bf11d8b02e51814558f3,6a23bf0fd8b02e5181455349,Võ Mỹ Trang,khachhang1780727567490@gmail.com,69ec674e7fb179301d9a2db9,Mũ Lưỡi Trai Arsenal,1,450000,450000,30000,VNPay,delivered,Hồ Chí Minh,false,2025-12-27T00:00:00.000Z,2025-12-27T00:00:00.000Z
6a23bf11d8b02e51814558f5,6a23bf0fd8b02e518145534a,Lý Thanh Linh,khachhang1780727567491@gmail.com,6a1856198db103285a259cfa,Arsenal adidas 25/26 Away Shorts,2,1216000,2432000,0,COD,delivered,Hồ Chí Minh,false,2025-12-28T00:00:00.000Z,2025-12-28T00:00:00.000Z
6a23bf11d8b02e51814558f7,6a23bf0fd8b02e5181455350,Nguyễn Thị Anh,khachhang1780727567497@gmail.com,6a1856198db103285a259c94,Arsenal adidas Womens 26/27 Crop Home Shirt,1,2400000,3424000,0,VNPay,cancelled,Hà Nội,false,2025-12-28T00:00:00.000Z,2025-12-28T00:00:00.000Z
6a23bf11d8b02e51814558f7,6a23bf0fd8b02e5181455350,Nguyễn Thị Anh,khachhang1780727567497@gmail.com,6a1856198db103285a259cb5,Arsenal adidas Kids 26/27 Home Socks,2,512000,3424000,0,VNPay,cancelled,Hà Nội,false,2025-12-28T00:00:00.000Z,2025-12-28T00:00:00.000Z
6a23bf11d8b02e51814558fa,6a23bf0fd8b02e5181455357,Hồ Hải Đạt,khachhang1780727567504@gmail.com,6a1856198db103285a259cc1,Arsenal adidas Kids 26/27 Home Goalkeeper Shorts,1,960000,960000,0,VNPay,delivered,Hà Nội,false,2025-12-28T00:00:00.000Z,2025-12-28T00:00:00.000Z
6a23bf11d8b02e51814558fc,6a23bf0fd8b02e5181455347,Phạm Đức Thành,khachhang1780727567488@gmail.com,6a1856198db103285a259cc1,Arsenal adidas Kids 26/27 Home Goalkeeper Shorts,1,960000,2240000,0,Banking,delivered,Hà Nội,false,2025-12-28T00:00:00.000Z,2025-12-28T00:00:00.000Z
6a23bf11d8b02e51814558fc,6a23bf0fd8b02e5181455347,Phạm Đức Thành,khachhang1780727567488@gmail.com,6a18590b2bc10bb7e5e86463,Arsenal adidas 26/27 Home Socks,2,640000,2240000,0,Banking,delivered,Hà Nội,false,2025-12-28T00:00:00.000Z,2025-12-28T00:00:00.000Z
6a23bf11d8b02e51814558ff,6a23bf0fd8b02e5181455354,Dương Công Long,khachhang1780727567501@gmail.com,6a18590b2bc10bb7e5e86499,Arsenal adidas Kids 25/26 Away Socks,2,512000,1984000,30000,VNPay,delivered,Hồ Chí Minh,false,2025-12-28T00:00:00.000Z,2025-12-28T00:00:00.000Z
6a23bf11d8b02e51814558ff,6a23bf0fd8b02e5181455354,Dương Công Long,khachhang1780727567501@gmail.com,6a18590b2bc10bb7e5e86496,Arsenal adidas Kids 25/26 Away Shorts,1,960000,1984000,30000,VNPay,delivered,Hồ Chí Minh,false,2025-12-28T00:00:00.000Z,2025-12-28T00:00:00.000Z
6a23bf11d8b02e5181455902,6a23bf0fd8b02e518145534d,Đặng Hải Tuấn,khachhang1780727567494@gmail.com,6a18590b2bc10bb7e5e86443,Arsenal adidas 26/27 Home Shirt,1,2720000,2720000,30000,Banking,cancelled,Hồ Chí Minh,false,2025-12-28T00:00:00.000Z,2025-12-28T00:00:00.000Z
6a23bf11d8b02e5181455904,6a23bf0fd8b02e5181455356,Vũ Công Hùng,khachhang1780727567503@gmail.com,6a1856198db103285a259cb5,Arsenal adidas Kids 26/27 Home Socks,1,512000,512000,30000,Momo,shipping,Hà Nội,false,2025-12-28T00:00:00.000Z,2025-12-28T00:00:00.000Z
6a23bf11d8b02e5181455906,6a23bf0fd8b02e5181455358,Lý Thúy Yến,khachhang1780727567505@gmail.com,6a1856198db103285a259c97,Arsenal adidas 26/27 Authentic Home Long Sleeved Shirt,2,4160000,8320000,30000,VNPay,cancelled,Hồ Chí Minh,false,2025-12-29T00:00:00.000Z,2025-12-29T00:00:00.000Z
6a23bf11d8b02e5181455908,6a23bf0fd8b02e5181455346,Võ Hải Đạt,khachhang1780727567487@gmail.com,6a18590b2bc10bb7e5e86483,Arsenal adidas 26/27 White Home Cap,2,640000,1280000,30000,Momo,shipping,Hồ Chí Minh,false,2025-12-29T00:00:00.000Z,2025-12-29T00:00:00.000Z
6a23bf11d8b02e518145590a,6a23bf0fd8b02e518145534f,Vũ Lan Linh,khachhang1780727567496@gmail.com,6a18590b2bc10bb7e5e86479,Arsenal adidas 26/27 Home Football Size 5,1,640000,960000,0,COD,delivered,Hồ Chí Minh,false,2025-12-29T00:00:00.000Z,2025-12-29T00:00:00.000Z
6a23bf11d8b02e518145590a,6a23bf0fd8b02e518145534f,Vũ Lan Linh,khachhang1780727567496@gmail.com,6a1856198db103285a259cdf,Arsenal adidas 26/27 Home Water Bottle,1,320000,960000,0,COD,delivered,Hồ Chí Minh,false,2025-12-29T00:00:00.000Z,2025-12-29T00:00:00.000Z
6a23bf11d8b02e518145590d,6a23bf0fd8b02e518145534a,Lý Thanh Linh,khachhang1780727567491@gmail.com,6a18590b2bc10bb7e5e8643c,Arsenal adidas 26/27 Authentic Home Shirt,2,3840000,7680000,30000,Momo,delivered,Hồ Chí Minh,false,2025-12-29T00:00:00.000Z,2025-12-29T00:00:00.000Z
6a23bf11d8b02e518145590f,6a23bf0fd8b02e5181455347,Phạm Đức Thành,khachhang1780727567488@gmail.com,6a1856198db103285a259ca9,Arsenal adidas Kids 26/27 Home Shorts,1,960000,960000,0,Banking,delivered,Hà Nội,false,2025-12-29T00:00:00.000Z,2025-12-29T00:00:00.000Z
6a23bf11d8b02e5181455911,6a23bf0fd8b02e5181455348,Võ Bích Hà,khachhang1780727567489@gmail.com,6a18590b2bc10bb7e5e8648c,Arsenal adidas 25/26 Away Shirt,2,2720000,7340000,30000,Momo,delivered,Đà Nẵng,false,2025-12-29T00:00:00.000Z,2025-12-29T00:00:00.000Z
6a23bf11d8b02e5181455911,6a23bf0fd8b02e5181455348,Võ Bích Hà,khachhang1780727567489@gmail.com,6a1850eb1a7b2fdb0ae873ab,Áo Hoodie Arsenal Essentials 25/26,1,1900000,7340000,30000,Momo,delivered,Đà Nẵng,false,2025-12-29T00:00:00.000Z,2025-12-29T00:00:00.000Z
6a23bf11d8b02e5181455914,6a23bf0fd8b02e5181455359,Dương Hồng Hà,khachhang1780727567506@gmail.com,6a1856198db103285a259cc1,Arsenal adidas Kids 26/27 Home Goalkeeper Shorts,2,960000,1920000,30000,COD,delivered,Đà Nẵng,false,2025-12-30T00:00:00.000Z,2025-12-30T00:00:00.000Z
6a23bf11d8b02e5181455916,6a23bf0fd8b02e5181455358,Lý Thúy Yến,khachhang1780727567505@gmail.com,6a1850eb1a7b2fdb0ae873a8,Áo Khoác Anthem Arsenal Z.N.E. 25/26,1,2300000,2300000,0,VNPay,pending,Hồ Chí Minh,false,2025-12-30T00:00:00.000Z,2025-12-30T00:00:00.000Z
6a23bf11d8b02e5181455918,6a23bf0fd8b02e518145534a,Lý Thanh Linh,khachhang1780727567491@gmail.com,6a1850eb1a7b2fdb0ae873a5,Áo Tập Arsenal 25/26 – Training Jersey,1,1800000,1800000,30000,COD,delivered,Hồ Chí Minh,false,2025-12-30T00:00:00.000Z,2025-12-30T00:00:00.000Z
6a23bf11d8b02e518145591a,6a23bf0fd8b02e5181455351,Lý Thúy Trang,khachhang1780727567498@gmail.com,6a18590b2bc10bb7e5e86449,Arsenal adidas Kids 26/27 Home Shirt,1,1920000,1920000,0,Banking,delivered,Đà Nẵng,false,2025-12-30T00:00:00.000Z,2025-12-30T00:00:00.000Z
6a23bf11d8b02e518145591c,6a23bf0fd8b02e518145534c,Võ Đức Cường,khachhang1780727567493@gmail.com,6a1856198db103285a259cc4,Arsenal adidas 26/27 Home Goalkeeper Socks,2,640000,4160000,30000,Momo,delivered,Đà Nẵng,false,2025-12-30T00:00:00.000Z,2025-12-30T00:00:00.000Z
6a23bf11d8b02e518145591c,6a23bf0fd8b02e518145534c,Võ Đức Cường,khachhang1780727567493@gmail.com,6a1856198db103285a259cac,Arsenal adidas 26/27 Authentic Home Shorts,2,1440000,4160000,30000,Momo,delivered,Đà Nẵng,false,2025-12-30T00:00:00.000Z,2025-12-30T00:00:00.000Z
6a23bf11d8b02e518145591f,6a23bf0fd8b02e5181455352,Phạm Đình Thành,khachhang1780727567499@gmail.com,6a1850eb1a7b2fdb0ae8739f,Áo Đấu Thứ Ba Arsenal 25/26 – Fan Version,1,2200000,6360000,0,VNPay,shipping,Hà Nội,false,2025-12-30T00:00:00.000Z,2025-12-30T00:00:00.000Z
6a23bf11d8b02e518145591f,6a23bf0fd8b02e5181455352,Phạm Đình Thành,khachhang1780727567499@gmail.com,6a1856198db103285a259c97,Arsenal adidas 26/27 Authentic Home Long Sleeved Shirt,1,4160000,6360000,0,VNPay,shipping,Hà Nội,false,2025-12-30T00:00:00.000Z,2025-12-30T00:00:00.000Z
6a23bf11d8b02e5181455922,6a23bf0fd8b02e5181455357,Hồ Hải Đạt,khachhang1780727567504@gmail.com,6a1856198db103285a259c91,Arsenal adidas 26/27 Home Mini Kit,2,1600000,7360000,30000,COD,delivered,Hà Nội,false,2025-12-30T00:00:00.000Z,2025-12-30T00:00:00.000Z
6a23bf11d8b02e5181455922,6a23bf0fd8b02e5181455357,Hồ Hải Đạt,khachhang1780727567504@gmail.com,6a1856198db103285a259c97,Arsenal adidas 26/27 Authentic Home Long Sleeved Shirt,1,4160000,7360000,30000,COD,delivered,Hà Nội,false,2025-12-30T00:00:00.000Z,2025-12-30T00:00:00.000Z
6a23bf11d8b02e5181455925,6a23bf0fd8b02e518145534a,Lý Thanh Linh,khachhang1780727567491@gmail.com,6a1850eb1a7b2fdb0ae873b4,Mũ Bóng Chày Arsenal FC 25/26 – Cap,2,600000,4080000,30000,COD,delivered,Hồ Chí Minh,false,2025-12-30T00:00:00.000Z,2025-12-30T00:00:00.000Z
6a23bf11d8b02e5181455925,6a23bf0fd8b02e518145534a,Lý Thanh Linh,khachhang1780727567491@gmail.com,6a1856198db103285a259c9d,Arsenal adidas 26/27 Home Long Sleeved Shirt,1,2880000,4080000,30000,COD,delivered,Hồ Chí Minh,false,2025-12-30T00:00:00.000Z,2025-12-30T00:00:00.000Z
6a23bf11d8b02e5181455928,6a23bf0fd8b02e5181455359,Dương Hồng Hà,khachhang1780727567506@gmail.com,6a1850eb1a7b2fdb0ae873bd,Tất Sân Khách Arsenal 25/26 – Away Socks,1,350000,830000,30000,VNPay,delivered,Đà Nẵng,false,2025-12-31T00:00:00.000Z,2025-12-31T00:00:00.000Z
6a23bf11d8b02e5181455928,6a23bf0fd8b02e5181455359,Dương Hồng Hà,khachhang1780727567506@gmail.com,6a1856198db103285a259cd3,Arsenal adidas 26/27 Mini Home Football Size 1,1,480000,830000,30000,VNPay,delivered,Đà Nẵng,false,2025-12-31T00:00:00.000Z,2025-12-31T00:00:00.000Z
6a23bf11d8b02e518145592b,6a23bf0fd8b02e5181455346,Võ Hải Đạt,khachhang1780727567487@gmail.com,6a1856198db103285a259caf,Arsenal adidas 26/27 Authentic Alternate Home Shorts,2,1440000,2880000,30000,COD,delivered,Hồ Chí Minh,false,2025-12-31T00:00:00.000Z,2025-12-31T00:00:00.000Z
6a23bf11d8b02e518145592d,6a23bf0fd8b02e518145534e,Đỗ Hữu Khoa,khachhang1780727567495@gmail.com,6a1856198db103285a259c91,Arsenal adidas 26/27 Home Mini Kit,2,1600000,5400000,30000,COD,delivered,Hà Nội,false,2025-12-31T00:00:00.000Z,2025-12-31T00:00:00.000Z
6a23bf11d8b02e518145592d,6a23bf0fd8b02e518145534e,Đỗ Hữu Khoa,khachhang1780727567495@gmail.com,6a1850eb1a7b2fdb0ae873a2,Áo Đấu Sân Nhà Arsenal 25/26 Nữ,1,2200000,5400000,30000,COD,delivered,Hà Nội,false,2025-12-31T00:00:00.000Z,2025-12-31T00:00:00.000Z
6a23bf11d8b02e5181455930,6a23bf0fd8b02e5181455358,Lý Thúy Yến,khachhang1780727567505@gmail.com,6a1850eb1a7b2fdb0ae873ae,Quần Tập Luyện Arsenal 25/26 – Training Pants,1,1600000,1600000,30000,Banking,pending,Hồ Chí Minh,false,2025-12-31T00:00:00.000Z,2025-12-31T00:00:00.000Z
6a23bf11d8b02e5181455932,6a23bf0fd8b02e5181455349,Võ Mỹ Trang,khachhang1780727567490@gmail.com,69ec674e7fb179301d9a2db6,Tất sân nhà Arsenal 2025-2026,1,750000,750000,30000,Banking,delivered,Hồ Chí Minh,false,2025-12-31T00:00:00.000Z,2025-12-31T00:00:00.000Z
6a23bf11d8b02e5181455934,6a23bf0fd8b02e5181455358,Lý Thúy Yến,khachhang1780727567505@gmail.com,6a1856198db103285a259cc1,Arsenal adidas Kids 26/27 Home Goalkeeper Shorts,2,960000,9600000,0,COD,pending,Hồ Chí Minh,false,2025-12-31T00:00:00.000Z,2025-12-31T00:00:00.000Z
6a23bf11d8b02e5181455934,6a23bf0fd8b02e5181455358,Lý Thúy Yến,khachhang1780727567505@gmail.com,6a1856198db103285a259c82,Arsenal adidas Womens 26/27 Authentic Home Shirt,2,3840000,9600000,0,COD,pending,Hồ Chí Minh,false,2025-12-31T00:00:00.000Z,2025-12-31T00:00:00.000Z
6a23bf11d8b02e5181455937,6a23bf0fd8b02e5181455356,Vũ Công Hùng,khachhang1780727567503@gmail.com,6a1856198db103285a259d03,Arsenal adidas Kids 25/26 Third Shirt,1,1920000,3136000,30000,Banking,delivered,Hà Nội,false,2025-12-31T00:00:00.000Z,2025-12-31T00:00:00.000Z
6a23bf11d8b02e5181455937,6a23bf0fd8b02e5181455356,Vũ Công Hùng,khachhang1780727567503@gmail.com,6a1856198db103285a259cbe,Arsenal adidas 26/27 Home Goalkeeper Shorts,1,1216000,3136000,30000,Banking,delivered,Hà Nội,false,2025-12-31T00:00:00.000Z,2025-12-31T00:00:00.000Z
6a23bf11d8b02e518145593a,6a23bf0fd8b02e518145534c,Võ Đức Cường,khachhang1780727567493@gmail.com,6a1856198db103285a259cc1,Arsenal adidas Kids 26/27 Home Goalkeeper Shorts,1,960000,960000,30000,Banking,shipping,Đà Nẵng,false,2026-01-01T00:00:00.000Z,2026-01-01T00:00:00.000Z
6a23bf11d8b02e518145593c,6a23bf0fd8b02e5181455347,Phạm Đức Thành,khachhang1780727567488@gmail.com,6a1850eb1a7b2fdb0ae873a5,Áo Tập Arsenal 25/26 – Training Jersey,1,1800000,1800000,30000,VNPay,delivered,Hà Nội,false,2026-01-01T00:00:00.000Z,2026-01-01T00:00:00.000Z
6a23bf11d8b02e518145593e,6a23bf0fd8b02e5181455351,Lý Thúy Trang,khachhang1780727567498@gmail.com,6a18590b2bc10bb7e5e86491,Arsenal adidas 25/26 Authentic Away Shirt,2,3840000,7680000,0,COD,delivered,Đà Nẵng,false,2026-01-01T00:00:00.000Z,2026-01-01T00:00:00.000Z
6a23bf11d8b02e5181455940,6a23bf0fd8b02e5181455358,Lý Thúy Yến,khachhang1780727567505@gmail.com,6a18590b2bc10bb7e5e86449,Arsenal adidas Kids 26/27 Home Shirt,1,1920000,1920000,30000,VNPay,cancelled,Hồ Chí Minh,false,2026-01-01T00:00:00.000Z,2026-01-01T00:00:00.000Z
6a23bf11d8b02e5181455942,6a23bf0fd8b02e518145534a,Lý Thanh Linh,khachhang1780727567491@gmail.com,6a1850eb1a7b2fdb0ae87399,Áo Đấu Sân Khách Arsenal 25/26 – Fan Version,2,2200000,7600000,30000,COD,shipping,Hồ Chí Minh,false,2026-01-01T00:00:00.000Z,2026-01-01T00:00:00.000Z
6a23bf11d8b02e5181455942,6a23bf0fd8b02e518145534a,Lý Thanh Linh,khachhang1780727567491@gmail.com,6a1856198db103285a259c91,Arsenal adidas 26/27 Home Mini Kit,2,1600000,7600000,30000,COD,shipping,Hồ Chí Minh,false,2026-01-01T00:00:00.000Z,2026-01-01T00:00:00.000Z
6a23bf11d8b02e5181455945,6a23bf0fd8b02e5181455353,Phan Công Phúc,khachhang1780727567500@gmail.com,6a1856198db103285a259cd6,Arsenal adidas 26/27 Home Scarf,1,736000,1186000,30000,COD,pending,Hồ Chí Minh,false,2026-01-01T00:00:00.000Z,2026-01-01T00:00:00.000Z
6a23bf11d8b02e5181455945,6a23bf0fd8b02e5181455353,Phan Công Phúc,khachhang1780727567500@gmail.com,69ec674e7fb179301d9a2db9,Mũ Lưỡi Trai Arsenal,1,450000,1186000,30000,COD,pending,Hồ Chí Minh,false,2026-01-01T00:00:00.000Z,2026-01-01T00:00:00.000Z
6a23bf11d8b02e5181455948,6a23bf0fd8b02e518145534f,Vũ Lan Linh,khachhang1780727567496@gmail.com,6a18590b2bc10bb7e5e8648c,Arsenal adidas 25/26 Away Shirt,1,2720000,2720000,0,Momo,shipping,Hồ Chí Minh,false,2026-01-02T00:00:00.000Z,2026-01-02T00:00:00.000Z
6a23bf11d8b02e518145594a,6a23bf0fd8b02e5181455356,Vũ Công Hùng,khachhang1780727567503@gmail.com,6a18590b2bc10bb7e5e8648c,Arsenal adidas 25/26 Away Shirt,2,2720000,5440000,30000,VNPay,delivered,Hà Nội,false,2026-01-02T00:00:00.000Z,2026-01-02T00:00:00.000Z
6a23bf11d8b02e518145594c,6a23bf0fd8b02e5181455357,Hồ Hải Đạt,khachhang1780727567504@gmail.com,6a1850eb1a7b2fdb0ae873a2,Áo Đấu Sân Nhà Arsenal 25/26 Nữ,1,2200000,2200000,30000,Momo,shipping,Hà Nội,false,2026-01-02T00:00:00.000Z,2026-01-02T00:00:00.000Z
6a23bf11d8b02e518145594e,6a23bf0fd8b02e518145534e,Đỗ Hữu Khoa,khachhang1780727567495@gmail.com,6a18590b2bc10bb7e5e86480,Arsenal adidas 26/27 Red Home Cap,1,640000,3840000,30000,Momo,delivered,Hà Nội,false,2026-01-02T00:00:00.000Z,2026-01-02T00:00:00.000Z
6a23bf11d8b02e518145594e,6a23bf0fd8b02e518145534e,Đỗ Hữu Khoa,khachhang1780727567495@gmail.com,6a1856198db103285a259d09,Arsenal adidas 25/26 Third Mini Kit,2,1600000,3840000,30000,Momo,delivered,Hà Nội,false,2026-01-02T00:00:00.000Z,2026-01-02T00:00:00.000Z
6a23bf11d8b02e5181455951,6a23bf0fd8b02e5181455359,Dương Hồng Hà,khachhang1780727567506@gmail.com,6a1850eb1a7b2fdb0ae873bd,Tất Sân Khách Arsenal 25/26 – Away Socks,1,350000,350000,30000,COD,shipping,Đà Nẵng,false,2026-01-02T00:00:00.000Z,2026-01-02T00:00:00.000Z
6a23bf11d8b02e5181455953,6a23bf0fd8b02e518145534c,Võ Đức Cường,khachhang1780727567493@gmail.com,6a1856198db103285a259cbb,Arsenal adidas Kids 26/27 Long Sleeved Home Goalkeeper Shirt,1,2080000,4800000,0,Momo,shipping,Đà Nẵng,false,2026-01-03T00:00:00.000Z,2026-01-03T00:00:00.000Z
6a23bf11d8b02e5181455953,6a23bf0fd8b02e518145534c,Võ Đức Cường,khachhang1780727567493@gmail.com,6a18590b2bc10bb7e5e864a0,Arsenal adidas 25/26 Third Shirt,1,2720000,4800000,0,Momo,shipping,Đà Nẵng,false,2026-01-03T00:00:00.000Z,2026-01-03T00:00:00.000Z
6a23bf11d8b02e5181455956,6a23bf0fd8b02e518145534e,Đỗ Hữu Khoa,khachhang1780727567495@gmail.com,6a1850eb1a7b2fdb0ae873b4,Mũ Bóng Chày Arsenal FC 25/26 – Cap,1,600000,4760000,30000,Momo,cancelled,Hà Nội,false,2026-01-03T00:00:00.000Z,2026-01-03T00:00:00.000Z
6a23bf11d8b02e5181455956,6a23bf0fd8b02e518145534e,Đỗ Hữu Khoa,khachhang1780727567495@gmail.com,6a1856198db103285a259ca0,Arsenal adidas Kids 26/27 Long Sleeved Home Shirt,2,2080000,4760000,30000,Momo,cancelled,Hà Nội,false,2026-01-03T00:00:00.000Z,2026-01-03T00:00:00.000Z
6a23bf11d8b02e5181455959,6a23bf0fd8b02e5181455352,Phạm Đình Thành,khachhang1780727567499@gmail.com,6a1856198db103285a259d06,Arsenal adidas 25/26 Third Shorts,2,1216000,4032000,30000,VNPay,shipping,Hà Nội,false,2026-01-03T00:00:00.000Z,2026-01-03T00:00:00.000Z
6a23bf11d8b02e5181455959,6a23bf0fd8b02e5181455352,Phạm Đình Thành,khachhang1780727567499@gmail.com,6a1856198db103285a259ceb,Arsenal adidas 25/26 Away Mini Kit,1,1600000,4032000,30000,VNPay,shipping,Hà Nội,false,2026-01-03T00:00:00.000Z,2026-01-03T00:00:00.000Z
6a23bf11d8b02e518145595c,6a23bf0fd8b02e518145534c,Võ Đức Cường,khachhang1780727567493@gmail.com,6a1856198db103285a259d15,Arsenal adidas Kids 25/26 Third Goalkeeper Shirt,2,1920000,3840000,30000,Momo,shipping,Đà Nẵng,false,2026-01-03T00:00:00.000Z,2026-01-03T00:00:00.000Z
6a23bf11d8b02e518145595e,6a23bf0fd8b02e5181455351,Lý Thúy Trang,khachhang1780727567498@gmail.com,6a1856198db103285a259c9a,Arsenal adidas Womens 26/27 Authentic Home Long Sleeved Shirt,2,4160000,8320000,0,VNPay,delivered,Đà Nẵng,false,2026-01-03T00:00:00.000Z,2026-01-03T00:00:00.000Z
6a23bf11d8b02e5181455960,6a23bf0fd8b02e518145534d,Đặng Hải Tuấn,khachhang1780727567494@gmail.com,6a1856198db103285a259d15,Arsenal adidas Kids 25/26 Third Goalkeeper Shirt,1,1920000,3420000,30000,Banking,delivered,Hồ Chí Minh,false,2026-01-03T00:00:00.000Z,2026-01-03T00:00:00.000Z
6a23bf11d8b02e5181455960,6a23bf0fd8b02e518145534d,Đặng Hải Tuấn,khachhang1780727567494@gmail.com,69ec674e7fb179301d9a2db6,Tất sân nhà Arsenal 2025-2026,2,750000,3420000,30000,Banking,delivered,Hồ Chí Minh,false,2026-01-03T00:00:00.000Z,2026-01-03T00:00:00.000Z
6a23bf11d8b02e5181455963,6a23bf0fd8b02e5181455352,Phạm Đình Thành,khachhang1780727567499@gmail.com,6a1856198db103285a259ccd,Arsenal adidas 26/27 Red Backpack,2,1280000,6720000,0,COD,delivered,Hà Nội,false,2026-01-03T00:00:00.000Z,2026-01-03T00:00:00.000Z
6a23bf11d8b02e5181455963,6a23bf0fd8b02e5181455352,Phạm Đình Thành,khachhang1780727567499@gmail.com,6a1856198db103285a259c97,Arsenal adidas 26/27 Authentic Home Long Sleeved Shirt,1,4160000,6720000,0,COD,delivered,Hà Nội,false,2026-01-03T00:00:00.000Z,2026-01-03T00:00:00.000Z
6a23bf11d8b02e5181455966,6a23bf0fd8b02e5181455351,Lý Thúy Trang,khachhang1780727567498@gmail.com,6a1856198db103285a259c97,Arsenal adidas 26/27 Authentic Home Long Sleeved Shirt,1,4160000,7960000,30000,VNPay,delivered,Đà Nẵng,false,2026-01-03T00:00:00.000Z,2026-01-03T00:00:00.000Z
6a23bf11d8b02e5181455966,6a23bf0fd8b02e5181455351,Lý Thúy Trang,khachhang1780727567498@gmail.com,6a1850eb1a7b2fdb0ae873ab,Áo Hoodie Arsenal Essentials 25/26,2,1900000,7960000,30000,VNPay,delivered,Đà Nẵng,false,2026-01-03T00:00:00.000Z,2026-01-03T00:00:00.000Z
6a23bf11d8b02e5181455969,6a23bf0fd8b02e5181455350,Nguyễn Thị Anh,khachhang1780727567497@gmail.com,6a1850eb1a7b2fdb0ae873bd,Tất Sân Khách Arsenal 25/26 – Away Socks,1,350000,5790000,30000,Banking,delivered,Hà Nội,false,2026-01-04T00:00:00.000Z,2026-01-04T00:00:00.000Z
6a23bf11d8b02e5181455969,6a23bf0fd8b02e5181455350,Nguyễn Thị Anh,khachhang1780727567497@gmail.com,6a18590b2bc10bb7e5e86443,Arsenal adidas 26/27 Home Shirt,2,2720000,5790000,30000,Banking,delivered,Hà Nội,false,2026-01-04T00:00:00.000Z,2026-01-04T00:00:00.000Z
6a23bf11d8b02e518145596c,6a23bf0fd8b02e518145534d,Đặng Hải Tuấn,khachhang1780727567494@gmail.com,6a1850eb1a7b2fdb0ae873b4,Mũ Bóng Chày Arsenal FC 25/26 – Cap,1,600000,600000,0,Banking,delivered,Hồ Chí Minh,false,2026-01-04T00:00:00.000Z,2026-01-04T00:00:00.000Z
6a23bf11d8b02e518145596e,6a23bf0fd8b02e5181455356,Vũ Công Hùng,khachhang1780727567503@gmail.com,6a18590b2bc10bb7e5e8648c,Arsenal adidas 25/26 Away Shirt,1,2720000,4800000,0,Momo,cancelled,Hà Nội,false,2026-01-04T00:00:00.000Z,2026-01-04T00:00:00.000Z
6a23bf11d8b02e518145596e,6a23bf0fd8b02e5181455356,Vũ Công Hùng,khachhang1780727567503@gmail.com,6a1856198db103285a259cbb,Arsenal adidas Kids 26/27 Long Sleeved Home Goalkeeper Shirt,1,2080000,4800000,0,Momo,cancelled,Hà Nội,false,2026-01-04T00:00:00.000Z,2026-01-04T00:00:00.000Z
6a23bf11d8b02e5181455971,6a23bf0fd8b02e518145534f,Vũ Lan Linh,khachhang1780727567496@gmail.com,6a18590b2bc10bb7e5e86446,Arsenal adidas Womens 26/27 Home Shirt,1,2720000,2720000,30000,Momo,shipping,Hồ Chí Minh,false,2026-01-04T00:00:00.000Z,2026-01-04T00:00:00.000Z
6a23bf11d8b02e5181455973,6a23bf0fd8b02e5181455354,Dương Công Long,khachhang1780727567501@gmail.com,6a1856198db103285a259ce5,Arsenal adidas 26/27 Home Beanie,2,736000,1472000,30000,Momo,delivered,Hồ Chí Minh,false,2026-01-04T00:00:00.000Z,2026-01-04T00:00:00.000Z
6a23bf11d8b02e5181455975,6a23bf0fd8b02e5181455348,Võ Bích Hà,khachhang1780727567489@gmail.com,6a1850eb1a7b2fdb0ae873b7,Găng Tay Thủ Môn Arsenal Predator 25/26,2,1500000,5720000,30000,Momo,shipping,Đà Nẵng,false,2026-01-04T00:00:00.000Z,2026-01-04T00:00:00.000Z
6a23bf11d8b02e5181455975,6a23bf0fd8b02e5181455348,Võ Bích Hà,khachhang1780727567489@gmail.com,6a18590b2bc10bb7e5e86443,Arsenal adidas 26/27 Home Shirt,1,2720000,5720000,30000,Momo,shipping,Đà Nẵng,false,2026-01-04T00:00:00.000Z,2026-01-04T00:00:00.000Z
6a23bf11d8b02e5181455978,6a23bf0fd8b02e518145534c,Võ Đức Cường,khachhang1780727567493@gmail.com,6a18590b2bc10bb7e5e86496,Arsenal adidas Kids 25/26 Away Shorts,1,960000,960000,30000,COD,delivered,Đà Nẵng,false,2026-01-04T00:00:00.000Z,2026-01-04T00:00:00.000Z
6a23bf11d8b02e518145597a,6a23bf0fd8b02e5181455349,Võ Mỹ Trang,khachhang1780727567490@gmail.com,6a18590b2bc10bb7e5e864a0,Arsenal adidas 25/26 Third Shirt,1,2720000,3360000,30000,COD,shipping,Hồ Chí Minh,false,2026-01-05T00:00:00.000Z,2026-01-05T00:00:00.000Z
6a23bf11d8b02e518145597a,6a23bf0fd8b02e5181455349,Võ Mỹ Trang,khachhang1780727567490@gmail.com,6a18590b2bc10bb7e5e86483,Arsenal adidas 26/27 White Home Cap,1,640000,3360000,30000,COD,shipping,Hồ Chí Minh,false,2026-01-05T00:00:00.000Z,2026-01-05T00:00:00.000Z
6a23bf11d8b02e518145597d,6a23bf0fd8b02e5181455348,Võ Bích Hà,khachhang1780727567489@gmail.com,6a1856198db103285a259d12,Arsenal adidas 25/26 Third Authentic Alternate Shorts,2,1440000,5280000,30000,Banking,delivered,Đà Nẵng,false,2026-01-05T00:00:00.000Z,2026-01-05T00:00:00.000Z
6a23bf11d8b02e518145597d,6a23bf0fd8b02e5181455348,Võ Bích Hà,khachhang1780727567489@gmail.com,6a1850eb1a7b2fdb0ae873b1,Balo Arsenal FC 25/26 – Backpack,2,1200000,5280000,30000,Banking,delivered,Đà Nẵng,false,2026-01-05T00:00:00.000Z,2026-01-05T00:00:00.000Z
6a23bf11d8b02e5181455980,6a23bf0fd8b02e5181455359,Dương Hồng Hà,khachhang1780727567506@gmail.com,6a1856198db103285a259c91,Arsenal adidas 26/27 Home Mini Kit,1,1600000,1600000,30000,VNPay,delivered,Đà Nẵng,false,2026-01-05T00:00:00.000Z,2026-01-05T00:00:00.000Z
6a23bf11d8b02e5181455982,6a23bf0fd8b02e5181455353,Phan Công Phúc,khachhang1780727567500@gmail.com,6a1850eb1a7b2fdb0ae873b4,Mũ Bóng Chày Arsenal FC 25/26 – Cap,1,600000,600000,30000,COD,shipping,Hồ Chí Minh,false,2026-01-05T00:00:00.000Z,2026-01-05T00:00:00.000Z
6a23bf11d8b02e5181455984,6a23bf0fd8b02e5181455346,Võ Hải Đạt,khachhang1780727567487@gmail.com,6a1856198db103285a259cb5,Arsenal adidas Kids 26/27 Home Socks,2,512000,1024000,30000,VNPay,shipping,Hồ Chí Minh,false,2026-01-05T00:00:00.000Z,2026-01-05T00:00:00.000Z
6a23bf11d8b02e5181455986,6a23bf0fd8b02e5181455355,Ngô Thu Hà,khachhang1780727567502@gmail.com,6a1856198db103285a259ce5,Arsenal adidas 26/27 Home Beanie,2,736000,6912000,30000,COD,delivered,Đà Nẵng,false,2026-01-06T00:00:00.000Z,2026-01-06T00:00:00.000Z
6a23bf11d8b02e5181455986,6a23bf0fd8b02e5181455355,Ngô Thu Hà,khachhang1780727567502@gmail.com,6a18590b2bc10bb7e5e86446,Arsenal adidas Womens 26/27 Home Shirt,2,2720000,6912000,30000,COD,delivered,Đà Nẵng,false,2026-01-06T00:00:00.000Z,2026-01-06T00:00:00.000Z
6a23bf11d8b02e5181455989,6a23bf0fd8b02e5181455350,Nguyễn Thị Anh,khachhang1780727567497@gmail.com,6a1856198db103285a259d18,Arsenal adidas 25/26 Third Socks,1,640000,1600000,0,Banking,delivered,Hà Nội,false,2026-01-06T00:00:00.000Z,2026-01-06T00:00:00.000Z
6a23bf11d8b02e5181455989,6a23bf0fd8b02e5181455350,Nguyễn Thị Anh,khachhang1780727567497@gmail.com,6a18590b2bc10bb7e5e86496,Arsenal adidas Kids 25/26 Away Shorts,1,960000,1600000,0,Banking,delivered,Hà Nội,false,2026-01-06T00:00:00.000Z,2026-01-06T00:00:00.000Z
6a23bf11d8b02e518145598c,6a23bf0fd8b02e518145534a,Lý Thanh Linh,khachhang1780727567491@gmail.com,6a18590b2bc10bb7e5e86496,Arsenal adidas Kids 25/26 Away Shorts,1,960000,1600000,0,Banking,shipping,Hồ Chí Minh,false,2026-01-06T00:00:00.000Z,2026-01-06T00:00:00.000Z
6a23bf11d8b02e518145598c,6a23bf0fd8b02e518145534a,Lý Thanh Linh,khachhang1780727567491@gmail.com,6a18590b2bc10bb7e5e86483,Arsenal adidas 26/27 White Home Cap,1,640000,1600000,0,Banking,shipping,Hồ Chí Minh,false,2026-01-06T00:00:00.000Z,2026-01-06T00:00:00.000Z
6a23bf11d8b02e518145598f,6a23bf0fd8b02e518145534c,Võ Đức Cường,khachhang1780727567493@gmail.com,6a1850eb1a7b2fdb0ae873ae,Quần Tập Luyện Arsenal 25/26 – Training Pants,1,1600000,1600000,0,VNPay,pending,Đà Nẵng,false,2026-01-06T00:00:00.000Z,2026-01-06T00:00:00.000Z
6a23bf11d8b02e5181455991,6a23bf0fd8b02e5181455359,Dương Hồng Hà,khachhang1780727567506@gmail.com,6a1850ea1a7b2fdb0ae87393,Áo Đấu Sân Nhà Arsenal 25/26 – Authentic,1,3000000,6200000,30000,Momo,cancelled,Đà Nẵng,false,2026-01-07T00:00:00.000Z,2026-01-07T00:00:00.000Z
6a23bf11d8b02e5181455991,6a23bf0fd8b02e5181455359,Dương Hồng Hà,khachhang1780727567506@gmail.com,6a1850eb1a7b2fdb0ae873ae,Quần Tập Luyện Arsenal 25/26 – Training Pants,2,1600000,6200000,30000,Momo,cancelled,Đà Nẵng,false,2026-01-07T00:00:00.000Z,2026-01-07T00:00:00.000Z
6a23bf11d8b02e5181455994,6a23bf0fd8b02e5181455355,Ngô Thu Hà,khachhang1780727567502@gmail.com,6a1850eb1a7b2fdb0ae873ab,Áo Hoodie Arsenal Essentials 25/26,2,1900000,3800000,0,COD,delivered,Đà Nẵng,false,2026-01-08T00:00:00.000Z,2026-01-08T00:00:00.000Z
6a23bf11d8b02e5181455996,6a23bf0fd8b02e5181455356,Vũ Công Hùng,khachhang1780727567503@gmail.com,6a1856198db103285a259d0f,Arsenal adidas Kids 25/26 Third Shorts,2,960000,1920000,0,COD,pending,Hà Nội,false,2026-01-08T00:00:00.000Z,2026-01-08T00:00:00.000Z
6a23bf11d8b02e5181455998,6a23bf0fd8b02e518145534d,Đặng Hải Tuấn,khachhang1780727567494@gmail.com,6a1856198db103285a259ca9,Arsenal adidas Kids 26/27 Home Shorts,1,960000,960000,30000,Momo,shipping,Hồ Chí Minh,false,2026-01-08T00:00:00.000Z,2026-01-08T00:00:00.000Z
6a23bf11d8b02e518145599a,6a23bf0fd8b02e518145534a,Lý Thanh Linh,khachhang1780727567491@gmail.com,6a1856198db103285a259d12,Arsenal adidas 25/26 Third Authentic Alternate Shorts,1,1440000,4320000,30000,Banking,shipping,Hồ Chí Minh,false,2026-01-08T00:00:00.000Z,2026-01-08T00:00:00.000Z
6a23bf11d8b02e518145599a,6a23bf0fd8b02e518145534a,Lý Thanh Linh,khachhang1780727567491@gmail.com,6a1856198db103285a259caf,Arsenal adidas 26/27 Authentic Alternate Home Shorts,2,1440000,4320000,30000,Banking,shipping,Hồ Chí Minh,false,2026-01-08T00:00:00.000Z,2026-01-08T00:00:00.000Z
6a23bf11d8b02e518145599d,6a23bf0fd8b02e5181455348,Võ Bích Hà,khachhang1780727567489@gmail.com,6a1856198db103285a259d09,Arsenal adidas 25/26 Third Mini Kit,1,1600000,1600000,30000,Banking,delivered,Đà Nẵng,false,2026-01-09T00:00:00.000Z,2026-01-09T00:00:00.000Z
6a23bf11d8b02e518145599f,6a23bf0fd8b02e5181455359,Dương Hồng Hà,khachhang1780727567506@gmail.com,6a18590b2bc10bb7e5e864a0,Arsenal adidas 25/26 Third Shirt,1,2720000,3456000,0,Momo,cancelled,Đà Nẵng,false,2026-01-09T00:00:00.000Z,2026-01-09T00:00:00.000Z
6a23bf11d8b02e518145599f,6a23bf0fd8b02e5181455359,Dương Hồng Hà,khachhang1780727567506@gmail.com,6a1856198db103285a259ce5,Arsenal adidas 26/27 Home Beanie,1,736000,3456000,0,Momo,cancelled,Đà Nẵng,false,2026-01-09T00:00:00.000Z,2026-01-09T00:00:00.000Z
6a23bf11d8b02e51814559a2,6a23bf0fd8b02e518145534c,Võ Đức Cường,khachhang1780727567493@gmail.com,6a1856198db103285a259cc4,Arsenal adidas 26/27 Home Goalkeeper Socks,2,640000,5120000,0,COD,cancelled,Đà Nẵng,false,2026-01-09T00:00:00.000Z,2026-01-09T00:00:00.000Z
6a23bf11d8b02e51814559a2,6a23bf0fd8b02e518145534c,Võ Đức Cường,khachhang1780727567493@gmail.com,6a1856198db103285a259d03,Arsenal adidas Kids 25/26 Third Shirt,2,1920000,5120000,0,COD,cancelled,Đà Nẵng,false,2026-01-09T00:00:00.000Z,2026-01-09T00:00:00.000Z
6a23bf11d8b02e51814559a5,6a23bf0fd8b02e5181455347,Phạm Đức Thành,khachhang1780727567488@gmail.com,6a1856198db103285a259ccd,Arsenal adidas 26/27 Red Backpack,2,1280000,5560000,30000,Banking,pending,Hà Nội,false,2026-01-09T00:00:00.000Z,2026-01-09T00:00:00.000Z
6a23bf11d8b02e51814559a5,6a23bf0fd8b02e5181455347,Phạm Đức Thành,khachhang1780727567488@gmail.com,6a1850eb1a7b2fdb0ae8739c,Áo Đấu Sân Khách Arsenal 25/26 – Authentic,1,3000000,5560000,30000,Banking,pending,Hà Nội,false,2026-01-09T00:00:00.000Z,2026-01-09T00:00:00.000Z
6a23bf11d8b02e51814559a8,6a23bf0fd8b02e5181455357,Hồ Hải Đạt,khachhang1780727567504@gmail.com,69ec674e7fb179301d9a2db5,Quần short tập luyện,2,1100000,2200000,30000,COD,shipping,Hà Nội,false,2026-01-10T00:00:00.000Z,2026-01-10T00:00:00.000Z
6a23bf11d8b02e51814559aa,6a23bf0fd8b02e518145534e,Đỗ Hữu Khoa,khachhang1780727567495@gmail.com,6a1850eb1a7b2fdb0ae873a8,Áo Khoác Anthem Arsenal Z.N.E. 25/26,2,2300000,5880000,30000,Banking,cancelled,Hà Nội,false,2026-01-10T00:00:00.000Z,2026-01-10T00:00:00.000Z
6a23bf11d8b02e51814559aa,6a23bf0fd8b02e518145534e,Đỗ Hữu Khoa,khachhang1780727567495@gmail.com,6a18590b2bc10bb7e5e86483,Arsenal adidas 26/27 White Home Cap,2,640000,5880000,30000,Banking,cancelled,Hà Nội,false,2026-01-10T00:00:00.000Z,2026-01-10T00:00:00.000Z
6a23bf11d8b02e51814559ad,6a23bf0fd8b02e518145534e,Đỗ Hữu Khoa,khachhang1780727567495@gmail.com,6a1856198db103285a259c82,Arsenal adidas Womens 26/27 Authentic Home Shirt,2,3840000,7680000,0,Momo,shipping,Hà Nội,false,2026-01-11T00:00:00.000Z,2026-01-11T00:00:00.000Z
6a23bf11d8b02e51814559af,6a23bf0fd8b02e5181455353,Phan Công Phúc,khachhang1780727567500@gmail.com,6a1856198db103285a259ceb,Arsenal adidas 25/26 Away Mini Kit,2,1600000,3200000,30000,Momo,delivered,Hồ Chí Minh,false,2026-01-11T00:00:00.000Z,2026-01-11T00:00:00.000Z
6a23bf11d8b02e51814559b1,6a23bf0fd8b02e5181455356,Vũ Công Hùng,khachhang1780727567503@gmail.com,6a1856198db103285a259d03,Arsenal adidas Kids 25/26 Third Shirt,1,1920000,1920000,0,COD,delivered,Hà Nội,false,2026-01-11T00:00:00.000Z,2026-01-11T00:00:00.000Z
6a23bf11d8b02e51814559b3,6a23bf0fd8b02e5181455354,Dương Công Long,khachhang1780727567501@gmail.com,6a1850eb1a7b2fdb0ae873ab,Áo Hoodie Arsenal Essentials 25/26,2,1900000,3800000,0,VNPay,delivered,Hồ Chí Minh,false,2026-01-12T00:00:00.000Z,2026-01-12T00:00:00.000Z
6a23bf11d8b02e51814559b5,6a23bf0fd8b02e5181455357,Hồ Hải Đạt,khachhang1780727567504@gmail.com,6a1856198db103285a259c97,Arsenal adidas 26/27 Authentic Home Long Sleeved Shirt,2,4160000,8320000,30000,Banking,delivered,Hà Nội,false,2026-01-12T00:00:00.000Z,2026-01-12T00:00:00.000Z
6a23bf11d8b02e51814559b7,6a23bf0fd8b02e5181455346,Võ Hải Đạt,khachhang1780727567487@gmail.com,6a1850eb1a7b2fdb0ae873ab,Áo Hoodie Arsenal Essentials 25/26,1,1900000,5740000,0,VNPay,shipping,Hồ Chí Minh,false,2026-01-13T00:00:00.000Z,2026-01-13T00:00:00.000Z
6a23bf11d8b02e51814559b7,6a23bf0fd8b02e5181455346,Võ Hải Đạt,khachhang1780727567487@gmail.com,6a1856198db103285a259d03,Arsenal adidas Kids 25/26 Third Shirt,2,1920000,5740000,0,VNPay,shipping,Hồ Chí Minh,false,2026-01-13T00:00:00.000Z,2026-01-13T00:00:00.000Z
6a23bf11d8b02e51814559ba,6a23bf0fd8b02e5181455348,Võ Bích Hà,khachhang1780727567489@gmail.com,69ec674e7fb179301d9a2db6,Tất sân nhà Arsenal 2025-2026,2,750000,1500000,0,Banking,shipping,Đà Nẵng,false,2026-01-14T00:00:00.000Z,2026-01-14T00:00:00.000Z
6a23bf11d8b02e51814559bc,6a23bf0fd8b02e518145534b,Đặng Ngọc Bảo,khachhang1780727567492@gmail.com,6a1850eb1a7b2fdb0ae87399,Áo Đấu Sân Khách Arsenal 25/26 – Fan Version,1,2200000,2200000,30000,VNPay,shipping,Đà Nẵng,false,2026-01-14T00:00:00.000Z,2026-01-14T00:00:00.000Z
6a23bf11d8b02e51814559be,6a23bf0fd8b02e5181455346,Võ Hải Đạt,khachhang1780727567487@gmail.com,6a1850eb1a7b2fdb0ae87399,Áo Đấu Sân Khách Arsenal 25/26 – Fan Version,2,2200000,7120000,30000,VNPay,pending,Hồ Chí Minh,false,2026-01-15T00:00:00.000Z,2026-01-15T00:00:00.000Z
6a23bf11d8b02e51814559be,6a23bf0fd8b02e5181455346,Võ Hải Đạt,khachhang1780727567487@gmail.com,6a18590b2bc10bb7e5e86446,Arsenal adidas Womens 26/27 Home Shirt,1,2720000,7120000,30000,VNPay,pending,Hồ Chí Minh,false,2026-01-15T00:00:00.000Z,2026-01-15T00:00:00.000Z
6a23bf11d8b02e51814559c1,6a23bf0fd8b02e5181455350,Nguyễn Thị Anh,khachhang1780727567497@gmail.com,6a1856198db103285a259ce5,Arsenal adidas 26/27 Home Beanie,2,736000,1472000,30000,Banking,cancelled,Hà Nội,false,2026-01-15T00:00:00.000Z,2026-01-15T00:00:00.000Z
6a23bf11d8b02e51814559c3,6a23bf0fd8b02e5181455349,Võ Mỹ Trang,khachhang1780727567490@gmail.com,6a1856198db103285a259cd3,Arsenal adidas 26/27 Mini Home Football Size 1,2,480000,960000,30000,COD,delivered,Hồ Chí Minh,false,2026-01-16T00:00:00.000Z,2026-01-16T00:00:00.000Z
6a23bf11d8b02e51814559c5,6a23bf0fd8b02e518145534e,Đỗ Hữu Khoa,khachhang1780727567495@gmail.com,6a1856198db103285a259c85,Arsenal adidas Kids 26/27 Authentic Home Shirt,1,2560000,3776000,30000,Momo,shipping,Hà Nội,false,2026-01-17T00:00:00.000Z,2026-01-17T00:00:00.000Z
6a23bf11d8b02e51814559c5,6a23bf0fd8b02e518145534e,Đỗ Hữu Khoa,khachhang1780727567495@gmail.com,6a1856198db103285a259d06,Arsenal adidas 25/26 Third Shorts,1,1216000,3776000,30000,Momo,shipping,Hà Nội,false,2026-01-17T00:00:00.000Z,2026-01-17T00:00:00.000Z
6a23bf11d8b02e51814559c8,6a23bf0fd8b02e5181455359,Dương Hồng Hà,khachhang1780727567506@gmail.com,6a1856198db103285a259ca3,Arsenal adidas 26/27 Home Baby Kit,2,1280000,2560000,30000,Momo,shipping,Đà Nẵng,false,2026-01-17T00:00:00.000Z,2026-01-17T00:00:00.000Z
6a23bf11d8b02e51814559ca,6a23bf0fd8b02e5181455350,Nguyễn Thị Anh,khachhang1780727567497@gmail.com,6a1856198db103285a259d18,Arsenal adidas 25/26 Third Socks,2,640000,1280000,30000,Banking,delivered,Hà Nội,false,2026-01-17T00:00:00.000Z,2026-01-17T00:00:00.000Z
6a23bf11d8b02e51814559cc,6a23bf0fd8b02e5181455356,Vũ Công Hùng,khachhang1780727567503@gmail.com,6a1856198db103285a259c94,Arsenal adidas Womens 26/27 Crop Home Shirt,1,2400000,2400000,0,COD,shipping,Hà Nội,false,2026-01-17T00:00:00.000Z,2026-01-17T00:00:00.000Z
6a23bf11d8b02e51814559ce,6a23bf0fd8b02e5181455354,Dương Công Long,khachhang1780727567501@gmail.com,6a18590b2bc10bb7e5e86499,Arsenal adidas Kids 25/26 Away Socks,2,512000,3224000,30000,VNPay,pending,Hồ Chí Minh,false,2026-01-17T00:00:00.000Z,2026-01-17T00:00:00.000Z
6a23bf11d8b02e51814559ce,6a23bf0fd8b02e5181455354,Dương Công Long,khachhang1780727567501@gmail.com,6a1850eb1a7b2fdb0ae8739f,Áo Đấu Thứ Ba Arsenal 25/26 – Fan Version,1,2200000,3224000,30000,VNPay,pending,Hồ Chí Minh,false,2026-01-17T00:00:00.000Z,2026-01-17T00:00:00.000Z
6a23bf11d8b02e51814559d1,6a23bf0fd8b02e518145534e,Đỗ Hữu Khoa,khachhang1780727567495@gmail.com,6a1856198db103285a259c94,Arsenal adidas Womens 26/27 Crop Home Shirt,2,2400000,4800000,30000,VNPay,cancelled,Hà Nội,false,2026-01-18T00:00:00.000Z,2026-01-18T00:00:00.000Z
6a23bf11d8b02e51814559d3,6a23bf0fd8b02e5181455347,Phạm Đức Thành,khachhang1780727567488@gmail.com,6a18590b2bc10bb7e5e86443,Arsenal adidas 26/27 Home Shirt,2,2720000,5440000,30000,COD,delivered,Hà Nội,false,2026-01-18T00:00:00.000Z,2026-01-18T00:00:00.000Z
6a23bf11d8b02e51814559d5,6a23bf0fd8b02e518145534c,Võ Đức Cường,khachhang1780727567493@gmail.com,6a18590b2bc10bb7e5e86499,Arsenal adidas Kids 25/26 Away Socks,1,512000,512000,30000,COD,shipping,Đà Nẵng,false,2026-01-18T00:00:00.000Z,2026-01-18T00:00:00.000Z
6a23bf11d8b02e51814559d7,6a23bf0fd8b02e5181455348,Võ Bích Hà,khachhang1780727567489@gmail.com,6a1856198db103285a259cc7,Arsenal adidas Kids 26/27 Home Goalkeeper Socks,1,512000,4352000,30000,VNPay,delivered,Đà Nẵng,false,2026-01-19T00:00:00.000Z,2026-01-19T00:00:00.000Z
6a23bf11d8b02e51814559d7,6a23bf0fd8b02e5181455348,Võ Bích Hà,khachhang1780727567489@gmail.com,6a18590b2bc10bb7e5e8643c,Arsenal adidas 26/27 Authentic Home Shirt,1,3840000,4352000,30000,VNPay,delivered,Đà Nẵng,false,2026-01-19T00:00:00.000Z,2026-01-19T00:00:00.000Z
6a23bf11d8b02e51814559da,6a23bf0fd8b02e518145534a,Lý Thanh Linh,khachhang1780727567491@gmail.com,6a1856198db103285a259c97,Arsenal adidas 26/27 Authentic Home Long Sleeved Shirt,2,4160000,8320000,30000,VNPay,delivered,Hồ Chí Minh,false,2026-01-19T00:00:00.000Z,2026-01-19T00:00:00.000Z
6a23bf11d8b02e51814559dc,6a23bf0fd8b02e518145534f,Vũ Lan Linh,khachhang1780727567496@gmail.com,6a18590b2bc10bb7e5e86474,Arsenal adidas 26/27 Home Black Backpack,1,1280000,1280000,0,COD,delivered,Hồ Chí Minh,false,2026-01-20T00:00:00.000Z,2026-01-20T00:00:00.000Z
6a23bf11d8b02e51814559de,6a23bf0fd8b02e518145534f,Vũ Lan Linh,khachhang1780727567496@gmail.com,6a1856198db103285a259ce5,Arsenal adidas 26/27 Home Beanie,1,736000,736000,0,Momo,shipping,Hồ Chí Minh,false,2026-01-20T00:00:00.000Z,2026-01-20T00:00:00.000Z
6a23bf11d8b02e51814559e0,6a23bf0fd8b02e518145534b,Đặng Ngọc Bảo,khachhang1780727567492@gmail.com,6a18590b2bc10bb7e5e86499,Arsenal adidas Kids 25/26 Away Socks,2,512000,3744000,30000,Momo,shipping,Đà Nẵng,false,2026-01-20T00:00:00.000Z,2026-01-20T00:00:00.000Z
6a23bf11d8b02e51814559e0,6a23bf0fd8b02e518145534b,Đặng Ngọc Bảo,khachhang1780727567492@gmail.com,6a18590b2bc10bb7e5e8648c,Arsenal adidas 25/26 Away Shirt,1,2720000,3744000,30000,Momo,shipping,Đà Nẵng,false,2026-01-20T00:00:00.000Z,2026-01-20T00:00:00.000Z
6a23bf11d8b02e51814559e3,6a23bf0fd8b02e518145534b,Đặng Ngọc Bảo,khachhang1780727567492@gmail.com,6a1856198db103285a259d0f,Arsenal adidas Kids 25/26 Third Shorts,2,960000,3136000,30000,VNPay,delivered,Đà Nẵng,false,2026-01-20T00:00:00.000Z,2026-01-20T00:00:00.000Z
6a23bf11d8b02e51814559e3,6a23bf0fd8b02e518145534b,Đặng Ngọc Bảo,khachhang1780727567492@gmail.com,6a1856198db103285a259cfa,Arsenal adidas 25/26 Away Shorts,1,1216000,3136000,30000,VNPay,delivered,Đà Nẵng,false,2026-01-20T00:00:00.000Z,2026-01-20T00:00:00.000Z
6a23bf11d8b02e51814559e6,6a23bf0fd8b02e5181455354,Dương Công Long,khachhang1780727567501@gmail.com,6a1850eb1a7b2fdb0ae873ab,Áo Hoodie Arsenal Essentials 25/26,2,1900000,5720000,30000,VNPay,shipping,Hồ Chí Minh,false,2026-01-20T00:00:00.000Z,2026-01-20T00:00:00.000Z
6a23bf11d8b02e51814559e6,6a23bf0fd8b02e5181455354,Dương Công Long,khachhang1780727567501@gmail.com,6a18590b2bc10bb7e5e86496,Arsenal adidas Kids 25/26 Away Shorts,2,960000,5720000,30000,VNPay,shipping,Hồ Chí Minh,false,2026-01-20T00:00:00.000Z,2026-01-20T00:00:00.000Z
6a23bf11d8b02e51814559e9,6a23bf0fd8b02e5181455347,Phạm Đức Thành,khachhang1780727567488@gmail.com,6a1850eb1a7b2fdb0ae8739f,Áo Đấu Thứ Ba Arsenal 25/26 – Fan Version,1,2200000,2200000,30000,COD,cancelled,Hà Nội,false,2026-01-20T00:00:00.000Z,2026-01-20T00:00:00.000Z
6a23bf11d8b02e51814559eb,6a23bf0fd8b02e518145534a,Lý Thanh Linh,khachhang1780727567491@gmail.com,6a1856198db103285a259cd3,Arsenal adidas 26/27 Mini Home Football Size 1,1,480000,5920000,0,VNPay,pending,Hồ Chí Minh,false,2026-01-20T00:00:00.000Z,2026-01-20T00:00:00.000Z
6a23bf11d8b02e51814559eb,6a23bf0fd8b02e518145534a,Lý Thanh Linh,khachhang1780727567491@gmail.com,6a1856198db103285a259cb8,Arsenal adidas 26/27 Home Goalkeeper Shirt,2,2720000,5920000,0,VNPay,pending,Hồ Chí Minh,false,2026-01-20T00:00:00.000Z,2026-01-20T00:00:00.000Z
6a23bf11d8b02e51814559ee,6a23bf0fd8b02e5181455358,Lý Thúy Yến,khachhang1780727567505@gmail.com,6a1856198db103285a259d03,Arsenal adidas Kids 25/26 Third Shirt,1,1920000,1920000,0,VNPay,delivered,Hồ Chí Minh,false,2026-01-20T00:00:00.000Z,2026-01-20T00:00:00.000Z
6a23bf11d8b02e51814559f0,6a23bf0fd8b02e5181455352,Phạm Đình Thành,khachhang1780727567499@gmail.com,6a1856198db103285a259cfa,Arsenal adidas 25/26 Away Shorts,1,1216000,1216000,30000,Banking,shipping,Hà Nội,false,2026-01-20T00:00:00.000Z,2026-01-20T00:00:00.000Z
6a23bf11d8b02e51814559f2,6a23bf0fd8b02e5181455355,Ngô Thu Hà,khachhang1780727567502@gmail.com,6a1856198db103285a259d18,Arsenal adidas 25/26 Third Socks,1,640000,640000,30000,Momo,shipping,Đà Nẵng,false,2026-01-21T00:00:00.000Z,2026-01-21T00:00:00.000Z
6a23bf11d8b02e51814559f4,6a23bf0fd8b02e5181455350,Nguyễn Thị Anh,khachhang1780727567497@gmail.com,69ec674e7fb179301d9a2db6,Tất sân nhà Arsenal 2025-2026,1,750000,750000,30000,VNPay,delivered,Hà Nội,false,2026-01-21T00:00:00.000Z,2026-01-21T00:00:00.000Z
6a23bf11d8b02e51814559f6,6a23bf0fd8b02e5181455353,Phan Công Phúc,khachhang1780727567500@gmail.com,6a1856198db103285a259d0c,Arsenal 25/26 Third Goalkeeper Shirt,1,1632000,4832000,30000,Banking,delivered,Hồ Chí Minh,false,2026-01-21T00:00:00.000Z,2026-01-21T00:00:00.000Z
6a23bf11d8b02e51814559f6,6a23bf0fd8b02e5181455353,Phan Công Phúc,khachhang1780727567500@gmail.com,6a1856198db103285a259d09,Arsenal adidas 25/26 Third Mini Kit,2,1600000,4832000,30000,Banking,delivered,Hồ Chí Minh,false,2026-01-21T00:00:00.000Z,2026-01-21T00:00:00.000Z
6a23bf11d8b02e51814559f9,6a23bf0fd8b02e518145534e,Đỗ Hữu Khoa,khachhang1780727567495@gmail.com,69ec674e7fb179301d9a2db9,Mũ Lưỡi Trai Arsenal,1,450000,450000,30000,COD,delivered,Hà Nội,false,2026-01-21T00:00:00.000Z,2026-01-21T00:00:00.000Z
6a23bf11d8b02e51814559fb,6a23bf0fd8b02e5181455359,Dương Hồng Hà,khachhang1780727567506@gmail.com,6a1856198db103285a259ca3,Arsenal adidas 26/27 Home Baby Kit,2,1280000,3200000,30000,Momo,delivered,Đà Nẵng,false,2026-01-21T00:00:00.000Z,2026-01-21T00:00:00.000Z
6a23bf11d8b02e51814559fb,6a23bf0fd8b02e5181455359,Dương Hồng Hà,khachhang1780727567506@gmail.com,6a1856198db103285a259d18,Arsenal adidas 25/26 Third Socks,1,640000,3200000,30000,Momo,delivered,Đà Nẵng,false,2026-01-21T00:00:00.000Z,2026-01-21T00:00:00.000Z
6a23bf11d8b02e51814559fe,6a23bf0fd8b02e5181455359,Dương Hồng Hà,khachhang1780727567506@gmail.com,6a1850eb1a7b2fdb0ae873b4,Mũ Bóng Chày Arsenal FC 25/26 – Cap,2,600000,5600000,0,VNPay,shipping,Đà Nẵng,false,2026-01-21T00:00:00.000Z,2026-01-21T00:00:00.000Z
6a23bf11d8b02e51814559fe,6a23bf0fd8b02e5181455359,Dương Hồng Hà,khachhang1780727567506@gmail.com,6a1850ea1a7b2fdb0ae87396,Áo Đấu Sân Nhà Arsenal 25/26 – Fan Version,2,2200000,5600000,0,VNPay,shipping,Đà Nẵng,false,2026-01-21T00:00:00.000Z,2026-01-21T00:00:00.000Z
6a23bf11d8b02e5181455a01,6a23bf0fd8b02e5181455354,Dương Công Long,khachhang1780727567501@gmail.com,6a18590b2bc10bb7e5e8645a,Arsenal adidas 26/27 Home Shorts,2,1216000,5632000,0,Momo,pending,Hồ Chí Minh,false,2026-01-21T00:00:00.000Z,2026-01-21T00:00:00.000Z
6a23bf11d8b02e5181455a01,6a23bf0fd8b02e5181455354,Dương Công Long,khachhang1780727567501@gmail.com,6a1856198db103285a259d09,Arsenal adidas 25/26 Third Mini Kit,2,1600000,5632000,0,Momo,pending,Hồ Chí Minh,false,2026-01-21T00:00:00.000Z,2026-01-21T00:00:00.000Z
6a23bf11d8b02e5181455a04,6a23bf0fd8b02e5181455355,Ngô Thu Hà,khachhang1780727567502@gmail.com,6a18590b2bc10bb7e5e86463,Arsenal adidas 26/27 Home Socks,2,640000,1280000,0,VNPay,delivered,Đà Nẵng,false,2026-01-22T00:00:00.000Z,2026-01-22T00:00:00.000Z
6a23bf11d8b02e5181455a06,6a23bf0fd8b02e5181455348,Võ Bích Hà,khachhang1780727567489@gmail.com,69ec674e7fb179301d9a2db6,Tất sân nhà Arsenal 2025-2026,1,750000,750000,30000,VNPay,shipping,Đà Nẵng,false,2026-01-22T00:00:00.000Z,2026-01-22T00:00:00.000Z
6a23bf11d8b02e5181455a08,6a23bf0fd8b02e5181455351,Lý Thúy Trang,khachhang1780727567498@gmail.com,6a18590b2bc10bb7e5e86446,Arsenal adidas Womens 26/27 Home Shirt,1,2720000,5440000,30000,VNPay,delivered,Đà Nẵng,false,2026-01-22T00:00:00.000Z,2026-01-22T00:00:00.000Z
6a23bf11d8b02e5181455a08,6a23bf0fd8b02e5181455351,Lý Thúy Trang,khachhang1780727567498@gmail.com,6a1856198db103285a259cb8,Arsenal adidas 26/27 Home Goalkeeper Shirt,1,2720000,5440000,30000,VNPay,delivered,Đà Nẵng,false,2026-01-22T00:00:00.000Z,2026-01-22T00:00:00.000Z
6a23bf11d8b02e5181455a0b,6a23bf0fd8b02e5181455346,Võ Hải Đạt,khachhang1780727567487@gmail.com,6a18590b2bc10bb7e5e86474,Arsenal adidas 26/27 Home Black Backpack,1,1280000,1280000,0,COD,delivered,Hồ Chí Minh,false,2026-01-22T00:00:00.000Z,2026-01-22T00:00:00.000Z
6a23bf11d8b02e5181455a0d,6a23bf0fd8b02e518145534d,Đặng Hải Tuấn,khachhang1780727567494@gmail.com,69ec674e7fb179301d9a2db5,Quần short tập luyện,1,1100000,5260000,30000,VNPay,delivered,Hồ Chí Minh,false,2026-01-22T00:00:00.000Z,2026-01-22T00:00:00.000Z
6a23bf11d8b02e5181455a0d,6a23bf0fd8b02e518145534d,Đặng Hải Tuấn,khachhang1780727567494@gmail.com,6a1856198db103285a259cbb,Arsenal adidas Kids 26/27 Long Sleeved Home Goalkeeper Shirt,2,2080000,5260000,30000,VNPay,delivered,Hồ Chí Minh,false,2026-01-22T00:00:00.000Z,2026-01-22T00:00:00.000Z
6a23bf11d8b02e5181455a10,6a23bf0fd8b02e5181455356,Vũ Công Hùng,khachhang1780727567503@gmail.com,6a1850eb1a7b2fdb0ae873b4,Mũ Bóng Chày Arsenal FC 25/26 – Cap,1,600000,600000,0,Banking,delivered,Hà Nội,false,2026-01-22T00:00:00.000Z,2026-01-22T00:00:00.000Z
6a23bf11d8b02e5181455a12,6a23bf0fd8b02e5181455349,Võ Mỹ Trang,khachhang1780727567490@gmail.com,6a1856198db103285a259ce5,Arsenal adidas 26/27 Home Beanie,1,736000,6176000,30000,VNPay,delivered,Hồ Chí Minh,false,2026-01-23T00:00:00.000Z,2026-01-23T00:00:00.000Z
6a23bf11d8b02e5181455a12,6a23bf0fd8b02e5181455349,Võ Mỹ Trang,khachhang1780727567490@gmail.com,6a18590b2bc10bb7e5e864a0,Arsenal adidas 25/26 Third Shirt,2,2720000,6176000,30000,VNPay,delivered,Hồ Chí Minh,false,2026-01-23T00:00:00.000Z,2026-01-23T00:00:00.000Z
6a23bf11d8b02e5181455a15,6a23bf0fd8b02e5181455346,Võ Hải Đạt,khachhang1780727567487@gmail.com,6a1856198db103285a259ceb,Arsenal adidas 25/26 Away Mini Kit,2,1600000,3200000,30000,COD,delivered,Hồ Chí Minh,false,2026-01-23T00:00:00.000Z,2026-01-23T00:00:00.000Z
6a23bf11d8b02e5181455a17,6a23bf0fd8b02e5181455356,Vũ Công Hùng,khachhang1780727567503@gmail.com,6a1856198db103285a259cd3,Arsenal adidas 26/27 Mini Home Football Size 1,1,480000,480000,0,Momo,delivered,Hà Nội,false,2026-01-23T00:00:00.000Z,2026-01-23T00:00:00.000Z
6a23bf11d8b02e5181455a19,6a23bf0fd8b02e5181455347,Phạm Đức Thành,khachhang1780727567488@gmail.com,6a1856198db103285a259ce2,Arsenal adidas 26/27 Home Knitted Gloves,2,736000,1472000,0,Banking,delivered,Hà Nội,false,2026-01-23T00:00:00.000Z,2026-01-23T00:00:00.000Z
6a23bf11d8b02e5181455a1b,6a23bf0fd8b02e5181455357,Hồ Hải Đạt,khachhang1780727567504@gmail.com,6a1850eb1a7b2fdb0ae873ba,Bóng Đá Arsenal FC adidas 25/26,2,800000,1600000,30000,VNPay,shipping,Hà Nội,false,2026-01-23T00:00:00.000Z,2026-01-23T00:00:00.000Z
6a23bf11d8b02e5181455a1d,6a23bf0fd8b02e518145534c,Võ Đức Cường,khachhang1780727567493@gmail.com,6a1856198db103285a259d0c,Arsenal 25/26 Third Goalkeeper Shirt,1,1632000,3264000,30000,COD,pending,Đà Nẵng,false,2026-01-24T00:00:00.000Z,2026-01-24T00:00:00.000Z
6a23bf11d8b02e5181455a1d,6a23bf0fd8b02e518145534c,Võ Đức Cường,khachhang1780727567493@gmail.com,6a1856198db103285a259d0c,Arsenal 25/26 Third Goalkeeper Shirt,1,1632000,3264000,30000,COD,pending,Đà Nẵng,false,2026-01-24T00:00:00.000Z,2026-01-24T00:00:00.000Z
6a23bf11d8b02e5181455a20,6a23bf0fd8b02e518145534e,Đỗ Hữu Khoa,khachhang1780727567495@gmail.com,6a1850eb1a7b2fdb0ae873a5,Áo Tập Arsenal 25/26 – Training Jersey,1,1800000,1800000,30000,COD,delivered,Hà Nội,false,2026-01-24T00:00:00.000Z,2026-01-24T00:00:00.000Z
6a23bf11d8b02e5181455a22,6a23bf0fd8b02e518145534c,Võ Đức Cường,khachhang1780727567493@gmail.com,6a18590b2bc10bb7e5e864a0,Arsenal adidas 25/26 Third Shirt,1,2720000,3360000,30000,COD,shipping,Đà Nẵng,false,2026-01-25T00:00:00.000Z,2026-01-25T00:00:00.000Z
6a23bf11d8b02e5181455a22,6a23bf0fd8b02e518145534c,Võ Đức Cường,khachhang1780727567493@gmail.com,6a18590b2bc10bb7e5e86463,Arsenal adidas 26/27 Home Socks,1,640000,3360000,30000,COD,shipping,Đà Nẵng,false,2026-01-25T00:00:00.000Z,2026-01-25T00:00:00.000Z
6a23bf11d8b02e5181455a25,6a23bf0fd8b02e5181455352,Phạm Đình Thành,khachhang1780727567499@gmail.com,6a1850eb1a7b2fdb0ae87399,Áo Đấu Sân Khách Arsenal 25/26 – Fan Version,1,2200000,3700000,30000,COD,delivered,Hà Nội,false,2026-01-25T00:00:00.000Z,2026-01-25T00:00:00.000Z
6a23bf11d8b02e5181455a25,6a23bf0fd8b02e5181455352,Phạm Đình Thành,khachhang1780727567499@gmail.com,69ec674e7fb179301d9a2db6,Tất sân nhà Arsenal 2025-2026,2,750000,3700000,30000,COD,delivered,Hà Nội,false,2026-01-25T00:00:00.000Z,2026-01-25T00:00:00.000Z
6a23bf11d8b02e5181455a28,6a23bf0fd8b02e518145534c,Võ Đức Cường,khachhang1780727567493@gmail.com,6a1856198db103285a259cd6,Arsenal adidas 26/27 Home Scarf,1,736000,736000,30000,Banking,cancelled,Đà Nẵng,false,2026-01-26T00:00:00.000Z,2026-01-26T00:00:00.000Z
6a23bf11d8b02e5181455a2a,6a23bf0fd8b02e518145534b,Đặng Ngọc Bảo,khachhang1780727567492@gmail.com,6a1856198db103285a259c82,Arsenal adidas Womens 26/27 Authentic Home Shirt,1,3840000,11520000,30000,Banking,delivered,Đà Nẵng,false,2026-01-26T00:00:00.000Z,2026-01-26T00:00:00.000Z
6a23bf11d8b02e5181455a2a,6a23bf0fd8b02e518145534b,Đặng Ngọc Bảo,khachhang1780727567492@gmail.com,6a18590b2bc10bb7e5e8643c,Arsenal adidas 26/27 Authentic Home Shirt,2,3840000,11520000,30000,Banking,delivered,Đà Nẵng,false,2026-01-26T00:00:00.000Z,2026-01-26T00:00:00.000Z
6a23bf11d8b02e5181455a2d,6a23bf0fd8b02e5181455357,Hồ Hải Đạt,khachhang1780727567504@gmail.com,6a18590b2bc10bb7e5e864a0,Arsenal adidas 25/26 Third Shirt,2,2720000,8704000,30000,COD,delivered,Hà Nội,false,2026-01-26T00:00:00.000Z,2026-01-26T00:00:00.000Z
6a23bf11d8b02e5181455a2d,6a23bf0fd8b02e5181455357,Hồ Hải Đạt,khachhang1780727567504@gmail.com,6a1856198db103285a259d0c,Arsenal 25/26 Third Goalkeeper Shirt,2,1632000,8704000,30000,COD,delivered,Hà Nội,false,2026-01-26T00:00:00.000Z,2026-01-26T00:00:00.000Z
6a23bf11d8b02e5181455a30,6a23bf0fd8b02e5181455349,Võ Mỹ Trang,khachhang1780727567490@gmail.com,6a1856198db103285a259cf1,Arsenal adidas Kids 25/26 Away Shirt,1,1920000,5760000,30000,COD,delivered,Hồ Chí Minh,false,2026-01-27T00:00:00.000Z,2026-01-27T00:00:00.000Z
6a23bf11d8b02e5181455a30,6a23bf0fd8b02e5181455349,Võ Mỹ Trang,khachhang1780727567490@gmail.com,6a18590b2bc10bb7e5e86491,Arsenal adidas 25/26 Authentic Away Shirt,1,3840000,5760000,30000,COD,delivered,Hồ Chí Minh,false,2026-01-27T00:00:00.000Z,2026-01-27T00:00:00.000Z
6a23bf11d8b02e5181455a33,6a23bf0fd8b02e5181455352,Phạm Đình Thành,khachhang1780727567499@gmail.com,6a1856198db103285a259cac,Arsenal adidas 26/27 Authentic Home Shorts,1,1440000,4000000,30000,Banking,delivered,Hà Nội,false,2026-01-27T00:00:00.000Z,2026-01-27T00:00:00.000Z
6a23bf11d8b02e5181455a33,6a23bf0fd8b02e5181455352,Phạm Đình Thành,khachhang1780727567499@gmail.com,6a1856198db103285a259ca3,Arsenal adidas 26/27 Home Baby Kit,2,1280000,4000000,30000,Banking,delivered,Hà Nội,false,2026-01-27T00:00:00.000Z,2026-01-27T00:00:00.000Z
6a23bf11d8b02e5181455a36,6a23bf0fd8b02e518145534c,Võ Đức Cường,khachhang1780727567493@gmail.com,6a1850eb1a7b2fdb0ae873ae,Quần Tập Luyện Arsenal 25/26 – Training Pants,2,1600000,6200000,30000,Banking,delivered,Đà Nẵng,false,2026-01-28T00:00:00.000Z,2026-01-28T00:00:00.000Z
6a23bf11d8b02e5181455a36,6a23bf0fd8b02e518145534c,Võ Đức Cường,khachhang1780727567493@gmail.com,6a1850eb1a7b2fdb0ae8739c,Áo Đấu Sân Khách Arsenal 25/26 – Authentic,1,3000000,6200000,30000,Banking,delivered,Đà Nẵng,false,2026-01-28T00:00:00.000Z,2026-01-28T00:00:00.000Z
6a23bf11d8b02e5181455a39,6a23bf0fd8b02e5181455354,Dương Công Long,khachhang1780727567501@gmail.com,6a1856198db103285a259c82,Arsenal adidas Womens 26/27 Authentic Home Shirt,2,3840000,8320000,30000,COD,delivered,Hồ Chí Minh,false,2026-01-28T00:00:00.000Z,2026-01-28T00:00:00.000Z
6a23bf11d8b02e5181455a39,6a23bf0fd8b02e5181455354,Dương Công Long,khachhang1780727567501@gmail.com,6a18590b2bc10bb7e5e86463,Arsenal adidas 26/27 Home Socks,1,640000,8320000,30000,COD,delivered,Hồ Chí Minh,false,2026-01-28T00:00:00.000Z,2026-01-28T00:00:00.000Z
6a23bf11d8b02e5181455a3c,6a23bf0fd8b02e5181455356,Vũ Công Hùng,khachhang1780727567503@gmail.com,6a1850eb1a7b2fdb0ae873bd,Tất Sân Khách Arsenal 25/26 – Away Socks,2,350000,700000,30000,Momo,delivered,Hà Nội,false,2026-01-28T00:00:00.000Z,2026-01-28T00:00:00.000Z
6a23bf11d8b02e5181455a3e,6a23bf0fd8b02e5181455352,Phạm Đình Thành,khachhang1780727567499@gmail.com,6a18590b2bc10bb7e5e86474,Arsenal adidas 26/27 Home Black Backpack,2,1280000,2560000,30000,Momo,delivered,Hà Nội,false,2026-01-28T00:00:00.000Z,2026-01-28T00:00:00.000Z
6a23bf11d8b02e5181455a40,6a23bf0fd8b02e5181455353,Phan Công Phúc,khachhang1780727567500@gmail.com,6a1850eb1a7b2fdb0ae873ae,Quần Tập Luyện Arsenal 25/26 – Training Pants,2,1600000,3550000,30000,COD,delivered,Hồ Chí Minh,false,2026-01-28T00:00:00.000Z,2026-01-28T00:00:00.000Z
6a23bf11d8b02e5181455a40,6a23bf0fd8b02e5181455353,Phan Công Phúc,khachhang1780727567500@gmail.com,6a1850eb1a7b2fdb0ae873bd,Tất Sân Khách Arsenal 25/26 – Away Socks,1,350000,3550000,30000,COD,delivered,Hồ Chí Minh,false,2026-01-28T00:00:00.000Z,2026-01-28T00:00:00.000Z
6a23bf11d8b02e5181455a43,6a23bf0fd8b02e5181455348,Võ Bích Hà,khachhang1780727567489@gmail.com,6a1856198db103285a259d15,Arsenal adidas Kids 25/26 Third Goalkeeper Shirt,1,1920000,7920000,30000,Momo,shipping,Đà Nẵng,false,2026-01-28T00:00:00.000Z,2026-01-28T00:00:00.000Z
6a23bf11d8b02e5181455a43,6a23bf0fd8b02e5181455348,Võ Bích Hà,khachhang1780727567489@gmail.com,6a1850ea1a7b2fdb0ae87393,Áo Đấu Sân Nhà Arsenal 25/26 – Authentic,2,3000000,7920000,30000,Momo,shipping,Đà Nẵng,false,2026-01-28T00:00:00.000Z,2026-01-28T00:00:00.000Z
6a23bf11d8b02e5181455a46,6a23bf0fd8b02e518145534b,Đặng Ngọc Bảo,khachhang1780727567492@gmail.com,6a1856198db103285a259cc7,Arsenal adidas Kids 26/27 Home Goalkeeper Socks,1,512000,1152000,0,Momo,shipping,Đà Nẵng,false,2026-01-28T00:00:00.000Z,2026-01-28T00:00:00.000Z
6a23bf11d8b02e5181455a46,6a23bf0fd8b02e518145534b,Đặng Ngọc Bảo,khachhang1780727567492@gmail.com,6a18590b2bc10bb7e5e86479,Arsenal adidas 26/27 Home Football Size 5,1,640000,1152000,0,Momo,shipping,Đà Nẵng,false,2026-01-28T00:00:00.000Z,2026-01-28T00:00:00.000Z
6a23bf11d8b02e5181455a49,6a23bf0fd8b02e5181455349,Võ Mỹ Trang,khachhang1780727567490@gmail.com,6a1850eb1a7b2fdb0ae873a2,Áo Đấu Sân Nhà Arsenal 25/26 Nữ,1,2200000,2200000,30000,Banking,shipping,Hồ Chí Minh,false,2026-01-28T00:00:00.000Z,2026-01-28T00:00:00.000Z
6a23bf11d8b02e5181455a4b,6a23bf0fd8b02e5181455356,Vũ Công Hùng,khachhang1780727567503@gmail.com,6a1856198db103285a259d09,Arsenal adidas 25/26 Third Mini Kit,1,1600000,3800000,0,VNPay,delivered,Hà Nội,false,2026-01-29T00:00:00.000Z,2026-01-29T00:00:00.000Z
6a23bf11d8b02e5181455a4b,6a23bf0fd8b02e5181455356,Vũ Công Hùng,khachhang1780727567503@gmail.com,6a1850eb1a7b2fdb0ae873a2,Áo Đấu Sân Nhà Arsenal 25/26 Nữ,1,2200000,3800000,0,VNPay,delivered,Hà Nội,false,2026-01-29T00:00:00.000Z,2026-01-29T00:00:00.000Z
6a23bf11d8b02e5181455a4e,6a23bf0fd8b02e5181455351,Lý Thúy Trang,khachhang1780727567498@gmail.com,6a1850eb1a7b2fdb0ae873b4,Mũ Bóng Chày Arsenal FC 25/26 – Cap,2,600000,1900000,0,Momo,cancelled,Đà Nẵng,false,2026-01-29T00:00:00.000Z,2026-01-29T00:00:00.000Z
6a23bf11d8b02e5181455a4e,6a23bf0fd8b02e5181455351,Lý Thúy Trang,khachhang1780727567498@gmail.com,6a1850eb1a7b2fdb0ae873bd,Tất Sân Khách Arsenal 25/26 – Away Socks,2,350000,1900000,0,Momo,cancelled,Đà Nẵng,false,2026-01-29T00:00:00.000Z,2026-01-29T00:00:00.000Z
6a23bf11d8b02e5181455a51,6a23bf0fd8b02e5181455352,Phạm Đình Thành,khachhang1780727567499@gmail.com,6a18590b2bc10bb7e5e86491,Arsenal adidas 25/26 Authentic Away Shirt,1,3840000,3840000,30000,Banking,pending,Hà Nội,false,2026-01-29T00:00:00.000Z,2026-01-29T00:00:00.000Z
6a23bf11d8b02e5181455a53,6a23bf0fd8b02e518145534b,Đặng Ngọc Bảo,khachhang1780727567492@gmail.com,6a1850eb1a7b2fdb0ae873a2,Áo Đấu Sân Nhà Arsenal 25/26 Nữ,2,2200000,4400000,0,VNPay,delivered,Đà Nẵng,false,2026-01-29T00:00:00.000Z,2026-01-29T00:00:00.000Z
6a23bf11d8b02e5181455a55,6a23bf0fd8b02e5181455347,Phạm Đức Thành,khachhang1780727567488@gmail.com,6a1856198db103285a259cd6,Arsenal adidas 26/27 Home Scarf,1,736000,2816000,30000,VNPay,pending,Hà Nội,false,2026-01-29T00:00:00.000Z,2026-01-29T00:00:00.000Z
6a23bf11d8b02e5181455a55,6a23bf0fd8b02e5181455347,Phạm Đức Thành,khachhang1780727567488@gmail.com,6a1856198db103285a259ca0,Arsenal adidas Kids 26/27 Long Sleeved Home Shirt,1,2080000,2816000,30000,VNPay,pending,Hà Nội,false,2026-01-29T00:00:00.000Z,2026-01-29T00:00:00.000Z
6a23bf11d8b02e5181455a58,6a23bf0fd8b02e5181455358,Lý Thúy Yến,khachhang1780727567505@gmail.com,6a1856198db103285a259cfa,Arsenal adidas 25/26 Away Shorts,1,1216000,1216000,30000,COD,delivered,Hồ Chí Minh,false,2026-01-29T00:00:00.000Z,2026-01-29T00:00:00.000Z
6a23bf11d8b02e5181455a5a,6a23bf0fd8b02e5181455354,Dương Công Long,khachhang1780727567501@gmail.com,6a1856198db103285a259cc7,Arsenal adidas Kids 26/27 Home Goalkeeper Socks,2,512000,1024000,30000,Banking,delivered,Hồ Chí Minh,false,2026-01-29T00:00:00.000Z,2026-01-29T00:00:00.000Z
6a23bf11d8b02e5181455a5c,6a23bf0fd8b02e5181455352,Phạm Đình Thành,khachhang1780727567499@gmail.com,6a1856198db103285a259cf1,Arsenal adidas Kids 25/26 Away Shirt,2,1920000,9280000,30000,Banking,shipping,Hà Nội,false,2026-01-30T00:00:00.000Z,2026-01-30T00:00:00.000Z
6a23bf11d8b02e5181455a5c,6a23bf0fd8b02e5181455352,Phạm Đình Thành,khachhang1780727567499@gmail.com,6a18590b2bc10bb7e5e8648c,Arsenal adidas 25/26 Away Shirt,2,2720000,9280000,30000,Banking,shipping,Hà Nội,false,2026-01-30T00:00:00.000Z,2026-01-30T00:00:00.000Z
6a23bf11d8b02e5181455a5f,6a23bf0fd8b02e518145534d,Đặng Hải Tuấn,khachhang1780727567494@gmail.com,6a1850eb1a7b2fdb0ae873b4,Mũ Bóng Chày Arsenal FC 25/26 – Cap,1,600000,600000,0,Momo,shipping,Hồ Chí Minh,false,2026-01-30T00:00:00.000Z,2026-01-30T00:00:00.000Z
6a23bf11d8b02e5181455a61,6a23bf0fd8b02e518145534c,Võ Đức Cường,khachhang1780727567493@gmail.com,6a1856198db103285a259cb8,Arsenal adidas 26/27 Home Goalkeeper Shirt,1,2720000,2720000,0,Momo,delivered,Đà Nẵng,false,2026-01-30T00:00:00.000Z,2026-01-30T00:00:00.000Z
6a23bf11d8b02e5181455a63,6a23bf0fd8b02e518145534e,Đỗ Hữu Khoa,khachhang1780727567495@gmail.com,6a1856198db103285a259c9a,Arsenal adidas Womens 26/27 Authentic Home Long Sleeved Shirt,1,4160000,4160000,30000,Momo,delivered,Hà Nội,false,2026-01-30T00:00:00.000Z,2026-01-30T00:00:00.000Z
6a23bf11d8b02e5181455a65,6a23bf0fd8b02e518145534d,Đặng Hải Tuấn,khachhang1780727567494@gmail.com,6a1850ea1a7b2fdb0ae87396,Áo Đấu Sân Nhà Arsenal 25/26 – Fan Version,2,2200000,8800000,0,Banking,delivered,Hồ Chí Minh,false,2026-01-30T00:00:00.000Z,2026-01-30T00:00:00.000Z
6a23bf11d8b02e5181455a65,6a23bf0fd8b02e518145534d,Đặng Hải Tuấn,khachhang1780727567494@gmail.com,6a1850eb1a7b2fdb0ae873a2,Áo Đấu Sân Nhà Arsenal 25/26 Nữ,2,2200000,8800000,0,Banking,delivered,Hồ Chí Minh,false,2026-01-30T00:00:00.000Z,2026-01-30T00:00:00.000Z
6a23bf11d8b02e5181455a68,6a23bf0fd8b02e5181455356,Vũ Công Hùng,khachhang1780727567503@gmail.com,6a18590b2bc10bb7e5e86443,Arsenal adidas 26/27 Home Shirt,1,2720000,5280000,30000,VNPay,delivered,Hà Nội,false,2026-01-31T00:00:00.000Z,2026-01-31T00:00:00.000Z
6a23bf11d8b02e5181455a68,6a23bf0fd8b02e5181455356,Vũ Công Hùng,khachhang1780727567503@gmail.com,6a18590b2bc10bb7e5e86474,Arsenal adidas 26/27 Home Black Backpack,2,1280000,5280000,30000,VNPay,delivered,Hà Nội,false,2026-01-31T00:00:00.000Z,2026-01-31T00:00:00.000Z
6a23bf11d8b02e5181455a6b,6a23bf0fd8b02e518145534a,Lý Thanh Linh,khachhang1780727567491@gmail.com,6a1856198db103285a259c91,Arsenal adidas 26/27 Home Mini Kit,2,1600000,3200000,0,Banking,delivered,Hồ Chí Minh,false,2026-01-31T00:00:00.000Z,2026-01-31T00:00:00.000Z
6a23bf11d8b02e5181455a6d,6a23bf0fd8b02e5181455353,Phan Công Phúc,khachhang1780727567500@gmail.com,69ec674e7fb179301d9a2db9,Mũ Lưỡi Trai Arsenal,2,450000,900000,30000,VNPay,shipping,Hồ Chí Minh,false,2026-01-31T00:00:00.000Z,2026-01-31T00:00:00.000Z
6a23bf11d8b02e5181455a6f,6a23bf0fd8b02e5181455357,Hồ Hải Đạt,khachhang1780727567504@gmail.com,6a1850eb1a7b2fdb0ae873bd,Tất Sân Khách Arsenal 25/26 – Away Socks,2,350000,1900000,0,COD,shipping,Hà Nội,false,2026-01-31T00:00:00.000Z,2026-01-31T00:00:00.000Z
6a23bf11d8b02e5181455a6f,6a23bf0fd8b02e5181455357,Hồ Hải Đạt,khachhang1780727567504@gmail.com,6a1850eb1a7b2fdb0ae873b1,Balo Arsenal FC 25/26 – Backpack,1,1200000,1900000,0,COD,shipping,Hà Nội,false,2026-01-31T00:00:00.000Z,2026-01-31T00:00:00.000Z
6a23bf11d8b02e5181455a72,6a23bf0fd8b02e5181455352,Phạm Đình Thành,khachhang1780727567499@gmail.com,6a18590b2bc10bb7e5e86443,Arsenal adidas 26/27 Home Shirt,2,2720000,5440000,30000,COD,pending,Hà Nội,false,2026-01-31T00:00:00.000Z,2026-01-31T00:00:00.000Z
6a23bf11d8b02e5181455a74,6a23bf0fd8b02e518145534d,Đặng Hải Tuấn,khachhang1780727567494@gmail.com,6a18590b2bc10bb7e5e86474,Arsenal adidas 26/27 Home Black Backpack,2,1280000,2560000,0,Momo,shipping,Hồ Chí Minh,false,2026-01-31T00:00:00.000Z,2026-01-31T00:00:00.000Z
6a23bf11d8b02e5181455a76,6a23bf0fd8b02e518145534f,Vũ Lan Linh,khachhang1780727567496@gmail.com,6a1856198db103285a259caf,Arsenal adidas 26/27 Authentic Alternate Home Shorts,2,1440000,3840000,30000,Banking,shipping,Hồ Chí Minh,false,2026-01-31T00:00:00.000Z,2026-01-31T00:00:00.000Z
6a23bf11d8b02e5181455a76,6a23bf0fd8b02e518145534f,Vũ Lan Linh,khachhang1780727567496@gmail.com,6a1856198db103285a259cd3,Arsenal adidas 26/27 Mini Home Football Size 1,2,480000,3840000,30000,Banking,shipping,Hồ Chí Minh,false,2026-01-31T00:00:00.000Z,2026-01-31T00:00:00.000Z
6a23bf11d8b02e5181455a79,6a23bf0fd8b02e5181455357,Hồ Hải Đạt,khachhang1780727567504@gmail.com,6a18590b2bc10bb7e5e86480,Arsenal adidas 26/27 Red Home Cap,2,640000,4480000,30000,VNPay,delivered,Hà Nội,false,2026-01-31T00:00:00.000Z,2026-01-31T00:00:00.000Z
6a23bf11d8b02e5181455a79,6a23bf0fd8b02e5181455357,Hồ Hải Đạt,khachhang1780727567504@gmail.com,6a1856198db103285a259ceb,Arsenal adidas 25/26 Away Mini Kit,2,1600000,4480000,30000,VNPay,delivered,Hà Nội,false,2026-01-31T00:00:00.000Z,2026-01-31T00:00:00.000Z
6a23bf11d8b02e5181455a7c,6a23bf0fd8b02e5181455357,Hồ Hải Đạt,khachhang1780727567504@gmail.com,6a1856198db103285a259ca3,Arsenal adidas 26/27 Home Baby Kit,2,1280000,5440000,0,VNPay,delivered,Hà Nội,false,2026-01-31T00:00:00.000Z,2026-01-31T00:00:00.000Z
6a23bf11d8b02e5181455a7c,6a23bf0fd8b02e5181455357,Hồ Hải Đạt,khachhang1780727567504@gmail.com,6a1856198db103285a259c9d,Arsenal adidas 26/27 Home Long Sleeved Shirt,1,2880000,5440000,0,VNPay,delivered,Hà Nội,false,2026-01-31T00:00:00.000Z,2026-01-31T00:00:00.000Z
6a23bf11d8b02e5181455a7f,6a23bf0fd8b02e5181455350,Nguyễn Thị Anh,khachhang1780727567497@gmail.com,6a1856198db103285a259ccd,Arsenal adidas 26/27 Red Backpack,2,1280000,2560000,30000,COD,cancelled,Hà Nội,false,2026-02-01T00:00:00.000Z,2026-02-01T00:00:00.000Z
6a23bf11d8b02e5181455a81,6a23bf0fd8b02e5181455347,Phạm Đức Thành,khachhang1780727567488@gmail.com,6a1856198db103285a259cdf,Arsenal adidas 26/27 Home Water Bottle,2,320000,2720000,0,COD,shipping,Hà Nội,false,2026-02-01T00:00:00.000Z,2026-02-01T00:00:00.000Z
6a23bf11d8b02e5181455a81,6a23bf0fd8b02e5181455347,Phạm Đức Thành,khachhang1780727567488@gmail.com,6a1856198db103285a259ca0,Arsenal adidas Kids 26/27 Long Sleeved Home Shirt,1,2080000,2720000,0,COD,shipping,Hà Nội,false,2026-02-01T00:00:00.000Z,2026-02-01T00:00:00.000Z
6a23bf11d8b02e5181455a84,6a23bf0fd8b02e518145534f,Vũ Lan Linh,khachhang1780727567496@gmail.com,6a1856198db103285a259cbe,Arsenal adidas 26/27 Home Goalkeeper Shorts,1,1216000,1216000,0,VNPay,delivered,Hồ Chí Minh,false,2026-02-01T00:00:00.000Z,2026-02-01T00:00:00.000Z
6a23bf11d8b02e5181455a86,6a23bf0fd8b02e5181455347,Phạm Đức Thành,khachhang1780727567488@gmail.com,6a1856198db103285a259cc4,Arsenal adidas 26/27 Home Goalkeeper Socks,2,640000,1280000,30000,Momo,cancelled,Hà Nội,false,2026-02-01T00:00:00.000Z,2026-02-01T00:00:00.000Z
6a23bf11d8b02e5181455a88,6a23bf0fd8b02e5181455358,Lý Thúy Yến,khachhang1780727567505@gmail.com,6a1856198db103285a259cdf,Arsenal adidas 26/27 Home Water Bottle,2,320000,640000,0,VNPay,delivered,Hồ Chí Minh,false,2026-02-01T00:00:00.000Z,2026-02-01T00:00:00.000Z
6a23bf11d8b02e5181455a8a,6a23bf0fd8b02e518145534c,Võ Đức Cường,khachhang1780727567493@gmail.com,6a18590b2bc10bb7e5e86480,Arsenal adidas 26/27 Red Home Cap,1,640000,4480000,30000,COD,delivered,Đà Nẵng,false,2026-02-01T00:00:00.000Z,2026-02-01T00:00:00.000Z
6a23bf11d8b02e5181455a8a,6a23bf0fd8b02e518145534c,Võ Đức Cường,khachhang1780727567493@gmail.com,6a18590b2bc10bb7e5e8643c,Arsenal adidas 26/27 Authentic Home Shirt,1,3840000,4480000,30000,COD,delivered,Đà Nẵng,false,2026-02-01T00:00:00.000Z,2026-02-01T00:00:00.000Z
6a23bf11d8b02e5181455a8d,6a23bf0fd8b02e5181455351,Lý Thúy Trang,khachhang1780727567498@gmail.com,6a1850eb1a7b2fdb0ae873b1,Balo Arsenal FC 25/26 – Backpack,2,1200000,5120000,30000,Banking,delivered,Đà Nẵng,false,2026-02-01T00:00:00.000Z,2026-02-01T00:00:00.000Z
6a23bf11d8b02e5181455a8d,6a23bf0fd8b02e5181455351,Lý Thúy Trang,khachhang1780727567498@gmail.com,6a1856198db103285a259cb8,Arsenal adidas 26/27 Home Goalkeeper Shirt,1,2720000,5120000,30000,Banking,delivered,Đà Nẵng,false,2026-02-01T00:00:00.000Z,2026-02-01T00:00:00.000Z
6a23bf11d8b02e5181455a90,6a23bf0fd8b02e5181455349,Võ Mỹ Trang,khachhang1780727567490@gmail.com,6a1850ea1a7b2fdb0ae87393,Áo Đấu Sân Nhà Arsenal 25/26 – Authentic,2,3000000,6000000,30000,Momo,shipping,Hồ Chí Minh,false,2026-02-02T00:00:00.000Z,2026-02-02T00:00:00.000Z
6a23bf11d8b02e5181455a92,6a23bf0fd8b02e5181455349,Võ Mỹ Trang,khachhang1780727567490@gmail.com,6a18590b2bc10bb7e5e8643c,Arsenal adidas 26/27 Authentic Home Shirt,2,3840000,8960000,30000,Banking,delivered,Hồ Chí Minh,false,2026-02-02T00:00:00.000Z,2026-02-02T00:00:00.000Z
6a23bf11d8b02e5181455a92,6a23bf0fd8b02e5181455349,Võ Mỹ Trang,khachhang1780727567490@gmail.com,6a1856198db103285a259d18,Arsenal adidas 25/26 Third Socks,2,640000,8960000,30000,Banking,delivered,Hồ Chí Minh,false,2026-02-02T00:00:00.000Z,2026-02-02T00:00:00.000Z
6a23bf11d8b02e5181455a95,6a23bf0fd8b02e5181455355,Ngô Thu Hà,khachhang1780727567502@gmail.com,6a1856198db103285a259d15,Arsenal adidas Kids 25/26 Third Goalkeeper Shirt,2,1920000,3840000,30000,Banking,cancelled,Đà Nẵng,false,2026-02-02T00:00:00.000Z,2026-02-02T00:00:00.000Z
6a23bf11d8b02e5181455a97,6a23bf0fd8b02e5181455359,Dương Hồng Hà,khachhang1780727567506@gmail.com,6a1856198db103285a259cac,Arsenal adidas 26/27 Authentic Home Shorts,2,1440000,2880000,0,COD,pending,Đà Nẵng,false,2026-02-02T00:00:00.000Z,2026-02-02T00:00:00.000Z
6a23bf11d8b02e5181455a99,6a23bf0fd8b02e5181455357,Hồ Hải Đạt,khachhang1780727567504@gmail.com,6a1856198db103285a259c85,Arsenal adidas Kids 26/27 Authentic Home Shirt,1,2560000,3840000,0,VNPay,delivered,Hà Nội,false,2026-02-02T00:00:00.000Z,2026-02-02T00:00:00.000Z
6a23bf11d8b02e5181455a99,6a23bf0fd8b02e5181455357,Hồ Hải Đạt,khachhang1780727567504@gmail.com,6a1856198db103285a259cc4,Arsenal adidas 26/27 Home Goalkeeper Socks,2,640000,3840000,0,VNPay,delivered,Hà Nội,false,2026-02-02T00:00:00.000Z,2026-02-02T00:00:00.000Z
6a23bf11d8b02e5181455a9c,6a23bf0fd8b02e518145534c,Võ Đức Cường,khachhang1780727567493@gmail.com,69ec674e7fb179301d9a2db6,Tất sân nhà Arsenal 2025-2026,2,750000,2972000,30000,Banking,shipping,Đà Nẵng,false,2026-02-02T00:00:00.000Z,2026-02-02T00:00:00.000Z
6a23bf11d8b02e5181455a9c,6a23bf0fd8b02e518145534c,Võ Đức Cường,khachhang1780727567493@gmail.com,6a1856198db103285a259cd6,Arsenal adidas 26/27 Home Scarf,2,736000,2972000,30000,Banking,shipping,Đà Nẵng,false,2026-02-02T00:00:00.000Z,2026-02-02T00:00:00.000Z
6a23bf11d8b02e5181455a9f,6a23bf0fd8b02e518145534a,Lý Thanh Linh,khachhang1780727567491@gmail.com,6a18590b2bc10bb7e5e8643c,Arsenal adidas 26/27 Authentic Home Shirt,1,3840000,3840000,0,Banking,shipping,Hồ Chí Minh,false,2026-02-03T00:00:00.000Z,2026-02-03T00:00:00.000Z
6a23bf11d8b02e5181455aa1,6a23bf0fd8b02e5181455347,Phạm Đức Thành,khachhang1780727567488@gmail.com,6a1856198db103285a259cb8,Arsenal adidas 26/27 Home Goalkeeper Shirt,1,2720000,4320000,0,Banking,shipping,Hà Nội,false,2026-02-03T00:00:00.000Z,2026-02-03T00:00:00.000Z
6a23bf11d8b02e5181455aa1,6a23bf0fd8b02e5181455347,Phạm Đức Thành,khachhang1780727567488@gmail.com,6a1856198db103285a259ceb,Arsenal adidas 25/26 Away Mini Kit,1,1600000,4320000,0,Banking,shipping,Hà Nội,false,2026-02-03T00:00:00.000Z,2026-02-03T00:00:00.000Z
6a23bf11d8b02e5181455aa4,6a23bf0fd8b02e5181455356,Vũ Công Hùng,khachhang1780727567503@gmail.com,6a18590b2bc10bb7e5e864a0,Arsenal adidas 25/26 Third Shirt,1,2720000,2720000,0,VNPay,delivered,Hà Nội,false,2026-02-03T00:00:00.000Z,2026-02-03T00:00:00.000Z
6a23bf11d8b02e5181455aa6,6a23bf0fd8b02e518145534e,Đỗ Hữu Khoa,khachhang1780727567495@gmail.com,6a1856198db103285a259d18,Arsenal adidas 25/26 Third Socks,2,640000,1280000,0,COD,pending,Hà Nội,false,2026-02-03T00:00:00.000Z,2026-02-03T00:00:00.000Z
6a23bf11d8b02e5181455aa8,6a23bf0fd8b02e518145534b,Đặng Ngọc Bảo,khachhang1780727567492@gmail.com,6a1856198db103285a259c85,Arsenal adidas Kids 26/27 Authentic Home Shirt,1,2560000,3072000,0,Banking,delivered,Đà Nẵng,false,2026-02-03T00:00:00.000Z,2026-02-03T00:00:00.000Z
6a23bf11d8b02e5181455aa8,6a23bf0fd8b02e518145534b,Đặng Ngọc Bảo,khachhang1780727567492@gmail.com,6a1856198db103285a259cc7,Arsenal adidas Kids 26/27 Home Goalkeeper Socks,1,512000,3072000,0,Banking,delivered,Đà Nẵng,false,2026-02-03T00:00:00.000Z,2026-02-03T00:00:00.000Z
6a23bf11d8b02e5181455aab,6a23bf0fd8b02e5181455346,Võ Hải Đạt,khachhang1780727567487@gmail.com,6a1850eb1a7b2fdb0ae873b1,Balo Arsenal FC 25/26 – Backpack,2,1200000,2400000,30000,Banking,delivered,Hồ Chí Minh,false,2026-02-04T00:00:00.000Z,2026-02-04T00:00:00.000Z
6a23bf11d8b02e5181455aad,6a23bf0fd8b02e5181455356,Vũ Công Hùng,khachhang1780727567503@gmail.com,6a1856198db103285a259d15,Arsenal adidas Kids 25/26 Third Goalkeeper Shirt,1,1920000,4640000,30000,Banking,delivered,Hà Nội,false,2026-02-05T00:00:00.000Z,2026-02-05T00:00:00.000Z
6a23bf11d8b02e5181455aad,6a23bf0fd8b02e5181455356,Vũ Công Hùng,khachhang1780727567503@gmail.com,6a1856198db103285a259cb8,Arsenal adidas 26/27 Home Goalkeeper Shirt,1,2720000,4640000,30000,Banking,delivered,Hà Nội,false,2026-02-05T00:00:00.000Z,2026-02-05T00:00:00.000Z
6a23bf11d8b02e5181455ab0,6a23bf0fd8b02e5181455355,Ngô Thu Hà,khachhang1780727567502@gmail.com,6a18590b2bc10bb7e5e86474,Arsenal adidas 26/27 Home Black Backpack,1,1280000,1280000,0,Momo,shipping,Đà Nẵng,false,2026-02-06T00:00:00.000Z,2026-02-06T00:00:00.000Z
6a23bf11d8b02e5181455ab2,6a23bf0fd8b02e5181455359,Dương Hồng Hà,khachhang1780727567506@gmail.com,6a1850ea1a7b2fdb0ae87393,Áo Đấu Sân Nhà Arsenal 25/26 – Authentic,2,3000000,6000000,30000,VNPay,cancelled,Đà Nẵng,false,2026-02-06T00:00:00.000Z,2026-02-06T00:00:00.000Z
6a23bf11d8b02e5181455ab4,6a23bf0fd8b02e5181455356,Vũ Công Hùng,khachhang1780727567503@gmail.com,6a1856198db103285a259cc7,Arsenal adidas Kids 26/27 Home Goalkeeper Socks,2,512000,1024000,30000,Banking,delivered,Hà Nội,false,2026-02-07T00:00:00.000Z,2026-02-07T00:00:00.000Z
6a23bf11d8b02e5181455ab6,6a23bf0fd8b02e5181455355,Ngô Thu Hà,khachhang1780727567502@gmail.com,6a18590b2bc10bb7e5e8645a,Arsenal adidas 26/27 Home Shorts,1,1216000,1216000,30000,VNPay,shipping,Đà Nẵng,false,2026-02-07T00:00:00.000Z,2026-02-07T00:00:00.000Z
6a23bf11d8b02e5181455ab8,6a23bf0fd8b02e5181455359,Dương Hồng Hà,khachhang1780727567506@gmail.com,6a1850eb1a7b2fdb0ae873ba,Bóng Đá Arsenal FC adidas 25/26,2,800000,1600000,0,Banking,delivered,Đà Nẵng,false,2026-02-07T00:00:00.000Z,2026-02-07T00:00:00.000Z
6a23bf11d8b02e5181455aba,6a23bf0fd8b02e5181455350,Nguyễn Thị Anh,khachhang1780727567497@gmail.com,6a18590b2bc10bb7e5e864a0,Arsenal adidas 25/26 Third Shirt,1,2720000,2720000,30000,VNPay,delivered,Hà Nội,false,2026-02-07T00:00:00.000Z,2026-02-07T00:00:00.000Z
6a23bf11d8b02e5181455abc,6a23bf0fd8b02e5181455352,Phạm Đình Thành,khachhang1780727567499@gmail.com,6a1856198db103285a259c9d,Arsenal adidas 26/27 Home Long Sleeved Shirt,1,2880000,2880000,30000,Banking,delivered,Hà Nội,false,2026-02-07T00:00:00.000Z,2026-02-07T00:00:00.000Z
6a23bf11d8b02e5181455abe,6a23bf0fd8b02e5181455352,Phạm Đình Thành,khachhang1780727567499@gmail.com,6a1856198db103285a259cc4,Arsenal adidas 26/27 Home Goalkeeper Socks,2,640000,1280000,30000,Momo,shipping,Hà Nội,false,2026-02-07T00:00:00.000Z,2026-02-07T00:00:00.000Z
6a23bf11d8b02e5181455ac0,6a23bf0fd8b02e518145534c,Võ Đức Cường,khachhang1780727567493@gmail.com,6a1856198db103285a259cbe,Arsenal adidas 26/27 Home Goalkeeper Shorts,2,1216000,6232000,30000,COD,shipping,Đà Nẵng,false,2026-02-07T00:00:00.000Z,2026-02-07T00:00:00.000Z
6a23bf11d8b02e5181455ac0,6a23bf0fd8b02e518145534c,Võ Đức Cường,khachhang1780727567493@gmail.com,6a1850eb1a7b2fdb0ae873ab,Áo Hoodie Arsenal Essentials 25/26,2,1900000,6232000,30000,COD,shipping,Đà Nẵng,false,2026-02-07T00:00:00.000Z,2026-02-07T00:00:00.000Z
6a23bf11d8b02e5181455ac3,6a23bf0fd8b02e5181455352,Phạm Đình Thành,khachhang1780727567499@gmail.com,6a1850ea1a7b2fdb0ae87396,Áo Đấu Sân Nhà Arsenal 25/26 – Fan Version,1,2200000,2200000,30000,VNPay,delivered,Hà Nội,false,2026-02-07T00:00:00.000Z,2026-02-07T00:00:00.000Z
6a23bf11d8b02e5181455ac5,6a23bf0fd8b02e5181455348,Võ Bích Hà,khachhang1780727567489@gmail.com,6a1850ea1a7b2fdb0ae87396,Áo Đấu Sân Nhà Arsenal 25/26 – Fan Version,1,2200000,2200000,0,VNPay,delivered,Đà Nẵng,false,2026-02-08T00:00:00.000Z,2026-02-08T00:00:00.000Z
6a23bf11d8b02e5181455ac7,6a23bf0fd8b02e5181455346,Võ Hải Đạt,khachhang1780727567487@gmail.com,6a18590b2bc10bb7e5e86480,Arsenal adidas 26/27 Red Home Cap,1,640000,2940000,30000,Banking,delivered,Hồ Chí Minh,false,2026-02-08T00:00:00.000Z,2026-02-08T00:00:00.000Z
6a23bf11d8b02e5181455ac7,6a23bf0fd8b02e5181455346,Võ Hải Đạt,khachhang1780727567487@gmail.com,6a1850eb1a7b2fdb0ae873a8,Áo Khoác Anthem Arsenal Z.N.E. 25/26,1,2300000,2940000,30000,Banking,delivered,Hồ Chí Minh,false,2026-02-08T00:00:00.000Z,2026-02-08T00:00:00.000Z
6a23bf11d8b02e5181455aca,6a23bf0fd8b02e518145534a,Lý Thanh Linh,khachhang1780727567491@gmail.com,6a1856198db103285a259d18,Arsenal adidas 25/26 Third Socks,1,640000,6400000,30000,COD,delivered,Hồ Chí Minh,false,2026-02-08T00:00:00.000Z,2026-02-08T00:00:00.000Z
6a23bf11d8b02e5181455aca,6a23bf0fd8b02e518145534a,Lý Thanh Linh,khachhang1780727567491@gmail.com,6a1856198db103285a259c9d,Arsenal adidas 26/27 Home Long Sleeved Shirt,2,2880000,6400000,30000,COD,delivered,Hồ Chí Minh,false,2026-02-08T00:00:00.000Z,2026-02-08T00:00:00.000Z
6a23bf11d8b02e5181455acd,6a23bf0fd8b02e5181455347,Phạm Đức Thành,khachhang1780727567488@gmail.com,6a18590b2bc10bb7e5e86496,Arsenal adidas Kids 25/26 Away Shorts,1,960000,1920000,30000,COD,delivered,Hà Nội,false,2026-02-08T00:00:00.000Z,2026-02-08T00:00:00.000Z
6a23bf11d8b02e5181455acd,6a23bf0fd8b02e5181455347,Phạm Đức Thành,khachhang1780727567488@gmail.com,6a1856198db103285a259cc1,Arsenal adidas Kids 26/27 Home Goalkeeper Shorts,1,960000,1920000,30000,COD,delivered,Hà Nội,false,2026-02-08T00:00:00.000Z,2026-02-08T00:00:00.000Z
6a23bf11d8b02e5181455ad0,6a23bf0fd8b02e518145534f,Vũ Lan Linh,khachhang1780727567496@gmail.com,6a1856198db103285a259c9a,Arsenal adidas Womens 26/27 Authentic Home Long Sleeved Shirt,2,4160000,10240000,30000,VNPay,cancelled,Hồ Chí Minh,false,2026-02-08T00:00:00.000Z,2026-02-08T00:00:00.000Z
6a23bf11d8b02e5181455ad0,6a23bf0fd8b02e518145534f,Vũ Lan Linh,khachhang1780727567496@gmail.com,6a1856198db103285a259d15,Arsenal adidas Kids 25/26 Third Goalkeeper Shirt,1,1920000,10240000,30000,VNPay,cancelled,Hồ Chí Minh,false,2026-02-08T00:00:00.000Z,2026-02-08T00:00:00.000Z
6a23bf11d8b02e5181455ad3,6a23bf0fd8b02e518145534d,Đặng Hải Tuấn,khachhang1780727567494@gmail.com,6a1856198db103285a259cac,Arsenal adidas 26/27 Authentic Home Shorts,1,1440000,2080000,0,Banking,cancelled,Hồ Chí Minh,false,2026-02-08T00:00:00.000Z,2026-02-08T00:00:00.000Z
6a23bf11d8b02e5181455ad3,6a23bf0fd8b02e518145534d,Đặng Hải Tuấn,khachhang1780727567494@gmail.com,6a1856198db103285a259cc4,Arsenal adidas 26/27 Home Goalkeeper Socks,1,640000,2080000,0,Banking,cancelled,Hồ Chí Minh,false,2026-02-08T00:00:00.000Z,2026-02-08T00:00:00.000Z
6a23bf11d8b02e5181455ad6,6a23bf0fd8b02e5181455359,Dương Hồng Hà,khachhang1780727567506@gmail.com,6a1856198db103285a259caf,Arsenal adidas 26/27 Authentic Alternate Home Shorts,2,1440000,2880000,30000,Momo,cancelled,Đà Nẵng,false,2026-02-08T00:00:00.000Z,2026-02-08T00:00:00.000Z
6a23bf11d8b02e5181455ad8,6a23bf0fd8b02e5181455354,Dương Công Long,khachhang1780727567501@gmail.com,6a1856198db103285a259c82,Arsenal adidas Womens 26/27 Authentic Home Shirt,2,3840000,7680000,0,COD,shipping,Hồ Chí Minh,false,2026-02-09T00:00:00.000Z,2026-02-09T00:00:00.000Z
6a23bf11d8b02e5181455ada,6a23bf0fd8b02e5181455349,Võ Mỹ Trang,khachhang1780727567490@gmail.com,6a1856198db103285a259d09,Arsenal adidas 25/26 Third Mini Kit,1,1600000,6000000,30000,COD,delivered,Hồ Chí Minh,false,2026-02-09T00:00:00.000Z,2026-02-09T00:00:00.000Z
6a23bf11d8b02e5181455ada,6a23bf0fd8b02e5181455349,Võ Mỹ Trang,khachhang1780727567490@gmail.com,6a1850eb1a7b2fdb0ae87399,Áo Đấu Sân Khách Arsenal 25/26 – Fan Version,2,2200000,6000000,30000,COD,delivered,Hồ Chí Minh,false,2026-02-09T00:00:00.000Z,2026-02-09T00:00:00.000Z
6a23bf11d8b02e5181455add,6a23bf0fd8b02e5181455352,Phạm Đình Thành,khachhang1780727567499@gmail.com,6a1856198db103285a259cdf,Arsenal adidas 26/27 Home Water Bottle,2,320000,3520000,0,COD,shipping,Hà Nội,false,2026-02-09T00:00:00.000Z,2026-02-09T00:00:00.000Z
6a23bf11d8b02e5181455add,6a23bf0fd8b02e5181455352,Phạm Đình Thành,khachhang1780727567499@gmail.com,6a1856198db103285a259d12,Arsenal adidas 25/26 Third Authentic Alternate Shorts,2,1440000,3520000,0,COD,shipping,Hà Nội,false,2026-02-09T00:00:00.000Z,2026-02-09T00:00:00.000Z
6a23bf11d8b02e5181455ae0,6a23bf0fd8b02e5181455346,Võ Hải Đạt,khachhang1780727567487@gmail.com,6a18590b2bc10bb7e5e86496,Arsenal adidas Kids 25/26 Away Shorts,1,960000,3260000,30000,VNPay,cancelled,Hồ Chí Minh,false,2026-02-09T00:00:00.000Z,2026-02-09T00:00:00.000Z
6a23bf11d8b02e5181455ae0,6a23bf0fd8b02e5181455346,Võ Hải Đạt,khachhang1780727567487@gmail.com,6a1850eb1a7b2fdb0ae873a8,Áo Khoác Anthem Arsenal Z.N.E. 25/26,1,2300000,3260000,30000,VNPay,cancelled,Hồ Chí Minh,false,2026-02-09T00:00:00.000Z,2026-02-09T00:00:00.000Z
6a23bf11d8b02e5181455ae3,6a23bf0fd8b02e518145534d,Đặng Hải Tuấn,khachhang1780727567494@gmail.com,6a18590b2bc10bb7e5e86496,Arsenal adidas Kids 25/26 Away Shorts,1,960000,960000,30000,COD,shipping,Hồ Chí Minh,false,2026-02-09T00:00:00.000Z,2026-02-09T00:00:00.000Z
6a23bf11d8b02e5181455ae5,6a23bf0fd8b02e518145534c,Võ Đức Cường,khachhang1780727567493@gmail.com,6a1856198db103285a259cfd,Arsenal adidas 25/26 Authentic Alternate Away Shorts,1,1440000,1440000,30000,Banking,pending,Đà Nẵng,false,2026-02-10T00:00:00.000Z,2026-02-10T00:00:00.000Z
6a23bf11d8b02e5181455ae7,6a23bf0fd8b02e5181455358,Lý Thúy Yến,khachhang1780727567505@gmail.com,69ec674e7fb179301d9a2db9,Mũ Lưỡi Trai Arsenal,1,450000,450000,0,VNPay,shipping,Hồ Chí Minh,false,2026-02-10T00:00:00.000Z,2026-02-10T00:00:00.000Z
6a23bf11d8b02e5181455ae9,6a23bf0fd8b02e5181455355,Ngô Thu Hà,khachhang1780727567502@gmail.com,6a1856198db103285a259d15,Arsenal adidas Kids 25/26 Third Goalkeeper Shirt,1,1920000,1920000,30000,COD,pending,Đà Nẵng,false,2026-02-10T00:00:00.000Z,2026-02-10T00:00:00.000Z
6a23bf11d8b02e5181455aeb,6a23bf0fd8b02e518145534a,Lý Thanh Linh,khachhang1780727567491@gmail.com,6a18590b2bc10bb7e5e86463,Arsenal adidas 26/27 Home Socks,1,640000,640000,30000,Banking,pending,Hồ Chí Minh,false,2026-02-10T00:00:00.000Z,2026-02-10T00:00:00.000Z
6a23bf11d8b02e5181455aed,6a23bf0fd8b02e518145534d,Đặng Hải Tuấn,khachhang1780727567494@gmail.com,6a1856198db103285a259d06,Arsenal adidas 25/26 Third Shorts,2,1216000,2432000,0,Banking,delivered,Hồ Chí Minh,false,2026-02-11T00:00:00.000Z,2026-02-11T00:00:00.000Z
6a23bf11d8b02e5181455aef,6a23bf0fd8b02e5181455355,Ngô Thu Hà,khachhang1780727567502@gmail.com,6a1856198db103285a259cd6,Arsenal adidas 26/27 Home Scarf,1,736000,1696000,0,Banking,delivered,Đà Nẵng,false,2026-02-11T00:00:00.000Z,2026-02-11T00:00:00.000Z
6a23bf11d8b02e5181455aef,6a23bf0fd8b02e5181455355,Ngô Thu Hà,khachhang1780727567502@gmail.com,6a18590b2bc10bb7e5e86496,Arsenal adidas Kids 25/26 Away Shorts,1,960000,1696000,0,Banking,delivered,Đà Nẵng,false,2026-02-11T00:00:00.000Z,2026-02-11T00:00:00.000Z
6a23bf11d8b02e5181455af2,6a23bf0fd8b02e5181455346,Võ Hải Đạt,khachhang1780727567487@gmail.com,69ec674e7fb179301d9a2db9,Mũ Lưỡi Trai Arsenal,1,450000,450000,30000,COD,delivered,Hồ Chí Minh,false,2026-02-12T00:00:00.000Z,2026-02-12T00:00:00.000Z
6a23bf11d8b02e5181455af4,6a23bf0fd8b02e5181455354,Dương Công Long,khachhang1780727567501@gmail.com,6a1850eb1a7b2fdb0ae8739c,Áo Đấu Sân Khách Arsenal 25/26 – Authentic,2,3000000,12000000,30000,VNPay,delivered,Hồ Chí Minh,false,2026-02-12T00:00:00.000Z,2026-02-12T00:00:00.000Z
6a23bf11d8b02e5181455af4,6a23bf0fd8b02e5181455354,Dương Công Long,khachhang1780727567501@gmail.com,6a1850eb1a7b2fdb0ae8739c,Áo Đấu Sân Khách Arsenal 25/26 – Authentic,2,3000000,12000000,30000,VNPay,delivered,Hồ Chí Minh,false,2026-02-12T00:00:00.000Z,2026-02-12T00:00:00.000Z
6a23bf11d8b02e5181455af7,6a23bf0fd8b02e5181455349,Võ Mỹ Trang,khachhang1780727567490@gmail.com,6a1856198db103285a259c9a,Arsenal adidas Womens 26/27 Authentic Home Long Sleeved Shirt,2,4160000,11520000,0,VNPay,delivered,Hồ Chí Minh,false,2026-02-12T00:00:00.000Z,2026-02-12T00:00:00.000Z
6a23bf11d8b02e5181455af7,6a23bf0fd8b02e5181455349,Võ Mỹ Trang,khachhang1780727567490@gmail.com,6a1856198db103285a259c91,Arsenal adidas 26/27 Home Mini Kit,2,1600000,11520000,0,VNPay,delivered,Hồ Chí Minh,false,2026-02-12T00:00:00.000Z,2026-02-12T00:00:00.000Z
6a23bf11d8b02e5181455afa,6a23bf0fd8b02e5181455358,Lý Thúy Yến,khachhang1780727567505@gmail.com,69ec674e7fb179301d9a2db5,Quần short tập luyện,2,1100000,4400000,30000,VNPay,cancelled,Hồ Chí Minh,false,2026-02-12T00:00:00.000Z,2026-02-12T00:00:00.000Z
6a23bf11d8b02e5181455afa,6a23bf0fd8b02e5181455358,Lý Thúy Yến,khachhang1780727567505@gmail.com,6a1850eb1a7b2fdb0ae87399,Áo Đấu Sân Khách Arsenal 25/26 – Fan Version,1,2200000,4400000,30000,VNPay,cancelled,Hồ Chí Minh,false,2026-02-12T00:00:00.000Z,2026-02-12T00:00:00.000Z
6a23bf11d8b02e5181455afd,6a23bf0fd8b02e5181455349,Võ Mỹ Trang,khachhang1780727567490@gmail.com,6a1856198db103285a259d0f,Arsenal adidas Kids 25/26 Third Shorts,2,960000,4640000,30000,Momo,delivered,Hồ Chí Minh,false,2026-02-13T00:00:00.000Z,2026-02-13T00:00:00.000Z
6a23bf11d8b02e5181455afd,6a23bf0fd8b02e5181455349,Võ Mỹ Trang,khachhang1780727567490@gmail.com,6a1856198db103285a259cb8,Arsenal adidas 26/27 Home Goalkeeper Shirt,1,2720000,4640000,30000,Momo,delivered,Hồ Chí Minh,false,2026-02-13T00:00:00.000Z,2026-02-13T00:00:00.000Z
6a23bf11d8b02e5181455b00,6a23bf0fd8b02e518145534c,Võ Đức Cường,khachhang1780727567493@gmail.com,6a1856198db103285a259ce5,Arsenal adidas 26/27 Home Beanie,2,736000,1472000,0,Momo,cancelled,Đà Nẵng,false,2026-02-13T00:00:00.000Z,2026-02-13T00:00:00.000Z
6a23bf11d8b02e5181455b02,6a23bf0fd8b02e5181455359,Dương Hồng Hà,khachhang1780727567506@gmail.com,6a1856198db103285a259cfd,Arsenal adidas 25/26 Authentic Alternate Away Shorts,2,1440000,3520000,30000,COD,delivered,Đà Nẵng,false,2026-02-13T00:00:00.000Z,2026-02-13T00:00:00.000Z
6a23bf11d8b02e5181455b02,6a23bf0fd8b02e5181455359,Dương Hồng Hà,khachhang1780727567506@gmail.com,6a18590b2bc10bb7e5e86483,Arsenal adidas 26/27 White Home Cap,1,640000,3520000,30000,COD,delivered,Đà Nẵng,false,2026-02-13T00:00:00.000Z,2026-02-13T00:00:00.000Z
6a23bf11d8b02e5181455b05,6a23bf0fd8b02e518145534a,Lý Thanh Linh,khachhang1780727567491@gmail.com,6a1856198db103285a259cc7,Arsenal adidas Kids 26/27 Home Goalkeeper Socks,1,512000,512000,30000,Momo,delivered,Hồ Chí Minh,false,2026-02-14T00:00:00.000Z,2026-02-14T00:00:00.000Z
6a23bf11d8b02e5181455b07,6a23bf0fd8b02e5181455359,Dương Hồng Hà,khachhang1780727567506@gmail.com,6a1856198db103285a259ceb,Arsenal adidas 25/26 Away Mini Kit,1,1600000,1600000,30000,COD,pending,Đà Nẵng,false,2026-02-14T00:00:00.000Z,2026-02-14T00:00:00.000Z
6a23bf11d8b02e5181455b09,6a23bf0fd8b02e5181455356,Vũ Công Hùng,khachhang1780727567503@gmail.com,6a1856198db103285a259cf1,Arsenal adidas Kids 25/26 Away Shirt,1,1920000,1920000,0,Momo,delivered,Hà Nội,false,2026-02-15T00:00:00.000Z,2026-02-15T00:00:00.000Z
6a23bf11d8b02e5181455b0b,6a23bf0fd8b02e5181455353,Phan Công Phúc,khachhang1780727567500@gmail.com,6a1856198db103285a259cd6,Arsenal adidas 26/27 Home Scarf,1,736000,4896000,30000,Banking,delivered,Hồ Chí Minh,false,2026-02-15T00:00:00.000Z,2026-02-15T00:00:00.000Z
6a23bf11d8b02e5181455b0b,6a23bf0fd8b02e5181455353,Phan Công Phúc,khachhang1780727567500@gmail.com,6a1856198db103285a259ca0,Arsenal adidas Kids 26/27 Long Sleeved Home Shirt,2,2080000,4896000,30000,Banking,delivered,Hồ Chí Minh,false,2026-02-15T00:00:00.000Z,2026-02-15T00:00:00.000Z
6a23bf11d8b02e5181455b0e,6a23bf0fd8b02e5181455358,Lý Thúy Yến,khachhang1780727567505@gmail.com,6a1856198db103285a259cb5,Arsenal adidas Kids 26/27 Home Socks,2,512000,4864000,30000,VNPay,shipping,Hồ Chí Minh,false,2026-02-16T00:00:00.000Z,2026-02-16T00:00:00.000Z
6a23bf11d8b02e5181455b0e,6a23bf0fd8b02e5181455358,Lý Thúy Yến,khachhang1780727567505@gmail.com,6a18590b2bc10bb7e5e8643c,Arsenal adidas 26/27 Authentic Home Shirt,1,3840000,4864000,30000,VNPay,shipping,Hồ Chí Minh,false,2026-02-16T00:00:00.000Z,2026-02-16T00:00:00.000Z
6a23bf11d8b02e5181455b11,6a23bf0fd8b02e518145534b,Đặng Ngọc Bảo,khachhang1780727567492@gmail.com,6a1850eb1a7b2fdb0ae87399,Áo Đấu Sân Khách Arsenal 25/26 – Fan Version,2,2200000,5840000,0,COD,cancelled,Đà Nẵng,false,2026-02-16T00:00:00.000Z,2026-02-16T00:00:00.000Z
6a23bf11d8b02e5181455b11,6a23bf0fd8b02e518145534b,Đặng Ngọc Bảo,khachhang1780727567492@gmail.com,6a1856198db103285a259d12,Arsenal adidas 25/26 Third Authentic Alternate Shorts,1,1440000,5840000,0,COD,cancelled,Đà Nẵng,false,2026-02-16T00:00:00.000Z,2026-02-16T00:00:00.000Z
6a23bf11d8b02e5181455b14,6a23bf0fd8b02e5181455358,Lý Thúy Yến,khachhang1780727567505@gmail.com,6a1856198db103285a259cfa,Arsenal adidas 25/26 Away Shorts,2,1216000,2432000,0,COD,cancelled,Hồ Chí Minh,false,2026-02-17T00:00:00.000Z,2026-02-17T00:00:00.000Z
6a23bf11d8b02e5181455b16,6a23bf0fd8b02e5181455350,Nguyễn Thị Anh,khachhang1780727567497@gmail.com,6a1850eb1a7b2fdb0ae873ae,Quần Tập Luyện Arsenal 25/26 – Training Pants,2,1600000,4480000,0,Momo,delivered,Hà Nội,false,2026-02-17T00:00:00.000Z,2026-02-17T00:00:00.000Z
6a23bf11d8b02e5181455b16,6a23bf0fd8b02e5181455350,Nguyễn Thị Anh,khachhang1780727567497@gmail.com,6a1856198db103285a259d18,Arsenal adidas 25/26 Third Socks,2,640000,4480000,0,Momo,delivered,Hà Nội,false,2026-02-17T00:00:00.000Z,2026-02-17T00:00:00.000Z
6a23bf11d8b02e5181455b19,6a23bf0fd8b02e5181455350,Nguyễn Thị Anh,khachhang1780727567497@gmail.com,69ec674e7fb179301d9a2db6,Tất sân nhà Arsenal 2025-2026,2,750000,1980000,0,VNPay,delivered,Hà Nội,false,2026-02-18T00:00:00.000Z,2026-02-18T00:00:00.000Z
6a23bf11d8b02e5181455b19,6a23bf0fd8b02e5181455350,Nguyễn Thị Anh,khachhang1780727567497@gmail.com,6a1856198db103285a259cd3,Arsenal adidas 26/27 Mini Home Football Size 1,1,480000,1980000,0,VNPay,delivered,Hà Nội,false,2026-02-18T00:00:00.000Z,2026-02-18T00:00:00.000Z
6a23bf11d8b02e5181455b1c,6a23bf0fd8b02e518145534f,Vũ Lan Linh,khachhang1780727567496@gmail.com,6a1850eb1a7b2fdb0ae873b1,Balo Arsenal FC 25/26 – Backpack,2,1200000,6800000,30000,Momo,cancelled,Hồ Chí Minh,false,2026-02-18T00:00:00.000Z,2026-02-18T00:00:00.000Z
6a23bf11d8b02e5181455b1c,6a23bf0fd8b02e518145534f,Vũ Lan Linh,khachhang1780727567496@gmail.com,6a1850eb1a7b2fdb0ae873a2,Áo Đấu Sân Nhà Arsenal 25/26 Nữ,2,2200000,6800000,30000,Momo,cancelled,Hồ Chí Minh,false,2026-02-18T00:00:00.000Z,2026-02-18T00:00:00.000Z
6a23bf11d8b02e5181455b1f,6a23bf0fd8b02e5181455354,Dương Công Long,khachhang1780727567501@gmail.com,69ec674e7fb179301d9a2db9,Mũ Lưỡi Trai Arsenal,2,450000,900000,30000,Momo,shipping,Hồ Chí Minh,false,2026-02-18T00:00:00.000Z,2026-02-18T00:00:00.000Z
6a23bf11d8b02e5181455b21,6a23bf0fd8b02e518145534e,Đỗ Hữu Khoa,khachhang1780727567495@gmail.com,6a18590b2bc10bb7e5e86474,Arsenal adidas 26/27 Home Black Backpack,1,1280000,1730000,0,COD,delivered,Hà Nội,false,2026-02-18T00:00:00.000Z,2026-02-18T00:00:00.000Z
6a23bf11d8b02e5181455b21,6a23bf0fd8b02e518145534e,Đỗ Hữu Khoa,khachhang1780727567495@gmail.com,69ec674e7fb179301d9a2db9,Mũ Lưỡi Trai Arsenal,1,450000,1730000,0,COD,delivered,Hà Nội,false,2026-02-18T00:00:00.000Z,2026-02-18T00:00:00.000Z
6a23bf11d8b02e5181455b24,6a23bf0fd8b02e5181455352,Phạm Đình Thành,khachhang1780727567499@gmail.com,6a1850eb1a7b2fdb0ae87399,Áo Đấu Sân Khách Arsenal 25/26 – Fan Version,1,2200000,4280000,30000,Banking,delivered,Hà Nội,false,2026-02-18T00:00:00.000Z,2026-02-18T00:00:00.000Z
6a23bf11d8b02e5181455b24,6a23bf0fd8b02e5181455352,Phạm Đình Thành,khachhang1780727567499@gmail.com,6a1856198db103285a259cbb,Arsenal adidas Kids 26/27 Long Sleeved Home Goalkeeper Shirt,1,2080000,4280000,30000,Banking,delivered,Hà Nội,false,2026-02-18T00:00:00.000Z,2026-02-18T00:00:00.000Z
6a23bf11d8b02e5181455b27,6a23bf0fd8b02e5181455356,Vũ Công Hùng,khachhang1780727567503@gmail.com,6a1856198db103285a259cbe,Arsenal adidas 26/27 Home Goalkeeper Shorts,1,1216000,1216000,30000,Banking,pending,Hà Nội,false,2026-02-19T00:00:00.000Z,2026-02-19T00:00:00.000Z
6a23bf11d8b02e5181455b29,6a23bf0fd8b02e5181455355,Ngô Thu Hà,khachhang1780727567502@gmail.com,6a1850eb1a7b2fdb0ae873b1,Balo Arsenal FC 25/26 – Backpack,2,1200000,3680000,30000,COD,cancelled,Đà Nẵng,false,2026-02-19T00:00:00.000Z,2026-02-19T00:00:00.000Z
6a23bf11d8b02e5181455b29,6a23bf0fd8b02e5181455355,Ngô Thu Hà,khachhang1780727567502@gmail.com,6a1856198db103285a259d18,Arsenal adidas 25/26 Third Socks,2,640000,3680000,30000,COD,cancelled,Đà Nẵng,false,2026-02-19T00:00:00.000Z,2026-02-19T00:00:00.000Z
6a23bf11d8b02e5181455b2c,6a23bf0fd8b02e5181455346,Võ Hải Đạt,khachhang1780727567487@gmail.com,6a1850eb1a7b2fdb0ae873a5,Áo Tập Arsenal 25/26 – Training Jersey,1,1800000,3400000,0,Momo,delivered,Hồ Chí Minh,false,2026-02-19T00:00:00.000Z,2026-02-19T00:00:00.000Z
6a23bf11d8b02e5181455b2c,6a23bf0fd8b02e5181455346,Võ Hải Đạt,khachhang1780727567487@gmail.com,6a1850eb1a7b2fdb0ae873ba,Bóng Đá Arsenal FC adidas 25/26,2,800000,3400000,0,Momo,delivered,Hồ Chí Minh,false,2026-02-19T00:00:00.000Z,2026-02-19T00:00:00.000Z
6a23bf11d8b02e5181455b2f,6a23bf0fd8b02e5181455346,Võ Hải Đạt,khachhang1780727567487@gmail.com,6a1856198db103285a259caf,Arsenal adidas 26/27 Authentic Alternate Home Shorts,2,1440000,2880000,30000,Momo,shipping,Hồ Chí Minh,false,2026-02-19T00:00:00.000Z,2026-02-19T00:00:00.000Z
6a23bf11d8b02e5181455b31,6a23bf0fd8b02e5181455351,Lý Thúy Trang,khachhang1780727567498@gmail.com,6a18590b2bc10bb7e5e86474,Arsenal adidas 26/27 Home Black Backpack,1,1280000,4160000,30000,Banking,delivered,Đà Nẵng,false,2026-02-20T00:00:00.000Z,2026-02-20T00:00:00.000Z
6a23bf11d8b02e5181455b31,6a23bf0fd8b02e5181455351,Lý Thúy Trang,khachhang1780727567498@gmail.com,6a1856198db103285a259d12,Arsenal adidas 25/26 Third Authentic Alternate Shorts,2,1440000,4160000,30000,Banking,delivered,Đà Nẵng,false,2026-02-20T00:00:00.000Z,2026-02-20T00:00:00.000Z
6a23bf11d8b02e5181455b34,6a23bf0fd8b02e518145534e,Đỗ Hữu Khoa,khachhang1780727567495@gmail.com,69ec674e7fb179301d9a2db9,Mũ Lưỡi Trai Arsenal,2,450000,900000,30000,COD,delivered,Hà Nội,false,2026-02-20T00:00:00.000Z,2026-02-20T00:00:00.000Z
6a23bf11d8b02e5181455b36,6a23bf0fd8b02e518145534e,Đỗ Hữu Khoa,khachhang1780727567495@gmail.com,6a1856198db103285a259ca3,Arsenal adidas 26/27 Home Baby Kit,1,1280000,1280000,30000,VNPay,shipping,Hà Nội,false,2026-02-20T00:00:00.000Z,2026-02-20T00:00:00.000Z
6a23bf11d8b02e5181455b38,6a23bf0fd8b02e518145534c,Võ Đức Cường,khachhang1780727567493@gmail.com,6a1856198db103285a259cf1,Arsenal adidas Kids 25/26 Away Shirt,2,1920000,7440000,30000,Banking,delivered,Đà Nẵng,false,2026-02-21T00:00:00.000Z,2026-02-21T00:00:00.000Z
6a23bf11d8b02e5181455b38,6a23bf0fd8b02e518145534c,Võ Đức Cường,khachhang1780727567493@gmail.com,6a1850eb1a7b2fdb0ae873a5,Áo Tập Arsenal 25/26 – Training Jersey,2,1800000,7440000,30000,Banking,delivered,Đà Nẵng,false,2026-02-21T00:00:00.000Z,2026-02-21T00:00:00.000Z
6a23bf11d8b02e5181455b3b,6a23bf0fd8b02e5181455358,Lý Thúy Yến,khachhang1780727567505@gmail.com,6a1850eb1a7b2fdb0ae873ae,Quần Tập Luyện Arsenal 25/26 – Training Pants,2,1600000,7360000,30000,Banking,delivered,Hồ Chí Minh,false,2026-02-21T00:00:00.000Z,2026-02-21T00:00:00.000Z
6a23bf11d8b02e5181455b3b,6a23bf0fd8b02e5181455358,Lý Thúy Yến,khachhang1780727567505@gmail.com,6a1856198db103285a259c97,Arsenal adidas 26/27 Authentic Home Long Sleeved Shirt,1,4160000,7360000,30000,Banking,delivered,Hồ Chí Minh,false,2026-02-21T00:00:00.000Z,2026-02-21T00:00:00.000Z
6a23bf11d8b02e5181455b3e,6a23bf0fd8b02e518145534c,Võ Đức Cường,khachhang1780727567493@gmail.com,6a18590b2bc10bb7e5e86496,Arsenal adidas Kids 25/26 Away Shorts,1,960000,4800000,0,Banking,shipping,Đà Nẵng,false,2026-02-22T00:00:00.000Z,2026-02-22T00:00:00.000Z
6a23bf11d8b02e5181455b3e,6a23bf0fd8b02e518145534c,Võ Đức Cường,khachhang1780727567493@gmail.com,6a18590b2bc10bb7e5e8643c,Arsenal adidas 26/27 Authentic Home Shirt,1,3840000,4800000,0,Banking,shipping,Đà Nẵng,false,2026-02-22T00:00:00.000Z,2026-02-22T00:00:00.000Z
6a23bf11d8b02e5181455b41,6a23bf0fd8b02e5181455348,Võ Bích Hà,khachhang1780727567489@gmail.com,6a1850ea1a7b2fdb0ae87393,Áo Đấu Sân Nhà Arsenal 25/26 – Authentic,1,3000000,4500000,30000,Banking,delivered,Đà Nẵng,false,2026-02-22T00:00:00.000Z,2026-02-22T00:00:00.000Z
6a23bf11d8b02e5181455b41,6a23bf0fd8b02e5181455348,Võ Bích Hà,khachhang1780727567489@gmail.com,69ec674e7fb179301d9a2db6,Tất sân nhà Arsenal 2025-2026,2,750000,4500000,30000,Banking,delivered,Đà Nẵng,false,2026-02-22T00:00:00.000Z,2026-02-22T00:00:00.000Z
6a23bf11d8b02e5181455b44,6a23bf0fd8b02e5181455355,Ngô Thu Hà,khachhang1780727567502@gmail.com,6a1856198db103285a259c97,Arsenal adidas 26/27 Authentic Home Long Sleeved Shirt,2,4160000,10520000,30000,VNPay,delivered,Đà Nẵng,false,2026-02-22T00:00:00.000Z,2026-02-22T00:00:00.000Z
6a23bf11d8b02e5181455b44,6a23bf0fd8b02e5181455355,Ngô Thu Hà,khachhang1780727567502@gmail.com,6a1850ea1a7b2fdb0ae87396,Áo Đấu Sân Nhà Arsenal 25/26 – Fan Version,1,2200000,10520000,30000,VNPay,delivered,Đà Nẵng,false,2026-02-22T00:00:00.000Z,2026-02-22T00:00:00.000Z
6a23bf11d8b02e5181455b47,6a23bf0fd8b02e5181455349,Võ Mỹ Trang,khachhang1780727567490@gmail.com,6a1856198db103285a259c9d,Arsenal adidas 26/27 Home Long Sleeved Shirt,2,2880000,5760000,30000,VNPay,pending,Hồ Chí Minh,false,2026-02-22T00:00:00.000Z,2026-02-22T00:00:00.000Z
6a23bf11d8b02e5181455b49,6a23bf0fd8b02e5181455353,Phan Công Phúc,khachhang1780727567500@gmail.com,6a18590b2bc10bb7e5e8643c,Arsenal adidas 26/27 Authentic Home Shirt,2,3840000,10560000,30000,Banking,delivered,Hồ Chí Minh,false,2026-02-22T00:00:00.000Z,2026-02-22T00:00:00.000Z
6a23bf11d8b02e5181455b49,6a23bf0fd8b02e5181455353,Phan Công Phúc,khachhang1780727567500@gmail.com,6a1856198db103285a259cfd,Arsenal adidas 25/26 Authentic Alternate Away Shorts,2,1440000,10560000,30000,Banking,delivered,Hồ Chí Minh,false,2026-02-22T00:00:00.000Z,2026-02-22T00:00:00.000Z
6a23bf11d8b02e5181455b4c,6a23bf0fd8b02e518145534c,Võ Đức Cường,khachhang1780727567493@gmail.com,6a1850eb1a7b2fdb0ae8739c,Áo Đấu Sân Khách Arsenal 25/26 – Authentic,1,3000000,3000000,0,VNPay,delivered,Đà Nẵng,false,2026-02-22T00:00:00.000Z,2026-02-22T00:00:00.000Z
6a23bf11d8b02e5181455b4e,6a23bf0fd8b02e518145534a,Lý Thanh Linh,khachhang1780727567491@gmail.com,6a18590b2bc10bb7e5e86446,Arsenal adidas Womens 26/27 Home Shirt,1,2720000,2720000,0,VNPay,delivered,Hồ Chí Minh,false,2026-02-22T00:00:00.000Z,2026-02-22T00:00:00.000Z
6a23bf11d8b02e5181455b50,6a23bf0fd8b02e5181455351,Lý Thúy Trang,khachhang1780727567498@gmail.com,6a1856198db103285a259d15,Arsenal adidas Kids 25/26 Third Goalkeeper Shirt,2,1920000,5120000,30000,Momo,cancelled,Đà Nẵng,false,2026-02-22T00:00:00.000Z,2026-02-22T00:00:00.000Z
6a23bf11d8b02e5181455b50,6a23bf0fd8b02e5181455351,Lý Thúy Trang,khachhang1780727567498@gmail.com,6a18590b2bc10bb7e5e86474,Arsenal adidas 26/27 Home Black Backpack,1,1280000,5120000,30000,Momo,cancelled,Đà Nẵng,false,2026-02-22T00:00:00.000Z,2026-02-22T00:00:00.000Z
6a23bf11d8b02e5181455b53,6a23bf0fd8b02e5181455351,Lý Thúy Trang,khachhang1780727567498@gmail.com,6a1850eb1a7b2fdb0ae8739c,Áo Đấu Sân Khách Arsenal 25/26 – Authentic,2,3000000,10160000,0,Momo,shipping,Đà Nẵng,false,2026-02-22T00:00:00.000Z,2026-02-22T00:00:00.000Z
6a23bf11d8b02e5181455b53,6a23bf0fd8b02e5181455351,Lý Thúy Trang,khachhang1780727567498@gmail.com,6a1856198db103285a259c9a,Arsenal adidas Womens 26/27 Authentic Home Long Sleeved Shirt,1,4160000,10160000,0,Momo,shipping,Đà Nẵng,false,2026-02-22T00:00:00.000Z,2026-02-22T00:00:00.000Z
6a23bf11d8b02e5181455b56,6a23bf0fd8b02e5181455355,Ngô Thu Hà,khachhang1780727567502@gmail.com,6a1850eb1a7b2fdb0ae87399,Áo Đấu Sân Khách Arsenal 25/26 – Fan Version,1,2200000,2200000,0,Momo,pending,Đà Nẵng,false,2026-02-23T00:00:00.000Z,2026-02-23T00:00:00.000Z
6a23bf11d8b02e5181455b58,6a23bf0fd8b02e5181455346,Võ Hải Đạt,khachhang1780727567487@gmail.com,6a18590b2bc10bb7e5e86479,Arsenal adidas 26/27 Home Football Size 5,1,640000,3200000,30000,VNPay,shipping,Hồ Chí Minh,false,2026-02-23T00:00:00.000Z,2026-02-23T00:00:00.000Z
6a23bf11d8b02e5181455b58,6a23bf0fd8b02e5181455346,Võ Hải Đạt,khachhang1780727567487@gmail.com,6a1856198db103285a259c85,Arsenal adidas Kids 26/27 Authentic Home Shirt,1,2560000,3200000,30000,VNPay,shipping,Hồ Chí Minh,false,2026-02-23T00:00:00.000Z,2026-02-23T00:00:00.000Z
6a23bf11d8b02e5181455b5b,6a23bf0fd8b02e5181455356,Vũ Công Hùng,khachhang1780727567503@gmail.com,6a1856198db103285a259cb8,Arsenal adidas 26/27 Home Goalkeeper Shirt,1,2720000,5600000,0,VNPay,delivered,Hà Nội,false,2026-02-23T00:00:00.000Z,2026-02-23T00:00:00.000Z
6a23bf11d8b02e5181455b5b,6a23bf0fd8b02e5181455356,Vũ Công Hùng,khachhang1780727567503@gmail.com,6a1856198db103285a259caf,Arsenal adidas 26/27 Authentic Alternate Home Shorts,2,1440000,5600000,0,VNPay,delivered,Hà Nội,false,2026-02-23T00:00:00.000Z,2026-02-23T00:00:00.000Z
6a23bf11d8b02e5181455b5e,6a23bf0fd8b02e5181455354,Dương Công Long,khachhang1780727567501@gmail.com,6a1856198db103285a259cb8,Arsenal adidas 26/27 Home Goalkeeper Shirt,1,2720000,2720000,0,Banking,delivered,Hồ Chí Minh,false,2026-02-23T00:00:00.000Z,2026-02-23T00:00:00.000Z
6a23bf11d8b02e5181455b60,6a23bf0fd8b02e5181455346,Võ Hải Đạt,khachhang1780727567487@gmail.com,6a18590b2bc10bb7e5e86443,Arsenal adidas 26/27 Home Shirt,2,2720000,5440000,30000,Banking,delivered,Hồ Chí Minh,false,2026-02-23T00:00:00.000Z,2026-02-23T00:00:00.000Z
6a23bf11d8b02e5181455b62,6a23bf0fd8b02e5181455358,Lý Thúy Yến,khachhang1780727567505@gmail.com,6a1856198db103285a259cc4,Arsenal adidas 26/27 Home Goalkeeper Socks,2,640000,1280000,0,Momo,delivered,Hồ Chí Minh,false,2026-02-23T00:00:00.000Z,2026-02-23T00:00:00.000Z
6a23bf11d8b02e5181455b64,6a23bf0fd8b02e518145534b,Đặng Ngọc Bảo,khachhang1780727567492@gmail.com,6a1856198db103285a259cac,Arsenal adidas 26/27 Authentic Home Shorts,1,1440000,3040000,30000,VNPay,pending,Đà Nẵng,false,2026-02-23T00:00:00.000Z,2026-02-23T00:00:00.000Z
6a23bf11d8b02e5181455b64,6a23bf0fd8b02e518145534b,Đặng Ngọc Bảo,khachhang1780727567492@gmail.com,6a1856198db103285a259ceb,Arsenal adidas 25/26 Away Mini Kit,1,1600000,3040000,30000,VNPay,pending,Đà Nẵng,false,2026-02-23T00:00:00.000Z,2026-02-23T00:00:00.000Z
6a23bf11d8b02e5181455b67,6a23bf0fd8b02e5181455356,Vũ Công Hùng,khachhang1780727567503@gmail.com,6a1850ea1a7b2fdb0ae87393,Áo Đấu Sân Nhà Arsenal 25/26 – Authentic,2,3000000,6450000,30000,VNPay,pending,Hà Nội,false,2026-02-24T00:00:00.000Z,2026-02-24T00:00:00.000Z
6a23bf11d8b02e5181455b67,6a23bf0fd8b02e5181455356,Vũ Công Hùng,khachhang1780727567503@gmail.com,69ec674e7fb179301d9a2db9,Mũ Lưỡi Trai Arsenal,1,450000,6450000,30000,VNPay,pending,Hà Nội,false,2026-02-24T00:00:00.000Z,2026-02-24T00:00:00.000Z
6a23bf11d8b02e5181455b6a,6a23bf0fd8b02e5181455351,Lý Thúy Trang,khachhang1780727567498@gmail.com,69ec674e7fb179301d9a2db9,Mũ Lưỡi Trai Arsenal,1,450000,3010000,0,COD,delivered,Đà Nẵng,false,2026-02-24T00:00:00.000Z,2026-02-24T00:00:00.000Z
6a23bf11d8b02e5181455b6a,6a23bf0fd8b02e5181455351,Lý Thúy Trang,khachhang1780727567498@gmail.com,6a1856198db103285a259ccd,Arsenal adidas 26/27 Red Backpack,2,1280000,3010000,0,COD,delivered,Đà Nẵng,false,2026-02-24T00:00:00.000Z,2026-02-24T00:00:00.000Z
6a23bf11d8b02e5181455b6d,6a23bf0fd8b02e518145534b,Đặng Ngọc Bảo,khachhang1780727567492@gmail.com,6a1856198db103285a259c85,Arsenal adidas Kids 26/27 Authentic Home Shirt,1,2560000,2560000,30000,VNPay,delivered,Đà Nẵng,false,2026-02-24T00:00:00.000Z,2026-02-24T00:00:00.000Z
6a23bf11d8b02e5181455b6f,6a23bf0fd8b02e518145534a,Lý Thanh Linh,khachhang1780727567491@gmail.com,6a1856198db103285a259c97,Arsenal adidas 26/27 Authentic Home Long Sleeved Shirt,2,4160000,12920000,0,VNPay,shipping,Hồ Chí Minh,false,2026-02-24T00:00:00.000Z,2026-02-24T00:00:00.000Z
6a23bf11d8b02e5181455b6f,6a23bf0fd8b02e518145534a,Lý Thanh Linh,khachhang1780727567491@gmail.com,6a1850eb1a7b2fdb0ae873a8,Áo Khoác Anthem Arsenal Z.N.E. 25/26,2,2300000,12920000,0,VNPay,shipping,Hồ Chí Minh,false,2026-02-24T00:00:00.000Z,2026-02-24T00:00:00.000Z
6a23bf11d8b02e5181455b72,6a23bf0fd8b02e5181455354,Dương Công Long,khachhang1780727567501@gmail.com,6a18590b2bc10bb7e5e86491,Arsenal adidas 25/26 Authentic Away Shirt,2,3840000,9120000,30000,Banking,shipping,Hồ Chí Minh,false,2026-02-24T00:00:00.000Z,2026-02-24T00:00:00.000Z
6a23bf11d8b02e5181455b72,6a23bf0fd8b02e5181455354,Dương Công Long,khachhang1780727567501@gmail.com,6a1856198db103285a259caf,Arsenal adidas 26/27 Authentic Alternate Home Shorts,1,1440000,9120000,30000,Banking,shipping,Hồ Chí Minh,false,2026-02-24T00:00:00.000Z,2026-02-24T00:00:00.000Z
6a23bf11d8b02e5181455b75,6a23bf0fd8b02e5181455356,Vũ Công Hùng,khachhang1780727567503@gmail.com,6a1856198db103285a259c85,Arsenal adidas Kids 26/27 Authentic Home Shirt,2,2560000,7040000,0,Momo,shipping,Hà Nội,false,2026-02-24T00:00:00.000Z,2026-02-24T00:00:00.000Z
6a23bf11d8b02e5181455b75,6a23bf0fd8b02e5181455356,Vũ Công Hùng,khachhang1780727567503@gmail.com,6a1856198db103285a259cc1,Arsenal adidas Kids 26/27 Home Goalkeeper Shorts,2,960000,7040000,0,Momo,shipping,Hà Nội,false,2026-02-24T00:00:00.000Z,2026-02-24T00:00:00.000Z
6a23bf11d8b02e5181455b78,6a23bf0fd8b02e5181455355,Ngô Thu Hà,khachhang1780727567502@gmail.com,6a1856198db103285a259cbe,Arsenal adidas 26/27 Home Goalkeeper Shorts,1,1216000,2496000,30000,COD,delivered,Đà Nẵng,false,2026-02-25T00:00:00.000Z,2026-02-25T00:00:00.000Z
6a23bf11d8b02e5181455b78,6a23bf0fd8b02e5181455355,Ngô Thu Hà,khachhang1780727567502@gmail.com,6a1856198db103285a259d18,Arsenal adidas 25/26 Third Socks,2,640000,2496000,30000,COD,delivered,Đà Nẵng,false,2026-02-25T00:00:00.000Z,2026-02-25T00:00:00.000Z
6a23bf11d8b02e5181455b7b,6a23bf0fd8b02e518145534d,Đặng Hải Tuấn,khachhang1780727567494@gmail.com,6a18590b2bc10bb7e5e86463,Arsenal adidas 26/27 Home Socks,1,640000,2560000,30000,COD,delivered,Hồ Chí Minh,false,2026-02-25T00:00:00.000Z,2026-02-25T00:00:00.000Z
6a23bf11d8b02e5181455b7b,6a23bf0fd8b02e518145534d,Đặng Hải Tuấn,khachhang1780727567494@gmail.com,6a1856198db103285a259d15,Arsenal adidas Kids 25/26 Third Goalkeeper Shirt,1,1920000,2560000,30000,COD,delivered,Hồ Chí Minh,false,2026-02-25T00:00:00.000Z,2026-02-25T00:00:00.000Z
6a23bf11d8b02e5181455b7e,6a23bf0fd8b02e5181455359,Dương Hồng Hà,khachhang1780727567506@gmail.com,6a1850eb1a7b2fdb0ae873ba,Bóng Đá Arsenal FC adidas 25/26,2,800000,1600000,30000,COD,shipping,Đà Nẵng,false,2026-02-25T00:00:00.000Z,2026-02-25T00:00:00.000Z
6a23bf11d8b02e5181455b80,6a23bf0fd8b02e5181455347,Phạm Đức Thành,khachhang1780727567488@gmail.com,6a1856198db103285a259d06,Arsenal adidas 25/26 Third Shorts,1,1216000,6336000,30000,COD,delivered,Hà Nội,false,2026-02-25T00:00:00.000Z,2026-02-25T00:00:00.000Z
6a23bf11d8b02e5181455b80,6a23bf0fd8b02e5181455347,Phạm Đức Thành,khachhang1780727567488@gmail.com,6a1856198db103285a259c85,Arsenal adidas Kids 26/27 Authentic Home Shirt,2,2560000,6336000,30000,COD,delivered,Hà Nội,false,2026-02-25T00:00:00.000Z,2026-02-25T00:00:00.000Z
6a23bf11d8b02e5181455b83,6a23bf0fd8b02e5181455349,Võ Mỹ Trang,khachhang1780727567490@gmail.com,6a18590b2bc10bb7e5e864a0,Arsenal adidas 25/26 Third Shirt,1,2720000,8720000,30000,Momo,delivered,Hồ Chí Minh,false,2026-02-26T00:00:00.000Z,2026-02-26T00:00:00.000Z
6a23bf11d8b02e5181455b83,6a23bf0fd8b02e5181455349,Võ Mỹ Trang,khachhang1780727567490@gmail.com,6a1850eb1a7b2fdb0ae8739c,Áo Đấu Sân Khách Arsenal 25/26 – Authentic,2,3000000,8720000,30000,Momo,delivered,Hồ Chí Minh,false,2026-02-26T00:00:00.000Z,2026-02-26T00:00:00.000Z
6a23bf11d8b02e5181455b86,6a23bf0fd8b02e518145534a,Lý Thanh Linh,khachhang1780727567491@gmail.com,6a1850eb1a7b2fdb0ae873ab,Áo Hoodie Arsenal Essentials 25/26,1,1900000,1900000,0,Banking,delivered,Hồ Chí Minh,false,2026-02-27T00:00:00.000Z,2026-02-27T00:00:00.000Z
6a23bf11d8b02e5181455b88,6a23bf0fd8b02e5181455346,Võ Hải Đạt,khachhang1780727567487@gmail.com,6a18590b2bc10bb7e5e8643c,Arsenal adidas 26/27 Authentic Home Shirt,1,3840000,5280000,0,Momo,pending,Hồ Chí Minh,false,2026-02-28T00:00:00.000Z,2026-02-28T00:00:00.000Z
6a23bf11d8b02e5181455b88,6a23bf0fd8b02e5181455346,Võ Hải Đạt,khachhang1780727567487@gmail.com,6a1856198db103285a259d12,Arsenal adidas 25/26 Third Authentic Alternate Shorts,1,1440000,5280000,0,Momo,pending,Hồ Chí Minh,false,2026-02-28T00:00:00.000Z,2026-02-28T00:00:00.000Z
6a23bf11d8b02e5181455b8b,6a23bf0fd8b02e5181455353,Phan Công Phúc,khachhang1780727567500@gmail.com,6a1856198db103285a259caf,Arsenal adidas 26/27 Authentic Alternate Home Shorts,1,1440000,3360000,30000,Momo,delivered,Hồ Chí Minh,false,2026-03-01T00:00:00.000Z,2026-03-01T00:00:00.000Z
6a23bf11d8b02e5181455b8b,6a23bf0fd8b02e5181455353,Phan Công Phúc,khachhang1780727567500@gmail.com,6a1856198db103285a259cc1,Arsenal adidas Kids 26/27 Home Goalkeeper Shorts,2,960000,3360000,30000,Momo,delivered,Hồ Chí Minh,false,2026-03-01T00:00:00.000Z,2026-03-01T00:00:00.000Z
6a23bf11d8b02e5181455b8e,6a23bf0fd8b02e518145534f,Vũ Lan Linh,khachhang1780727567496@gmail.com,6a1856198db103285a259cc4,Arsenal adidas 26/27 Home Goalkeeper Socks,1,640000,5040000,30000,COD,cancelled,Hồ Chí Minh,false,2026-03-01T00:00:00.000Z,2026-03-01T00:00:00.000Z
6a23bf11d8b02e5181455b8e,6a23bf0fd8b02e518145534f,Vũ Lan Linh,khachhang1780727567496@gmail.com,6a1850eb1a7b2fdb0ae87399,Áo Đấu Sân Khách Arsenal 25/26 – Fan Version,2,2200000,5040000,30000,COD,cancelled,Hồ Chí Minh,false,2026-03-01T00:00:00.000Z,2026-03-01T00:00:00.000Z
6a23bf11d8b02e5181455b91,6a23bf0fd8b02e5181455358,Lý Thúy Yến,khachhang1780727567505@gmail.com,6a1856198db103285a259cb8,Arsenal adidas 26/27 Home Goalkeeper Shirt,2,2720000,7072000,30000,VNPay,delivered,Hồ Chí Minh,false,2026-03-01T00:00:00.000Z,2026-03-01T00:00:00.000Z
6a23bf11d8b02e5181455b91,6a23bf0fd8b02e5181455358,Lý Thúy Yến,khachhang1780727567505@gmail.com,6a1856198db103285a259d0c,Arsenal 25/26 Third Goalkeeper Shirt,1,1632000,7072000,30000,VNPay,delivered,Hồ Chí Minh,false,2026-03-01T00:00:00.000Z,2026-03-01T00:00:00.000Z
6a23bf11d8b02e5181455b94,6a23bf0fd8b02e5181455356,Vũ Công Hùng,khachhang1780727567503@gmail.com,6a1850eb1a7b2fdb0ae873ba,Bóng Đá Arsenal FC adidas 25/26,2,800000,4160000,0,Momo,shipping,Hà Nội,false,2026-03-01T00:00:00.000Z,2026-03-01T00:00:00.000Z
6a23bf11d8b02e5181455b94,6a23bf0fd8b02e5181455356,Vũ Công Hùng,khachhang1780727567503@gmail.com,6a1856198db103285a259ca3,Arsenal adidas 26/27 Home Baby Kit,2,1280000,4160000,0,Momo,shipping,Hà Nội,false,2026-03-01T00:00:00.000Z,2026-03-01T00:00:00.000Z
6a23bf11d8b02e5181455b97,6a23bf0fd8b02e5181455355,Ngô Thu Hà,khachhang1780727567502@gmail.com,6a18590b2bc10bb7e5e86480,Arsenal adidas 26/27 Red Home Cap,1,640000,640000,30000,Banking,delivered,Đà Nẵng,false,2026-03-01T00:00:00.000Z,2026-03-01T00:00:00.000Z
6a23bf11d8b02e5181455b99,6a23bf0fd8b02e5181455355,Ngô Thu Hà,khachhang1780727567502@gmail.com,6a1856198db103285a259d12,Arsenal adidas 25/26 Third Authentic Alternate Shorts,2,1440000,4160000,30000,COD,shipping,Đà Nẵng,false,2026-03-01T00:00:00.000Z,2026-03-01T00:00:00.000Z
6a23bf11d8b02e5181455b99,6a23bf0fd8b02e5181455355,Ngô Thu Hà,khachhang1780727567502@gmail.com,6a18590b2bc10bb7e5e86483,Arsenal adidas 26/27 White Home Cap,2,640000,4160000,30000,COD,shipping,Đà Nẵng,false,2026-03-01T00:00:00.000Z,2026-03-01T00:00:00.000Z
6a23bf11d8b02e5181455b9c,6a23bf0fd8b02e518145534b,Đặng Ngọc Bảo,khachhang1780727567492@gmail.com,6a18590b2bc10bb7e5e86474,Arsenal adidas 26/27 Home Black Backpack,2,1280000,5440000,30000,Momo,delivered,Đà Nẵng,false,2026-03-01T00:00:00.000Z,2026-03-01T00:00:00.000Z
6a23bf11d8b02e5181455b9c,6a23bf0fd8b02e518145534b,Đặng Ngọc Bảo,khachhang1780727567492@gmail.com,6a1856198db103285a259d12,Arsenal adidas 25/26 Third Authentic Alternate Shorts,2,1440000,5440000,30000,Momo,delivered,Đà Nẵng,false,2026-03-01T00:00:00.000Z,2026-03-01T00:00:00.000Z
6a23bf11d8b02e5181455b9f,6a23bf0fd8b02e5181455348,Võ Bích Hà,khachhang1780727567489@gmail.com,6a18590b2bc10bb7e5e86496,Arsenal adidas Kids 25/26 Away Shorts,1,960000,5360000,30000,VNPay,pending,Đà Nẵng,false,2026-03-01T00:00:00.000Z,2026-03-01T00:00:00.000Z
6a23bf11d8b02e5181455b9f,6a23bf0fd8b02e5181455348,Võ Bích Hà,khachhang1780727567489@gmail.com,6a1850eb1a7b2fdb0ae873a2,Áo Đấu Sân Nhà Arsenal 25/26 Nữ,2,2200000,5360000,30000,VNPay,pending,Đà Nẵng,false,2026-03-01T00:00:00.000Z,2026-03-01T00:00:00.000Z
6a23bf11d8b02e5181455ba2,6a23bf0fd8b02e518145534a,Lý Thanh Linh,khachhang1780727567491@gmail.com,6a1856198db103285a259cc7,Arsenal adidas Kids 26/27 Home Goalkeeper Socks,1,512000,1792000,30000,COD,delivered,Hồ Chí Minh,false,2026-03-02T00:00:00.000Z,2026-03-02T00:00:00.000Z
6a23bf11d8b02e5181455ba2,6a23bf0fd8b02e518145534a,Lý Thanh Linh,khachhang1780727567491@gmail.com,6a1856198db103285a259ca3,Arsenal adidas 26/27 Home Baby Kit,1,1280000,1792000,30000,COD,delivered,Hồ Chí Minh,false,2026-03-02T00:00:00.000Z,2026-03-02T00:00:00.000Z
6a23bf11d8b02e5181455ba5,6a23bf0fd8b02e518145534a,Lý Thanh Linh,khachhang1780727567491@gmail.com,6a1856198db103285a259cd3,Arsenal adidas 26/27 Mini Home Football Size 1,1,480000,1120000,30000,Momo,pending,Hồ Chí Minh,false,2026-03-02T00:00:00.000Z,2026-03-02T00:00:00.000Z
6a23bf11d8b02e5181455ba5,6a23bf0fd8b02e518145534a,Lý Thanh Linh,khachhang1780727567491@gmail.com,6a18590b2bc10bb7e5e86463,Arsenal adidas 26/27 Home Socks,1,640000,1120000,30000,Momo,pending,Hồ Chí Minh,false,2026-03-02T00:00:00.000Z,2026-03-02T00:00:00.000Z
6a23bf11d8b02e5181455ba8,6a23bf0fd8b02e5181455347,Phạm Đức Thành,khachhang1780727567488@gmail.com,6a18590b2bc10bb7e5e864a0,Arsenal adidas 25/26 Third Shirt,1,2720000,8160000,0,Banking,delivered,Hà Nội,false,2026-03-02T00:00:00.000Z,2026-03-02T00:00:00.000Z
6a23bf11d8b02e5181455ba8,6a23bf0fd8b02e5181455347,Phạm Đức Thành,khachhang1780727567488@gmail.com,6a1856198db103285a259cb8,Arsenal adidas 26/27 Home Goalkeeper Shirt,2,2720000,8160000,0,Banking,delivered,Hà Nội,false,2026-03-02T00:00:00.000Z,2026-03-02T00:00:00.000Z
6a23bf11d8b02e5181455bab,6a23bf0fd8b02e518145534f,Vũ Lan Linh,khachhang1780727567496@gmail.com,6a1850eb1a7b2fdb0ae873bd,Tất Sân Khách Arsenal 25/26 – Away Socks,2,350000,1450000,30000,Momo,delivered,Hồ Chí Minh,false,2026-03-02T00:00:00.000Z,2026-03-02T00:00:00.000Z
6a23bf11d8b02e5181455bab,6a23bf0fd8b02e518145534f,Vũ Lan Linh,khachhang1780727567496@gmail.com,69ec674e7fb179301d9a2db6,Tất sân nhà Arsenal 2025-2026,1,750000,1450000,30000,Momo,delivered,Hồ Chí Minh,false,2026-03-02T00:00:00.000Z,2026-03-02T00:00:00.000Z
6a23bf11d8b02e5181455bae,6a23bf0fd8b02e5181455348,Võ Bích Hà,khachhang1780727567489@gmail.com,6a18590b2bc10bb7e5e8648c,Arsenal adidas 25/26 Away Shirt,2,2720000,13120000,30000,Banking,cancelled,Đà Nẵng,false,2026-03-02T00:00:00.000Z,2026-03-02T00:00:00.000Z
6a23bf11d8b02e5181455bae,6a23bf0fd8b02e5181455348,Võ Bích Hà,khachhang1780727567489@gmail.com,6a1856198db103285a259c82,Arsenal adidas Womens 26/27 Authentic Home Shirt,2,3840000,13120000,30000,Banking,cancelled,Đà Nẵng,false,2026-03-02T00:00:00.000Z,2026-03-02T00:00:00.000Z
6a23bf11d8b02e5181455bb1,6a23bf0fd8b02e5181455357,Hồ Hải Đạt,khachhang1780727567504@gmail.com,6a1850eb1a7b2fdb0ae873a2,Áo Đấu Sân Nhà Arsenal 25/26 Nữ,1,2200000,5080000,0,Momo,delivered,Hà Nội,false,2026-03-02T00:00:00.000Z,2026-03-02T00:00:00.000Z
6a23bf11d8b02e5181455bb1,6a23bf0fd8b02e5181455357,Hồ Hải Đạt,khachhang1780727567504@gmail.com,6a1856198db103285a259d12,Arsenal adidas 25/26 Third Authentic Alternate Shorts,2,1440000,5080000,0,Momo,delivered,Hà Nội,false,2026-03-02T00:00:00.000Z,2026-03-02T00:00:00.000Z
6a23bf11d8b02e5181455bb4,6a23bf0fd8b02e5181455347,Phạm Đức Thành,khachhang1780727567488@gmail.com,6a1856198db103285a259d09,Arsenal adidas 25/26 Third Mini Kit,1,1600000,1600000,30000,VNPay,delivered,Hà Nội,false,2026-03-02T00:00:00.000Z,2026-03-02T00:00:00.000Z
6a23bf11d8b02e5181455bb6,6a23bf0fd8b02e5181455349,Võ Mỹ Trang,khachhang1780727567490@gmail.com,6a1850eb1a7b2fdb0ae873b4,Mũ Bóng Chày Arsenal FC 25/26 – Cap,1,600000,600000,0,Banking,delivered,Hồ Chí Minh,false,2026-03-02T00:00:00.000Z,2026-03-02T00:00:00.000Z
6a23bf11d8b02e5181455bb8,6a23bf0fd8b02e518145534a,Lý Thanh Linh,khachhang1780727567491@gmail.com,6a1856198db103285a259d0f,Arsenal adidas Kids 25/26 Third Shorts,1,960000,960000,30000,COD,delivered,Hồ Chí Minh,false,2026-03-03T00:00:00.000Z,2026-03-03T00:00:00.000Z
6a23bf11d8b02e5181455bba,6a23bf0fd8b02e5181455348,Võ Bích Hà,khachhang1780727567489@gmail.com,6a1856198db103285a259d12,Arsenal adidas 25/26 Third Authentic Alternate Shorts,2,1440000,2880000,30000,Banking,pending,Đà Nẵng,false,2026-03-03T00:00:00.000Z,2026-03-03T00:00:00.000Z
6a23bf11d8b02e5181455bbc,6a23bf0fd8b02e5181455346,Võ Hải Đạt,khachhang1780727567487@gmail.com,6a1850eb1a7b2fdb0ae873ba,Bóng Đá Arsenal FC adidas 25/26,1,800000,800000,30000,VNPay,delivered,Hồ Chí Minh,false,2026-03-03T00:00:00.000Z,2026-03-03T00:00:00.000Z
6a23bf11d8b02e5181455bbe,6a23bf0fd8b02e5181455351,Lý Thúy Trang,khachhang1780727567498@gmail.com,6a18590b2bc10bb7e5e86483,Arsenal adidas 26/27 White Home Cap,2,640000,1280000,30000,COD,delivered,Đà Nẵng,false,2026-03-03T00:00:00.000Z,2026-03-03T00:00:00.000Z
6a23bf11d8b02e5181455bc0,6a23bf0fd8b02e5181455351,Lý Thúy Trang,khachhang1780727567498@gmail.com,6a1856198db103285a259cd3,Arsenal adidas 26/27 Mini Home Football Size 1,2,480000,3260000,30000,Momo,delivered,Đà Nẵng,false,2026-03-03T00:00:00.000Z,2026-03-03T00:00:00.000Z
6a23bf11d8b02e5181455bc0,6a23bf0fd8b02e5181455351,Lý Thúy Trang,khachhang1780727567498@gmail.com,6a1850eb1a7b2fdb0ae873a8,Áo Khoác Anthem Arsenal Z.N.E. 25/26,1,2300000,3260000,30000,Momo,delivered,Đà Nẵng,false,2026-03-03T00:00:00.000Z,2026-03-03T00:00:00.000Z
6a23bf11d8b02e5181455bc3,6a23bf0fd8b02e5181455349,Võ Mỹ Trang,khachhang1780727567490@gmail.com,6a1850ea1a7b2fdb0ae87393,Áo Đấu Sân Nhà Arsenal 25/26 – Authentic,2,3000000,10160000,30000,COD,delivered,Hồ Chí Minh,false,2026-03-04T00:00:00.000Z,2026-03-04T00:00:00.000Z
6a23bf11d8b02e5181455bc3,6a23bf0fd8b02e5181455349,Võ Mỹ Trang,khachhang1780727567490@gmail.com,6a1856198db103285a259ca0,Arsenal adidas Kids 26/27 Long Sleeved Home Shirt,2,2080000,10160000,30000,COD,delivered,Hồ Chí Minh,false,2026-03-04T00:00:00.000Z,2026-03-04T00:00:00.000Z
6a23bf11d8b02e5181455bc6,6a23bf0fd8b02e5181455346,Võ Hải Đạt,khachhang1780727567487@gmail.com,6a1856198db103285a259d03,Arsenal adidas Kids 25/26 Third Shirt,1,1920000,1920000,30000,COD,shipping,Hồ Chí Minh,false,2026-03-04T00:00:00.000Z,2026-03-04T00:00:00.000Z
6a23bf11d8b02e5181455bc8,6a23bf0fd8b02e5181455354,Dương Công Long,khachhang1780727567501@gmail.com,6a1850eb1a7b2fdb0ae873ba,Bóng Đá Arsenal FC adidas 25/26,1,800000,2700000,30000,COD,shipping,Hồ Chí Minh,false,2026-03-04T00:00:00.000Z,2026-03-04T00:00:00.000Z
6a23bf11d8b02e5181455bc8,6a23bf0fd8b02e5181455354,Dương Công Long,khachhang1780727567501@gmail.com,6a1850eb1a7b2fdb0ae873ab,Áo Hoodie Arsenal Essentials 25/26,1,1900000,2700000,30000,COD,shipping,Hồ Chí Minh,false,2026-03-04T00:00:00.000Z,2026-03-04T00:00:00.000Z
6a23bf11d8b02e5181455bcb,6a23bf0fd8b02e5181455347,Phạm Đức Thành,khachhang1780727567488@gmail.com,6a18590b2bc10bb7e5e8643c,Arsenal adidas 26/27 Authentic Home Shirt,2,3840000,7680000,30000,Momo,delivered,Hà Nội,false,2026-03-04T00:00:00.000Z,2026-03-04T00:00:00.000Z
6a23bf11d8b02e5181455bcd,6a23bf0fd8b02e518145534e,Đỗ Hữu Khoa,khachhang1780727567495@gmail.com,6a1856198db103285a259c9a,Arsenal adidas Womens 26/27 Authentic Home Long Sleeved Shirt,2,4160000,8320000,0,VNPay,delivered,Hà Nội,false,2026-03-04T00:00:00.000Z,2026-03-04T00:00:00.000Z
6a23bf11d8b02e5181455bcf,6a23bf0fd8b02e518145534c,Võ Đức Cường,khachhang1780727567493@gmail.com,6a1850eb1a7b2fdb0ae873a5,Áo Tập Arsenal 25/26 – Training Jersey,2,1800000,3600000,30000,VNPay,delivered,Đà Nẵng,false,2026-03-04T00:00:00.000Z,2026-03-04T00:00:00.000Z
6a23bf11d8b02e5181455bd1,6a23bf0fd8b02e5181455346,Võ Hải Đạt,khachhang1780727567487@gmail.com,6a1850eb1a7b2fdb0ae87399,Áo Đấu Sân Khách Arsenal 25/26 – Fan Version,2,2200000,10400000,30000,Momo,delivered,Hồ Chí Minh,false,2026-03-04T00:00:00.000Z,2026-03-04T00:00:00.000Z
6a23bf11d8b02e5181455bd1,6a23bf0fd8b02e5181455346,Võ Hải Đạt,khachhang1780727567487@gmail.com,6a1850ea1a7b2fdb0ae87393,Áo Đấu Sân Nhà Arsenal 25/26 – Authentic,2,3000000,10400000,30000,Momo,delivered,Hồ Chí Minh,false,2026-03-04T00:00:00.000Z,2026-03-04T00:00:00.000Z
6a23bf11d8b02e5181455bd4,6a23bf0fd8b02e5181455347,Phạm Đức Thành,khachhang1780727567488@gmail.com,6a1856198db103285a259cd3,Arsenal adidas 26/27 Mini Home Football Size 1,1,480000,480000,30000,Banking,delivered,Hà Nội,false,2026-03-04T00:00:00.000Z,2026-03-04T00:00:00.000Z
6a23bf11d8b02e5181455bd6,6a23bf0fd8b02e5181455356,Vũ Công Hùng,khachhang1780727567503@gmail.com,6a1850eb1a7b2fdb0ae873ab,Áo Hoodie Arsenal Essentials 25/26,2,1900000,3800000,30000,VNPay,shipping,Hà Nội,false,2026-03-04T00:00:00.000Z,2026-03-04T00:00:00.000Z
6a23bf11d8b02e5181455bd8,6a23bf0fd8b02e5181455348,Võ Bích Hà,khachhang1780727567489@gmail.com,6a1856198db103285a259c85,Arsenal adidas Kids 26/27 Authentic Home Shirt,1,2560000,10240000,30000,VNPay,delivered,Đà Nẵng,false,2026-03-05T00:00:00.000Z,2026-03-05T00:00:00.000Z
6a23bf11d8b02e5181455bd8,6a23bf0fd8b02e5181455348,Võ Bích Hà,khachhang1780727567489@gmail.com,6a18590b2bc10bb7e5e86491,Arsenal adidas 25/26 Authentic Away Shirt,2,3840000,10240000,30000,VNPay,delivered,Đà Nẵng,false,2026-03-05T00:00:00.000Z,2026-03-05T00:00:00.000Z
6a23bf11d8b02e5181455bdb,6a23bf0fd8b02e5181455348,Võ Bích Hà,khachhang1780727567489@gmail.com,69ec674e7fb179301d9a2db9,Mũ Lưỡi Trai Arsenal,1,450000,450000,30000,Banking,cancelled,Đà Nẵng,false,2026-03-05T00:00:00.000Z,2026-03-05T00:00:00.000Z
6a23bf11d8b02e5181455bdd,6a23bf0fd8b02e518145534b,Đặng Ngọc Bảo,khachhang1780727567492@gmail.com,69ec674e7fb179301d9a2db5,Quần short tập luyện,2,1100000,3160000,0,Momo,delivered,Đà Nẵng,false,2026-03-05T00:00:00.000Z,2026-03-05T00:00:00.000Z
6a23bf11d8b02e5181455bdd,6a23bf0fd8b02e518145534b,Đặng Ngọc Bảo,khachhang1780727567492@gmail.com,6a1856198db103285a259ca9,Arsenal adidas Kids 26/27 Home Shorts,1,960000,3160000,0,Momo,delivered,Đà Nẵng,false,2026-03-05T00:00:00.000Z,2026-03-05T00:00:00.000Z
6a23bf11d8b02e5181455be0,6a23bf0fd8b02e5181455347,Phạm Đức Thành,khachhang1780727567488@gmail.com,69ec674e7fb179301d9a2db5,Quần short tập luyện,1,1100000,1100000,30000,VNPay,shipping,Hà Nội,false,2026-03-05T00:00:00.000Z,2026-03-05T00:00:00.000Z
6a23bf11d8b02e5181455be2,6a23bf0fd8b02e5181455355,Ngô Thu Hà,khachhang1780727567502@gmail.com,6a1850eb1a7b2fdb0ae873ae,Quần Tập Luyện Arsenal 25/26 – Training Pants,2,1600000,3200000,0,Banking,delivered,Đà Nẵng,false,2026-03-05T00:00:00.000Z,2026-03-05T00:00:00.000Z
6a23bf11d8b02e5181455be4,6a23bf0fd8b02e5181455357,Hồ Hải Đạt,khachhang1780727567504@gmail.com,6a1856198db103285a259d0c,Arsenal 25/26 Third Goalkeeper Shirt,1,1632000,4032000,30000,COD,delivered,Hà Nội,false,2026-03-05T00:00:00.000Z,2026-03-05T00:00:00.000Z
6a23bf11d8b02e5181455be4,6a23bf0fd8b02e5181455357,Hồ Hải Đạt,khachhang1780727567504@gmail.com,6a1850eb1a7b2fdb0ae873b1,Balo Arsenal FC 25/26 – Backpack,2,1200000,4032000,30000,COD,delivered,Hà Nội,false,2026-03-05T00:00:00.000Z,2026-03-05T00:00:00.000Z
6a23bf11d8b02e5181455be7,6a23bf0fd8b02e5181455346,Võ Hải Đạt,khachhang1780727567487@gmail.com,6a1856198db103285a259cfd,Arsenal adidas 25/26 Authentic Alternate Away Shorts,2,1440000,6720000,30000,Banking,cancelled,Hồ Chí Minh,false,2026-03-05T00:00:00.000Z,2026-03-05T00:00:00.000Z
6a23bf11d8b02e5181455be7,6a23bf0fd8b02e5181455346,Võ Hải Đạt,khachhang1780727567487@gmail.com,6a18590b2bc10bb7e5e8643c,Arsenal adidas 26/27 Authentic Home Shirt,1,3840000,6720000,30000,Banking,cancelled,Hồ Chí Minh,false,2026-03-05T00:00:00.000Z,2026-03-05T00:00:00.000Z
6a23bf11d8b02e5181455bea,6a23bf0fd8b02e518145534f,Vũ Lan Linh,khachhang1780727567496@gmail.com,6a1856198db103285a259cf1,Arsenal adidas Kids 25/26 Away Shirt,1,1920000,1920000,30000,COD,delivered,Hồ Chí Minh,false,2026-03-06T00:00:00.000Z,2026-03-06T00:00:00.000Z
6a23bf11d8b02e5181455bec,6a23bf0fd8b02e5181455358,Lý Thúy Yến,khachhang1780727567505@gmail.com,6a1850eb1a7b2fdb0ae873a2,Áo Đấu Sân Nhà Arsenal 25/26 Nữ,2,2200000,4400000,30000,Banking,pending,Hồ Chí Minh,false,2026-03-06T00:00:00.000Z,2026-03-06T00:00:00.000Z
6a23bf11d8b02e5181455bee,6a23bf0fd8b02e5181455346,Võ Hải Đạt,khachhang1780727567487@gmail.com,6a1856198db103285a259cbb,Arsenal adidas Kids 26/27 Long Sleeved Home Goalkeeper Shirt,2,2080000,7360000,0,VNPay,shipping,Hồ Chí Minh,false,2026-03-06T00:00:00.000Z,2026-03-06T00:00:00.000Z
6a23bf11d8b02e5181455bee,6a23bf0fd8b02e5181455346,Võ Hải Đạt,khachhang1780727567487@gmail.com,6a1856198db103285a259c91,Arsenal adidas 26/27 Home Mini Kit,2,1600000,7360000,0,VNPay,shipping,Hồ Chí Minh,false,2026-03-06T00:00:00.000Z,2026-03-06T00:00:00.000Z
6a23bf11d8b02e5181455bf1,6a23bf0fd8b02e5181455350,Nguyễn Thị Anh,khachhang1780727567497@gmail.com,6a1856198db103285a259c94,Arsenal adidas Womens 26/27 Crop Home Shirt,1,2400000,2400000,0,Banking,delivered,Hà Nội,false,2026-03-06T00:00:00.000Z,2026-03-06T00:00:00.000Z
6a23bf11d8b02e5181455bf3,6a23bf0fd8b02e5181455351,Lý Thúy Trang,khachhang1780727567498@gmail.com,6a1850eb1a7b2fdb0ae873b7,Găng Tay Thủ Môn Arsenal Predator 25/26,2,1500000,4600000,30000,Banking,delivered,Đà Nẵng,false,2026-03-06T00:00:00.000Z,2026-03-06T00:00:00.000Z
6a23bf11d8b02e5181455bf3,6a23bf0fd8b02e5181455351,Lý Thúy Trang,khachhang1780727567498@gmail.com,6a1850eb1a7b2fdb0ae873ba,Bóng Đá Arsenal FC adidas 25/26,2,800000,4600000,30000,Banking,delivered,Đà Nẵng,false,2026-03-06T00:00:00.000Z,2026-03-06T00:00:00.000Z
6a23bf11d8b02e5181455bf6,6a23bf0fd8b02e5181455348,Võ Bích Hà,khachhang1780727567489@gmail.com,6a18590b2bc10bb7e5e86491,Arsenal adidas 25/26 Authentic Away Shirt,2,3840000,15360000,0,Momo,pending,Đà Nẵng,false,2026-03-07T00:00:00.000Z,2026-03-07T00:00:00.000Z
6a23bf11d8b02e5181455bf6,6a23bf0fd8b02e5181455348,Võ Bích Hà,khachhang1780727567489@gmail.com,6a1856198db103285a259c82,Arsenal adidas Womens 26/27 Authentic Home Shirt,2,3840000,15360000,0,Momo,pending,Đà Nẵng,false,2026-03-07T00:00:00.000Z,2026-03-07T00:00:00.000Z
6a23bf11d8b02e5181455bf9,6a23bf0fd8b02e5181455359,Dương Hồng Hà,khachhang1780727567506@gmail.com,6a1850eb1a7b2fdb0ae873b7,Găng Tay Thủ Môn Arsenal Predator 25/26,2,1500000,3000000,30000,VNPay,shipping,Đà Nẵng,false,2026-03-07T00:00:00.000Z,2026-03-07T00:00:00.000Z
6a23bf11d8b02e5181455bfb,6a23bf0fd8b02e518145534a,Lý Thanh Linh,khachhang1780727567491@gmail.com,6a18590b2bc10bb7e5e86499,Arsenal adidas Kids 25/26 Away Socks,1,512000,512000,30000,COD,delivered,Hồ Chí Minh,false,2026-03-07T00:00:00.000Z,2026-03-07T00:00:00.000Z
6a23bf11d8b02e5181455bfd,6a23bf0fd8b02e518145534c,Võ Đức Cường,khachhang1780727567493@gmail.com,6a18590b2bc10bb7e5e8648c,Arsenal adidas 25/26 Away Shirt,2,2720000,5440000,0,VNPay,delivered,Đà Nẵng,false,2026-03-07T00:00:00.000Z,2026-03-07T00:00:00.000Z
6a23bf11d8b02e5181455bff,6a23bf0fd8b02e518145534c,Võ Đức Cường,khachhang1780727567493@gmail.com,6a18590b2bc10bb7e5e8648c,Arsenal adidas 25/26 Away Shirt,1,2720000,6880000,0,VNPay,pending,Đà Nẵng,false,2026-03-08T00:00:00.000Z,2026-03-08T00:00:00.000Z
6a23bf11d8b02e5181455bff,6a23bf0fd8b02e518145534c,Võ Đức Cường,khachhang1780727567493@gmail.com,6a1856198db103285a259c9a,Arsenal adidas Womens 26/27 Authentic Home Long Sleeved Shirt,1,4160000,6880000,0,VNPay,pending,Đà Nẵng,false,2026-03-08T00:00:00.000Z,2026-03-08T00:00:00.000Z
6a23bf11d8b02e5181455c02,6a23bf0fd8b02e5181455347,Phạm Đức Thành,khachhang1780727567488@gmail.com,6a18590b2bc10bb7e5e86480,Arsenal adidas 26/27 Red Home Cap,1,640000,2560000,0,Momo,shipping,Hà Nội,false,2026-03-09T00:00:00.000Z,2026-03-09T00:00:00.000Z
6a23bf11d8b02e5181455c02,6a23bf0fd8b02e5181455347,Phạm Đức Thành,khachhang1780727567488@gmail.com,6a18590b2bc10bb7e5e86496,Arsenal adidas Kids 25/26 Away Shorts,2,960000,2560000,0,Momo,shipping,Hà Nội,false,2026-03-09T00:00:00.000Z,2026-03-09T00:00:00.000Z
6a23bf11d8b02e5181455c05,6a23bf0fd8b02e518145534e,Đỗ Hữu Khoa,khachhang1780727567495@gmail.com,6a18590b2bc10bb7e5e8645a,Arsenal adidas 26/27 Home Shorts,2,1216000,3072000,30000,Banking,cancelled,Hà Nội,false,2026-03-10T00:00:00.000Z,2026-03-10T00:00:00.000Z
6a23bf11d8b02e5181455c05,6a23bf0fd8b02e518145534e,Đỗ Hữu Khoa,khachhang1780727567495@gmail.com,6a1856198db103285a259cdf,Arsenal adidas 26/27 Home Water Bottle,2,320000,3072000,30000,Banking,cancelled,Hà Nội,false,2026-03-10T00:00:00.000Z,2026-03-10T00:00:00.000Z
6a23bf11d8b02e5181455c08,6a23bf0fd8b02e5181455352,Phạm Đình Thành,khachhang1780727567499@gmail.com,6a1850eb1a7b2fdb0ae873a8,Áo Khoác Anthem Arsenal Z.N.E. 25/26,1,2300000,2300000,30000,VNPay,delivered,Hà Nội,false,2026-03-11T00:00:00.000Z,2026-03-11T00:00:00.000Z
6a23bf11d8b02e5181455c0a,6a23bf0fd8b02e518145534c,Võ Đức Cường,khachhang1780727567493@gmail.com,6a1856198db103285a259cac,Arsenal adidas 26/27 Authentic Home Shorts,1,1440000,3340000,0,Banking,delivered,Đà Nẵng,false,2026-03-11T00:00:00.000Z,2026-03-11T00:00:00.000Z
6a23bf11d8b02e5181455c0a,6a23bf0fd8b02e518145534c,Võ Đức Cường,khachhang1780727567493@gmail.com,6a1850eb1a7b2fdb0ae873ab,Áo Hoodie Arsenal Essentials 25/26,1,1900000,3340000,0,Banking,delivered,Đà Nẵng,false,2026-03-11T00:00:00.000Z,2026-03-11T00:00:00.000Z
6a23bf11d8b02e5181455c0d,6a23bf0fd8b02e518145534e,Đỗ Hữu Khoa,khachhang1780727567495@gmail.com,6a1856198db103285a259c94,Arsenal adidas Womens 26/27 Crop Home Shirt,2,2400000,6000000,30000,COD,delivered,Hà Nội,false,2026-03-11T00:00:00.000Z,2026-03-11T00:00:00.000Z
6a23bf11d8b02e5181455c0d,6a23bf0fd8b02e518145534e,Đỗ Hữu Khoa,khachhang1780727567495@gmail.com,6a1850eb1a7b2fdb0ae873b1,Balo Arsenal FC 25/26 – Backpack,1,1200000,6000000,30000,COD,delivered,Hà Nội,false,2026-03-11T00:00:00.000Z,2026-03-11T00:00:00.000Z
6a23bf11d8b02e5181455c10,6a23bf0fd8b02e5181455358,Lý Thúy Yến,khachhang1780727567505@gmail.com,6a1856198db103285a259cbe,Arsenal adidas 26/27 Home Goalkeeper Shorts,2,1216000,6832000,0,Momo,delivered,Hồ Chí Minh,false,2026-03-11T00:00:00.000Z,2026-03-11T00:00:00.000Z
6a23bf11d8b02e5181455c10,6a23bf0fd8b02e5181455358,Lý Thúy Yến,khachhang1780727567505@gmail.com,6a1850eb1a7b2fdb0ae8739f,Áo Đấu Thứ Ba Arsenal 25/26 – Fan Version,2,2200000,6832000,0,Momo,delivered,Hồ Chí Minh,false,2026-03-11T00:00:00.000Z,2026-03-11T00:00:00.000Z
6a23bf11d8b02e5181455c13,6a23bf0fd8b02e518145534a,Lý Thanh Linh,khachhang1780727567491@gmail.com,6a1856198db103285a259c97,Arsenal adidas 26/27 Authentic Home Long Sleeved Shirt,2,4160000,8320000,30000,VNPay,pending,Hồ Chí Minh,false,2026-03-12T00:00:00.000Z,2026-03-12T00:00:00.000Z
6a23bf11d8b02e5181455c15,6a23bf0fd8b02e5181455355,Ngô Thu Hà,khachhang1780727567502@gmail.com,6a18590b2bc10bb7e5e864a0,Arsenal adidas 25/26 Third Shirt,1,2720000,4920000,30000,COD,shipping,Đà Nẵng,false,2026-03-12T00:00:00.000Z,2026-03-12T00:00:00.000Z
6a23bf11d8b02e5181455c15,6a23bf0fd8b02e5181455355,Ngô Thu Hà,khachhang1780727567502@gmail.com,6a1850eb1a7b2fdb0ae873a2,Áo Đấu Sân Nhà Arsenal 25/26 Nữ,1,2200000,4920000,30000,COD,shipping,Đà Nẵng,false,2026-03-12T00:00:00.000Z,2026-03-12T00:00:00.000Z
6a23bf11d8b02e5181455c18,6a23bf0fd8b02e5181455347,Phạm Đức Thành,khachhang1780727567488@gmail.com,6a1856198db103285a259cc7,Arsenal adidas Kids 26/27 Home Goalkeeper Socks,2,512000,3904000,30000,COD,shipping,Hà Nội,false,2026-03-12T00:00:00.000Z,2026-03-12T00:00:00.000Z
6a23bf11d8b02e5181455c18,6a23bf0fd8b02e5181455347,Phạm Đức Thành,khachhang1780727567488@gmail.com,6a1856198db103285a259caf,Arsenal adidas 26/27 Authentic Alternate Home Shorts,2,1440000,3904000,30000,COD,shipping,Hà Nội,false,2026-03-12T00:00:00.000Z,2026-03-12T00:00:00.000Z
6a23bf11d8b02e5181455c1b,6a23bf0fd8b02e5181455355,Ngô Thu Hà,khachhang1780727567502@gmail.com,6a1856198db103285a259cb5,Arsenal adidas Kids 26/27 Home Socks,2,512000,1760000,30000,COD,delivered,Đà Nẵng,false,2026-03-12T00:00:00.000Z,2026-03-12T00:00:00.000Z
6a23bf11d8b02e5181455c1b,6a23bf0fd8b02e5181455355,Ngô Thu Hà,khachhang1780727567502@gmail.com,6a1856198db103285a259ce5,Arsenal adidas 26/27 Home Beanie,1,736000,1760000,30000,COD,delivered,Đà Nẵng,false,2026-03-12T00:00:00.000Z,2026-03-12T00:00:00.000Z
6a23bf11d8b02e5181455c1e,6a23bf0fd8b02e5181455348,Võ Bích Hà,khachhang1780727567489@gmail.com,6a1850ea1a7b2fdb0ae87393,Áo Đấu Sân Nhà Arsenal 25/26 – Authentic,2,3000000,6000000,30000,Momo,delivered,Đà Nẵng,false,2026-03-13T00:00:00.000Z,2026-03-13T00:00:00.000Z
6a23bf11d8b02e5181455c20,6a23bf0fd8b02e518145534d,Đặng Hải Tuấn,khachhang1780727567494@gmail.com,6a1856198db103285a259c91,Arsenal adidas 26/27 Home Mini Kit,1,1600000,1600000,30000,VNPay,delivered,Hồ Chí Minh,false,2026-03-13T00:00:00.000Z,2026-03-13T00:00:00.000Z
6a23bf11d8b02e5181455c22,6a23bf0fd8b02e5181455354,Dương Công Long,khachhang1780727567501@gmail.com,6a1850eb1a7b2fdb0ae87399,Áo Đấu Sân Khách Arsenal 25/26 – Fan Version,2,2200000,6000000,30000,Momo,delivered,Hồ Chí Minh,false,2026-03-14T00:00:00.000Z,2026-03-14T00:00:00.000Z
6a23bf11d8b02e5181455c22,6a23bf0fd8b02e5181455354,Dương Công Long,khachhang1780727567501@gmail.com,6a1856198db103285a259ceb,Arsenal adidas 25/26 Away Mini Kit,1,1600000,6000000,30000,Momo,delivered,Hồ Chí Minh,false,2026-03-14T00:00:00.000Z,2026-03-14T00:00:00.000Z
6a23bf11d8b02e5181455c25,6a23bf0fd8b02e518145534f,Vũ Lan Linh,khachhang1780727567496@gmail.com,6a1856198db103285a259d03,Arsenal adidas Kids 25/26 Third Shirt,1,1920000,1920000,30000,VNPay,delivered,Hồ Chí Minh,false,2026-03-14T00:00:00.000Z,2026-03-14T00:00:00.000Z
6a23bf11d8b02e5181455c27,6a23bf0fd8b02e5181455355,Ngô Thu Hà,khachhang1780727567502@gmail.com,6a18590b2bc10bb7e5e86449,Arsenal adidas Kids 26/27 Home Shirt,1,1920000,6320000,0,VNPay,delivered,Đà Nẵng,false,2026-03-14T00:00:00.000Z,2026-03-14T00:00:00.000Z
6a23bf11d8b02e5181455c27,6a23bf0fd8b02e5181455355,Ngô Thu Hà,khachhang1780727567502@gmail.com,6a1850ea1a7b2fdb0ae87396,Áo Đấu Sân Nhà Arsenal 25/26 – Fan Version,2,2200000,6320000,0,VNPay,delivered,Đà Nẵng,false,2026-03-14T00:00:00.000Z,2026-03-14T00:00:00.000Z
6a23bf11d8b02e5181455c2a,6a23bf0fd8b02e5181455357,Hồ Hải Đạt,khachhang1780727567504@gmail.com,6a1856198db103285a259cdf,Arsenal adidas 26/27 Home Water Bottle,1,320000,1600000,0,Banking,pending,Hà Nội,false,2026-03-14T00:00:00.000Z,2026-03-14T00:00:00.000Z
6a23bf11d8b02e5181455c2a,6a23bf0fd8b02e5181455357,Hồ Hải Đạt,khachhang1780727567504@gmail.com,6a18590b2bc10bb7e5e86463,Arsenal adidas 26/27 Home Socks,2,640000,1600000,0,Banking,pending,Hà Nội,false,2026-03-14T00:00:00.000Z,2026-03-14T00:00:00.000Z
6a23bf11d8b02e5181455c2d,6a23bf0fd8b02e5181455356,Vũ Công Hùng,khachhang1780727567503@gmail.com,6a1856198db103285a259ccd,Arsenal adidas 26/27 Red Backpack,2,1280000,2560000,30000,VNPay,delivered,Hà Nội,false,2026-03-14T00:00:00.000Z,2026-03-14T00:00:00.000Z
6a23bf11d8b02e5181455c2f,6a23bf0fd8b02e5181455350,Nguyễn Thị Anh,khachhang1780727567497@gmail.com,6a1850ea1a7b2fdb0ae87396,Áo Đấu Sân Nhà Arsenal 25/26 – Fan Version,2,2200000,4400000,30000,COD,delivered,Hà Nội,false,2026-03-14T00:00:00.000Z,2026-03-14T00:00:00.000Z
6a23bf11d8b02e5181455c31,6a23bf0fd8b02e5181455357,Hồ Hải Đạt,khachhang1780727567504@gmail.com,6a18590b2bc10bb7e5e8648c,Arsenal adidas 25/26 Away Shirt,2,2720000,6464000,0,Banking,delivered,Hà Nội,false,2026-03-14T00:00:00.000Z,2026-03-14T00:00:00.000Z
6a23bf11d8b02e5181455c31,6a23bf0fd8b02e5181455357,Hồ Hải Đạt,khachhang1780727567504@gmail.com,6a1856198db103285a259cb5,Arsenal adidas Kids 26/27 Home Socks,2,512000,6464000,0,Banking,delivered,Hà Nội,false,2026-03-14T00:00:00.000Z,2026-03-14T00:00:00.000Z
6a23bf11d8b02e5181455c34,6a23bf0fd8b02e518145534b,Đặng Ngọc Bảo,khachhang1780727567492@gmail.com,6a1850eb1a7b2fdb0ae873a8,Áo Khoác Anthem Arsenal Z.N.E. 25/26,1,2300000,2300000,30000,Banking,pending,Đà Nẵng,false,2026-03-14T00:00:00.000Z,2026-03-14T00:00:00.000Z
6a23bf11d8b02e5181455c36,6a23bf0fd8b02e5181455351,Lý Thúy Trang,khachhang1780727567498@gmail.com,69ec674e7fb179301d9a2db5,Quần short tập luyện,2,1100000,3100000,0,Banking,delivered,Đà Nẵng,false,2026-03-14T00:00:00.000Z,2026-03-14T00:00:00.000Z
6a23bf11d8b02e5181455c36,6a23bf0fd8b02e5181455351,Lý Thúy Trang,khachhang1780727567498@gmail.com,69ec674e7fb179301d9a2db9,Mũ Lưỡi Trai Arsenal,2,450000,3100000,0,Banking,delivered,Đà Nẵng,false,2026-03-14T00:00:00.000Z,2026-03-14T00:00:00.000Z
6a23bf11d8b02e5181455c39,6a23bf0fd8b02e518145534a,Lý Thanh Linh,khachhang1780727567491@gmail.com,6a1856198db103285a259d18,Arsenal adidas 25/26 Third Socks,2,640000,2780000,0,Momo,delivered,Hồ Chí Minh,false,2026-03-15T00:00:00.000Z,2026-03-15T00:00:00.000Z
6a23bf11d8b02e5181455c39,6a23bf0fd8b02e518145534a,Lý Thanh Linh,khachhang1780727567491@gmail.com,69ec674e7fb179301d9a2db6,Tất sân nhà Arsenal 2025-2026,2,750000,2780000,0,Momo,delivered,Hồ Chí Minh,false,2026-03-15T00:00:00.000Z,2026-03-15T00:00:00.000Z
6a23bf11d8b02e5181455c3c,6a23bf0fd8b02e5181455352,Phạm Đình Thành,khachhang1780727567499@gmail.com,6a1856198db103285a259ca0,Arsenal adidas Kids 26/27 Long Sleeved Home Shirt,2,2080000,4160000,30000,COD,pending,Hà Nội,false,2026-03-15T00:00:00.000Z,2026-03-15T00:00:00.000Z
6a23bf11d8b02e5181455c3e,6a23bf0fd8b02e5181455346,Võ Hải Đạt,khachhang1780727567487@gmail.com,6a1850eb1a7b2fdb0ae873ab,Áo Hoodie Arsenal Essentials 25/26,2,1900000,5300000,30000,COD,shipping,Hồ Chí Minh,false,2026-03-15T00:00:00.000Z,2026-03-15T00:00:00.000Z
6a23bf11d8b02e5181455c3e,6a23bf0fd8b02e5181455346,Võ Hải Đạt,khachhang1780727567487@gmail.com,6a1850eb1a7b2fdb0ae873b7,Găng Tay Thủ Môn Arsenal Predator 25/26,1,1500000,5300000,30000,COD,shipping,Hồ Chí Minh,false,2026-03-15T00:00:00.000Z,2026-03-15T00:00:00.000Z
6a23bf11d8b02e5181455c41,6a23bf0fd8b02e5181455356,Vũ Công Hùng,khachhang1780727567503@gmail.com,6a18590b2bc10bb7e5e86496,Arsenal adidas Kids 25/26 Away Shorts,1,960000,960000,0,Banking,delivered,Hà Nội,false,2026-03-15T00:00:00.000Z,2026-03-15T00:00:00.000Z
6a23bf11d8b02e5181455c43,6a23bf0fd8b02e5181455356,Vũ Công Hùng,khachhang1780727567503@gmail.com,6a1856198db103285a259c85,Arsenal adidas Kids 26/27 Authentic Home Shirt,1,2560000,5560000,0,Momo,delivered,Hà Nội,false,2026-03-15T00:00:00.000Z,2026-03-15T00:00:00.000Z
6a23bf11d8b02e5181455c43,6a23bf0fd8b02e5181455356,Vũ Công Hùng,khachhang1780727567503@gmail.com,6a1850eb1a7b2fdb0ae873b7,Găng Tay Thủ Môn Arsenal Predator 25/26,2,1500000,5560000,0,Momo,delivered,Hà Nội,false,2026-03-15T00:00:00.000Z,2026-03-15T00:00:00.000Z
6a23bf11d8b02e5181455c46,6a23bf0fd8b02e5181455355,Ngô Thu Hà,khachhang1780727567502@gmail.com,6a1856198db103285a259d15,Arsenal adidas Kids 25/26 Third Goalkeeper Shirt,1,1920000,5760000,0,Banking,shipping,Đà Nẵng,false,2026-03-15T00:00:00.000Z,2026-03-15T00:00:00.000Z
6a23bf11d8b02e5181455c46,6a23bf0fd8b02e5181455355,Ngô Thu Hà,khachhang1780727567502@gmail.com,6a1856198db103285a259d15,Arsenal adidas Kids 25/26 Third Goalkeeper Shirt,2,1920000,5760000,0,Banking,shipping,Đà Nẵng,false,2026-03-15T00:00:00.000Z,2026-03-15T00:00:00.000Z
6a23bf11d8b02e5181455c49,6a23bf0fd8b02e518145534f,Vũ Lan Linh,khachhang1780727567496@gmail.com,6a1856198db103285a259c94,Arsenal adidas Womens 26/27 Crop Home Shirt,2,2400000,5700000,0,Momo,cancelled,Hồ Chí Minh,false,2026-03-15T00:00:00.000Z,2026-03-15T00:00:00.000Z
6a23bf11d8b02e5181455c49,6a23bf0fd8b02e518145534f,Vũ Lan Linh,khachhang1780727567496@gmail.com,69ec674e7fb179301d9a2db9,Mũ Lưỡi Trai Arsenal,2,450000,5700000,0,Momo,cancelled,Hồ Chí Minh,false,2026-03-15T00:00:00.000Z,2026-03-15T00:00:00.000Z
6a23bf11d8b02e5181455c4c,6a23bf0fd8b02e5181455347,Phạm Đức Thành,khachhang1780727567488@gmail.com,6a1856198db103285a259cdf,Arsenal adidas 26/27 Home Water Bottle,1,320000,320000,30000,Momo,cancelled,Hà Nội,false,2026-03-15T00:00:00.000Z,2026-03-15T00:00:00.000Z
6a23bf11d8b02e5181455c4e,6a23bf0fd8b02e518145534f,Vũ Lan Linh,khachhang1780727567496@gmail.com,6a18590b2bc10bb7e5e86491,Arsenal adidas 25/26 Authentic Away Shirt,1,3840000,3840000,0,Banking,delivered,Hồ Chí Minh,false,2026-03-16T00:00:00.000Z,2026-03-16T00:00:00.000Z
6a23bf11d8b02e5181455c50,6a23bf0fd8b02e518145534d,Đặng Hải Tuấn,khachhang1780727567494@gmail.com,6a1856198db103285a259c97,Arsenal adidas 26/27 Authentic Home Long Sleeved Shirt,2,4160000,8320000,30000,VNPay,shipping,Hồ Chí Minh,false,2026-03-16T00:00:00.000Z,2026-03-16T00:00:00.000Z
6a23bf11d8b02e5181455c52,6a23bf0fd8b02e5181455354,Dương Công Long,khachhang1780727567501@gmail.com,6a1856198db103285a259cc4,Arsenal adidas 26/27 Home Goalkeeper Socks,2,640000,1280000,30000,Momo,delivered,Hồ Chí Minh,false,2026-03-16T00:00:00.000Z,2026-03-16T00:00:00.000Z
6a23bf11d8b02e5181455c54,6a23bf0fd8b02e5181455347,Phạm Đức Thành,khachhang1780727567488@gmail.com,6a1856198db103285a259d18,Arsenal adidas 25/26 Third Socks,1,640000,640000,30000,Banking,delivered,Hà Nội,false,2026-03-16T00:00:00.000Z,2026-03-16T00:00:00.000Z
6a23bf11d8b02e5181455c56,6a23bf0fd8b02e5181455349,Võ Mỹ Trang,khachhang1780727567490@gmail.com,6a1850eb1a7b2fdb0ae873ba,Bóng Đá Arsenal FC adidas 25/26,2,800000,1600000,30000,Banking,delivered,Hồ Chí Minh,false,2026-03-16T00:00:00.000Z,2026-03-16T00:00:00.000Z
6a23bf11d8b02e5181455c58,6a23bf0fd8b02e5181455346,Võ Hải Đạt,khachhang1780727567487@gmail.com,6a1856198db103285a259ca9,Arsenal adidas Kids 26/27 Home Shorts,1,960000,960000,30000,Banking,delivered,Hồ Chí Minh,false,2026-03-17T00:00:00.000Z,2026-03-17T00:00:00.000Z
6a23bf11d8b02e5181455c5a,6a23bf0fd8b02e5181455349,Võ Mỹ Trang,khachhang1780727567490@gmail.com,6a18590b2bc10bb7e5e86483,Arsenal adidas 26/27 White Home Cap,2,640000,4880000,30000,Banking,delivered,Hồ Chí Minh,false,2026-03-17T00:00:00.000Z,2026-03-17T00:00:00.000Z
6a23bf11d8b02e5181455c5a,6a23bf0fd8b02e5181455349,Võ Mỹ Trang,khachhang1780727567490@gmail.com,6a1850eb1a7b2fdb0ae873a5,Áo Tập Arsenal 25/26 – Training Jersey,2,1800000,4880000,30000,Banking,delivered,Hồ Chí Minh,false,2026-03-17T00:00:00.000Z,2026-03-17T00:00:00.000Z
6a23bf11d8b02e5181455c5d,6a23bf0fd8b02e5181455348,Võ Bích Hà,khachhang1780727567489@gmail.com,6a18590b2bc10bb7e5e86480,Arsenal adidas 26/27 Red Home Cap,2,640000,1280000,30000,VNPay,delivered,Đà Nẵng,false,2026-03-17T00:00:00.000Z,2026-03-17T00:00:00.000Z
6a23bf11d8b02e5181455c5f,6a23bf0fd8b02e518145534a,Lý Thanh Linh,khachhang1780727567491@gmail.com,6a1856198db103285a259cbb,Arsenal adidas Kids 26/27 Long Sleeved Home Goalkeeper Shirt,1,2080000,5680000,0,VNPay,shipping,Hồ Chí Minh,false,2026-03-17T00:00:00.000Z,2026-03-17T00:00:00.000Z
6a23bf11d8b02e5181455c5f,6a23bf0fd8b02e518145534a,Lý Thanh Linh,khachhang1780727567491@gmail.com,6a1850eb1a7b2fdb0ae873a5,Áo Tập Arsenal 25/26 – Training Jersey,2,1800000,5680000,0,VNPay,shipping,Hồ Chí Minh,false,2026-03-17T00:00:00.000Z,2026-03-17T00:00:00.000Z
6a23bf11d8b02e5181455c62,6a23bf0fd8b02e5181455347,Phạm Đức Thành,khachhang1780727567488@gmail.com,6a1856198db103285a259c82,Arsenal adidas Womens 26/27 Authentic Home Shirt,1,3840000,3840000,30000,Momo,delivered,Hà Nội,false,2026-03-17T00:00:00.000Z,2026-03-17T00:00:00.000Z
6a23bf11d8b02e5181455c64,6a23bf0fd8b02e518145534b,Đặng Ngọc Bảo,khachhang1780727567492@gmail.com,6a18590b2bc10bb7e5e86480,Arsenal adidas 26/27 Red Home Cap,2,640000,4000000,0,COD,cancelled,Đà Nẵng,false,2026-03-17T00:00:00.000Z,2026-03-17T00:00:00.000Z
6a23bf11d8b02e5181455c64,6a23bf0fd8b02e518145534b,Đặng Ngọc Bảo,khachhang1780727567492@gmail.com,6a18590b2bc10bb7e5e8648c,Arsenal adidas 25/26 Away Shirt,1,2720000,4000000,0,COD,cancelled,Đà Nẵng,false,2026-03-17T00:00:00.000Z,2026-03-17T00:00:00.000Z
6a23bf11d8b02e5181455c67,6a23bf0fd8b02e5181455358,Lý Thúy Yến,khachhang1780727567505@gmail.com,6a1856198db103285a259c82,Arsenal adidas Womens 26/27 Authentic Home Shirt,1,3840000,5056000,0,Banking,cancelled,Hồ Chí Minh,false,2026-03-17T00:00:00.000Z,2026-03-17T00:00:00.000Z
6a23bf11d8b02e5181455c67,6a23bf0fd8b02e5181455358,Lý Thúy Yến,khachhang1780727567505@gmail.com,6a18590b2bc10bb7e5e8645a,Arsenal adidas 26/27 Home Shorts,1,1216000,5056000,0,Banking,cancelled,Hồ Chí Minh,false,2026-03-17T00:00:00.000Z,2026-03-17T00:00:00.000Z
6a23bf11d8b02e5181455c6a,6a23bf0fd8b02e518145534e,Đỗ Hữu Khoa,khachhang1780727567495@gmail.com,6a1856198db103285a259ce5,Arsenal adidas 26/27 Home Beanie,2,736000,1472000,0,COD,cancelled,Hà Nội,false,2026-03-17T00:00:00.000Z,2026-03-17T00:00:00.000Z
6a23bf11d8b02e5181455c6c,6a23bf0fd8b02e5181455352,Phạm Đình Thành,khachhang1780727567499@gmail.com,6a18590b2bc10bb7e5e86483,Arsenal adidas 26/27 White Home Cap,1,640000,640000,0,VNPay,delivered,Hà Nội,false,2026-03-18T00:00:00.000Z,2026-03-18T00:00:00.000Z
6a23bf11d8b02e5181455c6e,6a23bf0fd8b02e5181455350,Nguyễn Thị Anh,khachhang1780727567497@gmail.com,6a1856198db103285a259cfd,Arsenal adidas 25/26 Authentic Alternate Away Shorts,2,1440000,5080000,30000,Momo,delivered,Hà Nội,false,2026-03-18T00:00:00.000Z,2026-03-18T00:00:00.000Z
6a23bf11d8b02e5181455c6e,6a23bf0fd8b02e5181455350,Nguyễn Thị Anh,khachhang1780727567497@gmail.com,6a1850ea1a7b2fdb0ae87396,Áo Đấu Sân Nhà Arsenal 25/26 – Fan Version,1,2200000,5080000,30000,Momo,delivered,Hà Nội,false,2026-03-18T00:00:00.000Z,2026-03-18T00:00:00.000Z
6a23bf11d8b02e5181455c71,6a23bf0fd8b02e518145534e,Đỗ Hữu Khoa,khachhang1780727567495@gmail.com,6a1856198db103285a259d03,Arsenal adidas Kids 25/26 Third Shirt,1,1920000,1920000,30000,COD,delivered,Hà Nội,false,2026-03-18T00:00:00.000Z,2026-03-18T00:00:00.000Z
6a23bf11d8b02e5181455c73,6a23bf0fd8b02e518145534d,Đặng Hải Tuấn,khachhang1780727567494@gmail.com,6a1850eb1a7b2fdb0ae873a5,Áo Tập Arsenal 25/26 – Training Jersey,2,1800000,3600000,0,COD,delivered,Hồ Chí Minh,false,2026-03-18T00:00:00.000Z,2026-03-18T00:00:00.000Z
6a23bf11d8b02e5181455c75,6a23bf0fd8b02e518145534a,Lý Thanh Linh,khachhang1780727567491@gmail.com,6a1850eb1a7b2fdb0ae873bd,Tất Sân Khách Arsenal 25/26 – Away Socks,1,350000,1790000,30000,COD,delivered,Hồ Chí Minh,false,2026-03-18T00:00:00.000Z,2026-03-18T00:00:00.000Z
6a23bf11d8b02e5181455c75,6a23bf0fd8b02e518145534a,Lý Thanh Linh,khachhang1780727567491@gmail.com,6a1856198db103285a259caf,Arsenal adidas 26/27 Authentic Alternate Home Shorts,1,1440000,1790000,30000,COD,delivered,Hồ Chí Minh,false,2026-03-18T00:00:00.000Z,2026-03-18T00:00:00.000Z
6a23bf11d8b02e5181455c78,6a23bf0fd8b02e5181455346,Võ Hải Đạt,khachhang1780727567487@gmail.com,6a1856198db103285a259cc4,Arsenal adidas 26/27 Home Goalkeeper Socks,2,640000,9600000,0,Momo,delivered,Hồ Chí Minh,false,2026-03-18T00:00:00.000Z,2026-03-18T00:00:00.000Z
6a23bf11d8b02e5181455c78,6a23bf0fd8b02e5181455346,Võ Hải Đạt,khachhang1780727567487@gmail.com,6a1856198db103285a259c9a,Arsenal adidas Womens 26/27 Authentic Home Long Sleeved Shirt,2,4160000,9600000,0,Momo,delivered,Hồ Chí Minh,false,2026-03-18T00:00:00.000Z,2026-03-18T00:00:00.000Z
6a23bf11d8b02e5181455c7b,6a23bf0fd8b02e518145534a,Lý Thanh Linh,khachhang1780727567491@gmail.com,6a1850ea1a7b2fdb0ae87393,Áo Đấu Sân Nhà Arsenal 25/26 – Authentic,1,3000000,3000000,30000,COD,delivered,Hồ Chí Minh,false,2026-03-18T00:00:00.000Z,2026-03-18T00:00:00.000Z
6a23bf11d8b02e5181455c7d,6a23bf0fd8b02e5181455354,Dương Công Long,khachhang1780727567501@gmail.com,6a1856198db103285a259c9d,Arsenal adidas 26/27 Home Long Sleeved Shirt,1,2880000,3680000,30000,Momo,shipping,Hồ Chí Minh,false,2026-03-18T00:00:00.000Z,2026-03-18T00:00:00.000Z
6a23bf11d8b02e5181455c7d,6a23bf0fd8b02e5181455354,Dương Công Long,khachhang1780727567501@gmail.com,6a1850eb1a7b2fdb0ae873ba,Bóng Đá Arsenal FC adidas 25/26,1,800000,3680000,30000,Momo,shipping,Hồ Chí Minh,false,2026-03-18T00:00:00.000Z,2026-03-18T00:00:00.000Z
6a23bf11d8b02e5181455c80,6a23bf0fd8b02e5181455359,Dương Hồng Hà,khachhang1780727567506@gmail.com,6a1856198db103285a259c91,Arsenal adidas 26/27 Home Mini Kit,1,1600000,2240000,30000,VNPay,delivered,Đà Nẵng,false,2026-03-19T00:00:00.000Z,2026-03-19T00:00:00.000Z
6a23bf11d8b02e5181455c80,6a23bf0fd8b02e5181455359,Dương Hồng Hà,khachhang1780727567506@gmail.com,6a1856198db103285a259cc4,Arsenal adidas 26/27 Home Goalkeeper Socks,1,640000,2240000,30000,VNPay,delivered,Đà Nẵng,false,2026-03-19T00:00:00.000Z,2026-03-19T00:00:00.000Z
6a23bf11d8b02e5181455c83,6a23bf0fd8b02e518145534a,Lý Thanh Linh,khachhang1780727567491@gmail.com,6a1856198db103285a259cc1,Arsenal adidas Kids 26/27 Home Goalkeeper Shorts,1,960000,2560000,30000,Momo,delivered,Hồ Chí Minh,false,2026-03-19T00:00:00.000Z,2026-03-19T00:00:00.000Z
6a23bf11d8b02e5181455c83,6a23bf0fd8b02e518145534a,Lý Thanh Linh,khachhang1780727567491@gmail.com,6a1850eb1a7b2fdb0ae873ba,Bóng Đá Arsenal FC adidas 25/26,2,800000,2560000,30000,Momo,delivered,Hồ Chí Minh,false,2026-03-19T00:00:00.000Z,2026-03-19T00:00:00.000Z
6a23bf11d8b02e5181455c86,6a23bf0fd8b02e5181455359,Dương Hồng Hà,khachhang1780727567506@gmail.com,6a1850eb1a7b2fdb0ae873ab,Áo Hoodie Arsenal Essentials 25/26,2,1900000,6232000,0,COD,pending,Đà Nẵng,false,2026-03-19T00:00:00.000Z,2026-03-19T00:00:00.000Z
6a23bf11d8b02e5181455c86,6a23bf0fd8b02e5181455359,Dương Hồng Hà,khachhang1780727567506@gmail.com,6a18590b2bc10bb7e5e8645a,Arsenal adidas 26/27 Home Shorts,2,1216000,6232000,0,COD,pending,Đà Nẵng,false,2026-03-19T00:00:00.000Z,2026-03-19T00:00:00.000Z
6a23bf11d8b02e5181455c89,6a23bf0fd8b02e5181455346,Võ Hải Đạt,khachhang1780727567487@gmail.com,6a1856198db103285a259c9a,Arsenal adidas Womens 26/27 Authentic Home Long Sleeved Shirt,2,4160000,8320000,30000,Momo,pending,Hồ Chí Minh,false,2026-03-19T00:00:00.000Z,2026-03-19T00:00:00.000Z
6a23bf11d8b02e5181455c8b,6a23bf0fd8b02e5181455351,Lý Thúy Trang,khachhang1780727567498@gmail.com,6a1856198db103285a259cc1,Arsenal adidas Kids 26/27 Home Goalkeeper Shorts,1,960000,960000,30000,VNPay,delivered,Đà Nẵng,false,2026-03-19T00:00:00.000Z,2026-03-19T00:00:00.000Z
6a23bf11d8b02e5181455c8d,6a23bf0fd8b02e5181455358,Lý Thúy Yến,khachhang1780727567505@gmail.com,6a1850eb1a7b2fdb0ae873a2,Áo Đấu Sân Nhà Arsenal 25/26 Nữ,2,2200000,4400000,30000,Banking,pending,Hồ Chí Minh,false,2026-03-20T00:00:00.000Z,2026-03-20T00:00:00.000Z
6a23bf11d8b02e5181455c8f,6a23bf0fd8b02e5181455349,Võ Mỹ Trang,khachhang1780727567490@gmail.com,6a1856198db103285a259cac,Arsenal adidas 26/27 Authentic Home Shorts,1,1440000,2912000,0,Momo,delivered,Hồ Chí Minh,false,2026-03-20T00:00:00.000Z,2026-03-20T00:00:00.000Z
6a23bf11d8b02e5181455c8f,6a23bf0fd8b02e5181455349,Võ Mỹ Trang,khachhang1780727567490@gmail.com,6a1856198db103285a259ce5,Arsenal adidas 26/27 Home Beanie,2,736000,2912000,0,Momo,delivered,Hồ Chí Minh,false,2026-03-20T00:00:00.000Z,2026-03-20T00:00:00.000Z
6a23bf11d8b02e5181455c92,6a23bf0fd8b02e518145534a,Lý Thanh Linh,khachhang1780727567491@gmail.com,6a1856198db103285a259c94,Arsenal adidas Womens 26/27 Crop Home Shirt,2,2400000,5824000,30000,VNPay,delivered,Hồ Chí Minh,false,2026-03-20T00:00:00.000Z,2026-03-20T00:00:00.000Z
6a23bf11d8b02e5181455c92,6a23bf0fd8b02e518145534a,Lý Thanh Linh,khachhang1780727567491@gmail.com,6a18590b2bc10bb7e5e86499,Arsenal adidas Kids 25/26 Away Socks,2,512000,5824000,30000,VNPay,delivered,Hồ Chí Minh,false,2026-03-20T00:00:00.000Z,2026-03-20T00:00:00.000Z
6a23bf11d8b02e5181455c95,6a23bf0fd8b02e518145534b,Đặng Ngọc Bảo,khachhang1780727567492@gmail.com,6a18590b2bc10bb7e5e86496,Arsenal adidas Kids 25/26 Away Shorts,1,960000,4800000,0,COD,shipping,Đà Nẵng,false,2026-03-20T00:00:00.000Z,2026-03-20T00:00:00.000Z
6a23bf11d8b02e5181455c95,6a23bf0fd8b02e518145534b,Đặng Ngọc Bảo,khachhang1780727567492@gmail.com,6a1856198db103285a259d03,Arsenal adidas Kids 25/26 Third Shirt,2,1920000,4800000,0,COD,shipping,Đà Nẵng,false,2026-03-20T00:00:00.000Z,2026-03-20T00:00:00.000Z
6a23bf11d8b02e5181455c98,6a23bf0fd8b02e5181455346,Võ Hải Đạt,khachhang1780727567487@gmail.com,6a1856198db103285a259c9d,Arsenal adidas 26/27 Home Long Sleeved Shirt,2,2880000,5760000,30000,VNPay,cancelled,Hồ Chí Minh,false,2026-03-20T00:00:00.000Z,2026-03-20T00:00:00.000Z
6a23bf11d8b02e5181455c9a,6a23bf0fd8b02e5181455353,Phan Công Phúc,khachhang1780727567500@gmail.com,6a1850eb1a7b2fdb0ae87399,Áo Đấu Sân Khách Arsenal 25/26 – Fan Version,2,2200000,7664000,0,VNPay,shipping,Hồ Chí Minh,false,2026-03-21T00:00:00.000Z,2026-03-21T00:00:00.000Z
6a23bf11d8b02e5181455c9a,6a23bf0fd8b02e5181455353,Phan Công Phúc,khachhang1780727567500@gmail.com,6a1856198db103285a259d0c,Arsenal 25/26 Third Goalkeeper Shirt,2,1632000,7664000,0,VNPay,shipping,Hồ Chí Minh,false,2026-03-21T00:00:00.000Z,2026-03-21T00:00:00.000Z
6a23bf11d8b02e5181455c9d,6a23bf0fd8b02e5181455353,Phan Công Phúc,khachhang1780727567500@gmail.com,6a1856198db103285a259c9d,Arsenal adidas 26/27 Home Long Sleeved Shirt,1,2880000,2880000,30000,Momo,pending,Hồ Chí Minh,false,2026-03-22T00:00:00.000Z,2026-03-22T00:00:00.000Z
6a23bf11d8b02e5181455c9f,6a23bf0fd8b02e5181455354,Dương Công Long,khachhang1780727567501@gmail.com,6a1856198db103285a259caf,Arsenal adidas 26/27 Authentic Alternate Home Shorts,1,1440000,6880000,0,Momo,delivered,Hồ Chí Minh,false,2026-03-23T00:00:00.000Z,2026-03-23T00:00:00.000Z
6a23bf11d8b02e5181455c9f,6a23bf0fd8b02e5181455354,Dương Công Long,khachhang1780727567501@gmail.com,6a1856198db103285a259cb8,Arsenal adidas 26/27 Home Goalkeeper Shirt,2,2720000,6880000,0,Momo,delivered,Hồ Chí Minh,false,2026-03-23T00:00:00.000Z,2026-03-23T00:00:00.000Z
6a23bf11d8b02e5181455ca2,6a23bf0fd8b02e5181455350,Nguyễn Thị Anh,khachhang1780727567497@gmail.com,6a1856198db103285a259cb5,Arsenal adidas Kids 26/27 Home Socks,1,512000,6512000,30000,COD,delivered,Hà Nội,false,2026-03-23T00:00:00.000Z,2026-03-23T00:00:00.000Z
6a23bf11d8b02e5181455ca2,6a23bf0fd8b02e5181455350,Nguyễn Thị Anh,khachhang1780727567497@gmail.com,6a1850ea1a7b2fdb0ae87393,Áo Đấu Sân Nhà Arsenal 25/26 – Authentic,2,3000000,6512000,30000,COD,delivered,Hà Nội,false,2026-03-23T00:00:00.000Z,2026-03-23T00:00:00.000Z
6a23bf11d8b02e5181455ca5,6a23bf0fd8b02e5181455348,Võ Bích Hà,khachhang1780727567489@gmail.com,6a18590b2bc10bb7e5e86463,Arsenal adidas 26/27 Home Socks,2,640000,1280000,30000,Banking,shipping,Đà Nẵng,false,2026-03-24T00:00:00.000Z,2026-03-24T00:00:00.000Z
6a23bf11d8b02e5181455ca7,6a23bf0fd8b02e5181455354,Dương Công Long,khachhang1780727567501@gmail.com,6a1856198db103285a259cbe,Arsenal adidas 26/27 Home Goalkeeper Shorts,1,1216000,3648000,0,Banking,cancelled,Hồ Chí Minh,false,2026-03-25T00:00:00.000Z,2026-03-25T00:00:00.000Z
6a23bf11d8b02e5181455ca7,6a23bf0fd8b02e5181455354,Dương Công Long,khachhang1780727567501@gmail.com,6a1856198db103285a259d06,Arsenal adidas 25/26 Third Shorts,2,1216000,3648000,0,Banking,cancelled,Hồ Chí Minh,false,2026-03-25T00:00:00.000Z,2026-03-25T00:00:00.000Z
6a23bf11d8b02e5181455caa,6a23bf0fd8b02e5181455358,Lý Thúy Yến,khachhang1780727567505@gmail.com,6a1856198db103285a259c94,Arsenal adidas Womens 26/27 Crop Home Shirt,1,2400000,2400000,0,VNPay,delivered,Hồ Chí Minh,false,2026-03-26T00:00:00.000Z,2026-03-26T00:00:00.000Z
6a23bf11d8b02e5181455cac,6a23bf0fd8b02e5181455350,Nguyễn Thị Anh,khachhang1780727567497@gmail.com,6a1856198db103285a259c91,Arsenal adidas 26/27 Home Mini Kit,1,1600000,2880000,30000,Momo,shipping,Hà Nội,false,2026-03-27T00:00:00.000Z,2026-03-27T00:00:00.000Z
6a23bf11d8b02e5181455cac,6a23bf0fd8b02e5181455350,Nguyễn Thị Anh,khachhang1780727567497@gmail.com,6a18590b2bc10bb7e5e86474,Arsenal adidas 26/27 Home Black Backpack,1,1280000,2880000,30000,Momo,shipping,Hà Nội,false,2026-03-27T00:00:00.000Z,2026-03-27T00:00:00.000Z
6a23bf11d8b02e5181455caf,6a23bf0fd8b02e518145534e,Đỗ Hữu Khoa,khachhang1780727567495@gmail.com,6a1856198db103285a259cd6,Arsenal adidas 26/27 Home Scarf,1,736000,1436000,30000,VNPay,shipping,Hà Nội,false,2026-03-27T00:00:00.000Z,2026-03-27T00:00:00.000Z
6a23bf11d8b02e5181455caf,6a23bf0fd8b02e518145534e,Đỗ Hữu Khoa,khachhang1780727567495@gmail.com,6a1850eb1a7b2fdb0ae873bd,Tất Sân Khách Arsenal 25/26 – Away Socks,2,350000,1436000,30000,VNPay,shipping,Hà Nội,false,2026-03-27T00:00:00.000Z,2026-03-27T00:00:00.000Z
6a23bf11d8b02e5181455cb2,6a23bf0fd8b02e5181455346,Võ Hải Đạt,khachhang1780727567487@gmail.com,6a18590b2bc10bb7e5e86483,Arsenal adidas 26/27 White Home Cap,1,640000,2240000,30000,VNPay,delivered,Hồ Chí Minh,false,2026-03-28T00:00:00.000Z,2026-03-28T00:00:00.000Z
6a23bf11d8b02e5181455cb2,6a23bf0fd8b02e5181455346,Võ Hải Đạt,khachhang1780727567487@gmail.com,6a1856198db103285a259ceb,Arsenal adidas 25/26 Away Mini Kit,1,1600000,2240000,30000,VNPay,delivered,Hồ Chí Minh,false,2026-03-28T00:00:00.000Z,2026-03-28T00:00:00.000Z
6a23bf11d8b02e5181455cb5,6a23bf0fd8b02e5181455356,Vũ Công Hùng,khachhang1780727567503@gmail.com,6a1856198db103285a259cfa,Arsenal adidas 25/26 Away Shorts,1,1216000,2688000,30000,Momo,cancelled,Hà Nội,false,2026-03-29T00:00:00.000Z,2026-03-29T00:00:00.000Z
6a23bf11d8b02e5181455cb5,6a23bf0fd8b02e5181455356,Vũ Công Hùng,khachhang1780727567503@gmail.com,6a1856198db103285a259cd6,Arsenal adidas 26/27 Home Scarf,2,736000,2688000,30000,Momo,cancelled,Hà Nội,false,2026-03-29T00:00:00.000Z,2026-03-29T00:00:00.000Z
6a23bf11d8b02e5181455cb8,6a23bf0fd8b02e5181455353,Phan Công Phúc,khachhang1780727567500@gmail.com,6a1856198db103285a259ccd,Arsenal adidas 26/27 Red Backpack,2,1280000,3520000,30000,Banking,delivered,Hồ Chí Minh,false,2026-03-30T00:00:00.000Z,2026-03-30T00:00:00.000Z
6a23bf11d8b02e5181455cb8,6a23bf0fd8b02e5181455353,Phan Công Phúc,khachhang1780727567500@gmail.com,6a1856198db103285a259ca9,Arsenal adidas Kids 26/27 Home Shorts,1,960000,3520000,30000,Banking,delivered,Hồ Chí Minh,false,2026-03-30T00:00:00.000Z,2026-03-30T00:00:00.000Z
6a23bf11d8b02e5181455cbb,6a23bf0fd8b02e518145534a,Lý Thanh Linh,khachhang1780727567491@gmail.com,6a1850eb1a7b2fdb0ae873a5,Áo Tập Arsenal 25/26 – Training Jersey,2,1800000,8720000,30000,Momo,delivered,Hồ Chí Minh,false,2026-03-30T00:00:00.000Z,2026-03-30T00:00:00.000Z
6a23bf11d8b02e5181455cbb,6a23bf0fd8b02e518145534a,Lý Thanh Linh,khachhang1780727567491@gmail.com,6a1856198db103285a259c85,Arsenal adidas Kids 26/27 Authentic Home Shirt,2,2560000,8720000,30000,Momo,delivered,Hồ Chí Minh,false,2026-03-30T00:00:00.000Z,2026-03-30T00:00:00.000Z
6a23bf11d8b02e5181455cbe,6a23bf0fd8b02e518145534b,Đặng Ngọc Bảo,khachhang1780727567492@gmail.com,6a1856198db103285a259ce2,Arsenal adidas 26/27 Home Knitted Gloves,2,736000,1472000,30000,Momo,shipping,Đà Nẵng,false,2026-03-31T00:00:00.000Z,2026-03-31T00:00:00.000Z
6a23bf11d8b02e5181455cc0,6a23bf0fd8b02e5181455353,Phan Công Phúc,khachhang1780727567500@gmail.com,6a1850eb1a7b2fdb0ae873a8,Áo Khoác Anthem Arsenal Z.N.E. 25/26,1,2300000,5180000,0,VNPay,shipping,Hồ Chí Minh,false,2026-04-01T00:00:00.000Z,2026-04-01T00:00:00.000Z
6a23bf11d8b02e5181455cc0,6a23bf0fd8b02e5181455353,Phan Công Phúc,khachhang1780727567500@gmail.com,6a1856198db103285a259d12,Arsenal adidas 25/26 Third Authentic Alternate Shorts,2,1440000,5180000,0,VNPay,shipping,Hồ Chí Minh,false,2026-04-01T00:00:00.000Z,2026-04-01T00:00:00.000Z
6a23bf11d8b02e5181455cc3,6a23bf0fd8b02e5181455359,Dương Hồng Hà,khachhang1780727567506@gmail.com,6a1856198db103285a259cfd,Arsenal adidas 25/26 Authentic Alternate Away Shorts,1,1440000,3640000,30000,Banking,shipping,Đà Nẵng,false,2026-04-02T00:00:00.000Z,2026-04-02T00:00:00.000Z
6a23bf11d8b02e5181455cc3,6a23bf0fd8b02e5181455359,Dương Hồng Hà,khachhang1780727567506@gmail.com,6a1850ea1a7b2fdb0ae87396,Áo Đấu Sân Nhà Arsenal 25/26 – Fan Version,1,2200000,3640000,30000,Banking,shipping,Đà Nẵng,false,2026-04-02T00:00:00.000Z,2026-04-02T00:00:00.000Z
6a23bf11d8b02e5181455cc6,6a23bf0fd8b02e518145534f,Vũ Lan Linh,khachhang1780727567496@gmail.com,6a1850eb1a7b2fdb0ae873bd,Tất Sân Khách Arsenal 25/26 – Away Socks,2,350000,700000,30000,VNPay,delivered,Hồ Chí Minh,false,2026-04-03T00:00:00.000Z,2026-04-03T00:00:00.000Z
6a23bf11d8b02e5181455cc8,6a23bf0fd8b02e5181455359,Dương Hồng Hà,khachhang1780727567506@gmail.com,6a1856198db103285a259cfa,Arsenal adidas 25/26 Away Shorts,1,1216000,1216000,30000,Momo,delivered,Đà Nẵng,false,2026-04-04T00:00:00.000Z,2026-04-04T00:00:00.000Z
6a23bf11d8b02e5181455cca,6a23bf0fd8b02e518145534d,Đặng Hải Tuấn,khachhang1780727567494@gmail.com,6a1850eb1a7b2fdb0ae873b1,Balo Arsenal FC 25/26 – Backpack,2,1200000,2400000,0,Banking,delivered,Hồ Chí Minh,false,2026-04-04T00:00:00.000Z,2026-04-04T00:00:00.000Z
6a23bf11d8b02e5181455ccc,6a23bf0fd8b02e5181455352,Phạm Đình Thành,khachhang1780727567499@gmail.com,6a1856198db103285a259ccd,Arsenal adidas 26/27 Red Backpack,2,1280000,3520000,30000,Banking,delivered,Hà Nội,false,2026-04-05T00:00:00.000Z,2026-04-05T00:00:00.000Z
6a23bf11d8b02e5181455ccc,6a23bf0fd8b02e5181455352,Phạm Đình Thành,khachhang1780727567499@gmail.com,6a1856198db103285a259cd3,Arsenal adidas 26/27 Mini Home Football Size 1,2,480000,3520000,30000,Banking,delivered,Hà Nội,false,2026-04-05T00:00:00.000Z,2026-04-05T00:00:00.000Z
6a23bf11d8b02e5181455ccf,6a23bf0fd8b02e518145534d,Đặng Hải Tuấn,khachhang1780727567494@gmail.com,6a18590b2bc10bb7e5e86496,Arsenal adidas Kids 25/26 Away Shorts,1,960000,4800000,0,Banking,shipping,Hồ Chí Minh,false,2026-04-05T00:00:00.000Z,2026-04-05T00:00:00.000Z
6a23bf11d8b02e5181455ccf,6a23bf0fd8b02e518145534d,Đặng Hải Tuấn,khachhang1780727567494@gmail.com,6a18590b2bc10bb7e5e86491,Arsenal adidas 25/26 Authentic Away Shirt,1,3840000,4800000,0,Banking,shipping,Hồ Chí Minh,false,2026-04-05T00:00:00.000Z,2026-04-05T00:00:00.000Z
6a23bf11d8b02e5181455cd2,6a23bf0fd8b02e5181455356,Vũ Công Hùng,khachhang1780727567503@gmail.com,6a1856198db103285a259cb5,Arsenal adidas Kids 26/27 Home Socks,1,512000,512000,0,Banking,delivered,Hà Nội,false,2026-04-06T00:00:00.000Z,2026-04-06T00:00:00.000Z
6a23bf11d8b02e5181455cd4,6a23bf0fd8b02e518145534c,Võ Đức Cường,khachhang1780727567493@gmail.com,69ec674e7fb179301d9a2db5,Quần short tập luyện,2,1100000,2200000,0,Momo,delivered,Đà Nẵng,false,2026-04-06T00:00:00.000Z,2026-04-06T00:00:00.000Z
6a23bf11d8b02e5181455cd6,6a23bf0fd8b02e5181455357,Hồ Hải Đạt,khachhang1780727567504@gmail.com,69ec674e7fb179301d9a2db9,Mũ Lưỡi Trai Arsenal,2,450000,8580000,30000,COD,delivered,Hà Nội,false,2026-04-07T00:00:00.000Z,2026-04-07T00:00:00.000Z
6a23bf11d8b02e5181455cd6,6a23bf0fd8b02e5181455357,Hồ Hải Đạt,khachhang1780727567504@gmail.com,6a18590b2bc10bb7e5e8643c,Arsenal adidas 26/27 Authentic Home Shirt,2,3840000,8580000,30000,COD,delivered,Hà Nội,false,2026-04-07T00:00:00.000Z,2026-04-07T00:00:00.000Z
6a23bf11d8b02e5181455cd9,6a23bf0fd8b02e518145534b,Đặng Ngọc Bảo,khachhang1780727567492@gmail.com,6a1856198db103285a259d12,Arsenal adidas 25/26 Third Authentic Alternate Shorts,1,1440000,4440000,0,COD,shipping,Đà Nẵng,false,2026-04-07T00:00:00.000Z,2026-04-07T00:00:00.000Z
6a23bf11d8b02e5181455cd9,6a23bf0fd8b02e518145534b,Đặng Ngọc Bảo,khachhang1780727567492@gmail.com,6a1850eb1a7b2fdb0ae8739c,Áo Đấu Sân Khách Arsenal 25/26 – Authentic,1,3000000,4440000,0,COD,shipping,Đà Nẵng,false,2026-04-07T00:00:00.000Z,2026-04-07T00:00:00.000Z
6a23bf11d8b02e5181455cdc,6a23bf0fd8b02e5181455347,Phạm Đức Thành,khachhang1780727567488@gmail.com,69ec674e7fb179301d9a2db6,Tất sân nhà Arsenal 2025-2026,1,750000,750000,30000,Banking,delivered,Hà Nội,false,2026-04-07T00:00:00.000Z,2026-04-07T00:00:00.000Z
6a23bf11d8b02e5181455cde,6a23bf0fd8b02e5181455357,Hồ Hải Đạt,khachhang1780727567504@gmail.com,6a1850ea1a7b2fdb0ae87396,Áo Đấu Sân Nhà Arsenal 25/26 – Fan Version,2,2200000,9000000,0,VNPay,delivered,Hà Nội,false,2026-04-07T00:00:00.000Z,2026-04-07T00:00:00.000Z
6a23bf11d8b02e5181455cde,6a23bf0fd8b02e5181455357,Hồ Hải Đạt,khachhang1780727567504@gmail.com,6a1850eb1a7b2fdb0ae873a8,Áo Khoác Anthem Arsenal Z.N.E. 25/26,2,2300000,9000000,0,VNPay,delivered,Hà Nội,false,2026-04-07T00:00:00.000Z,2026-04-07T00:00:00.000Z
6a23bf11d8b02e5181455ce1,6a23bf0fd8b02e5181455351,Lý Thúy Trang,khachhang1780727567498@gmail.com,6a1856198db103285a259c97,Arsenal adidas 26/27 Authentic Home Long Sleeved Shirt,1,4160000,4160000,30000,COD,shipping,Đà Nẵng,false,2026-04-07T00:00:00.000Z,2026-04-07T00:00:00.000Z
6a23bf11d8b02e5181455ce3,6a23bf0fd8b02e518145534a,Lý Thanh Linh,khachhang1780727567491@gmail.com,6a1856198db103285a259cbe,Arsenal adidas 26/27 Home Goalkeeper Shorts,2,1216000,3232000,30000,Momo,pending,Hồ Chí Minh,false,2026-04-07T00:00:00.000Z,2026-04-07T00:00:00.000Z
6a23bf11d8b02e5181455ce3,6a23bf0fd8b02e518145534a,Lý Thanh Linh,khachhang1780727567491@gmail.com,6a1850eb1a7b2fdb0ae873ba,Bóng Đá Arsenal FC adidas 25/26,1,800000,3232000,30000,Momo,pending,Hồ Chí Minh,false,2026-04-07T00:00:00.000Z,2026-04-07T00:00:00.000Z
6a23bf11d8b02e5181455ce6,6a23bf0fd8b02e518145534d,Đặng Hải Tuấn,khachhang1780727567494@gmail.com,6a18590b2bc10bb7e5e86491,Arsenal adidas 25/26 Authentic Away Shirt,1,3840000,5440000,30000,COD,pending,Hồ Chí Minh,false,2026-04-07T00:00:00.000Z,2026-04-07T00:00:00.000Z
6a23bf11d8b02e5181455ce6,6a23bf0fd8b02e518145534d,Đặng Hải Tuấn,khachhang1780727567494@gmail.com,6a1856198db103285a259ceb,Arsenal adidas 25/26 Away Mini Kit,1,1600000,5440000,30000,COD,pending,Hồ Chí Minh,false,2026-04-07T00:00:00.000Z,2026-04-07T00:00:00.000Z
6a23bf11d8b02e5181455ce9,6a23bf0fd8b02e518145534b,Đặng Ngọc Bảo,khachhang1780727567492@gmail.com,6a1850eb1a7b2fdb0ae873a8,Áo Khoác Anthem Arsenal Z.N.E. 25/26,1,2300000,4860000,30000,Momo,delivered,Đà Nẵng,false,2026-04-07T00:00:00.000Z,2026-04-07T00:00:00.000Z
6a23bf11d8b02e5181455ce9,6a23bf0fd8b02e518145534b,Đặng Ngọc Bảo,khachhang1780727567492@gmail.com,6a1856198db103285a259ccd,Arsenal adidas 26/27 Red Backpack,2,1280000,4860000,30000,Momo,delivered,Đà Nẵng,false,2026-04-07T00:00:00.000Z,2026-04-07T00:00:00.000Z
6a23bf11d8b02e5181455cec,6a23bf0fd8b02e5181455358,Lý Thúy Yến,khachhang1780727567505@gmail.com,6a1850eb1a7b2fdb0ae873bd,Tất Sân Khách Arsenal 25/26 – Away Socks,2,350000,700000,30000,VNPay,delivered,Hồ Chí Minh,false,2026-04-07T00:00:00.000Z,2026-04-07T00:00:00.000Z
6a23bf11d8b02e5181455cee,6a23bf0fd8b02e5181455347,Phạm Đức Thành,khachhang1780727567488@gmail.com,6a1850eb1a7b2fdb0ae873a5,Áo Tập Arsenal 25/26 – Training Jersey,1,1800000,1800000,0,Momo,delivered,Hà Nội,false,2026-04-08T00:00:00.000Z,2026-04-08T00:00:00.000Z
6a23bf11d8b02e5181455cf0,6a23bf0fd8b02e518145534d,Đặng Hải Tuấn,khachhang1780727567494@gmail.com,6a1856198db103285a259cbe,Arsenal adidas 26/27 Home Goalkeeper Shorts,1,1216000,5376000,30000,VNPay,shipping,Hồ Chí Minh,false,2026-04-08T00:00:00.000Z,2026-04-08T00:00:00.000Z
6a23bf11d8b02e5181455cf0,6a23bf0fd8b02e518145534d,Đặng Hải Tuấn,khachhang1780727567494@gmail.com,6a1856198db103285a259c97,Arsenal adidas 26/27 Authentic Home Long Sleeved Shirt,1,4160000,5376000,30000,VNPay,shipping,Hồ Chí Minh,false,2026-04-08T00:00:00.000Z,2026-04-08T00:00:00.000Z
6a23bf11d8b02e5181455cf3,6a23bf0fd8b02e5181455358,Lý Thúy Yến,khachhang1780727567505@gmail.com,6a1856198db103285a259c94,Arsenal adidas Womens 26/27 Crop Home Shirt,2,2400000,4800000,30000,Banking,delivered,Hồ Chí Minh,false,2026-04-08T00:00:00.000Z,2026-04-08T00:00:00.000Z
6a23bf11d8b02e5181455cf5,6a23bf0fd8b02e518145534b,Đặng Ngọc Bảo,khachhang1780727567492@gmail.com,6a1856198db103285a259cfd,Arsenal adidas 25/26 Authentic Alternate Away Shorts,1,1440000,1440000,0,COD,shipping,Đà Nẵng,false,2026-04-08T00:00:00.000Z,2026-04-08T00:00:00.000Z
6a23bf11d8b02e5181455cf7,6a23bf0fd8b02e518145534a,Lý Thanh Linh,khachhang1780727567491@gmail.com,6a1856198db103285a259d06,Arsenal adidas 25/26 Third Shorts,1,1216000,5376000,30000,Momo,shipping,Hồ Chí Minh,false,2026-04-08T00:00:00.000Z,2026-04-08T00:00:00.000Z
6a23bf11d8b02e5181455cf7,6a23bf0fd8b02e518145534a,Lý Thanh Linh,khachhang1780727567491@gmail.com,6a1856198db103285a259ca0,Arsenal adidas Kids 26/27 Long Sleeved Home Shirt,2,2080000,5376000,30000,Momo,shipping,Hồ Chí Minh,false,2026-04-08T00:00:00.000Z,2026-04-08T00:00:00.000Z
6a23bf11d8b02e5181455cfa,6a23bf0fd8b02e5181455347,Phạm Đức Thành,khachhang1780727567488@gmail.com,6a1856198db103285a259d18,Arsenal adidas 25/26 Third Socks,1,640000,640000,30000,Momo,delivered,Hà Nội,false,2026-04-08T00:00:00.000Z,2026-04-08T00:00:00.000Z
6a23bf11d8b02e5181455cfc,6a23bf0fd8b02e518145534e,Đỗ Hữu Khoa,khachhang1780727567495@gmail.com,6a1856198db103285a259ce5,Arsenal adidas 26/27 Home Beanie,1,736000,1936000,0,Banking,delivered,Hà Nội,false,2026-04-08T00:00:00.000Z,2026-04-08T00:00:00.000Z
6a23bf11d8b02e5181455cfc,6a23bf0fd8b02e518145534e,Đỗ Hữu Khoa,khachhang1780727567495@gmail.com,6a1850eb1a7b2fdb0ae873b1,Balo Arsenal FC 25/26 – Backpack,1,1200000,1936000,0,Banking,delivered,Hà Nội,false,2026-04-08T00:00:00.000Z,2026-04-08T00:00:00.000Z
6a23bf11d8b02e5181455cff,6a23bf0fd8b02e518145534a,Lý Thanh Linh,khachhang1780727567491@gmail.com,6a1856198db103285a259d06,Arsenal adidas 25/26 Third Shorts,2,1216000,7032000,0,Momo,pending,Hồ Chí Minh,false,2026-04-09T00:00:00.000Z,2026-04-09T00:00:00.000Z
6a23bf11d8b02e5181455cff,6a23bf0fd8b02e518145534a,Lý Thanh Linh,khachhang1780727567491@gmail.com,6a1850eb1a7b2fdb0ae873a8,Áo Khoác Anthem Arsenal Z.N.E. 25/26,2,2300000,7032000,0,Momo,pending,Hồ Chí Minh,false,2026-04-09T00:00:00.000Z,2026-04-09T00:00:00.000Z
6a23bf11d8b02e5181455d02,6a23bf0fd8b02e5181455351,Lý Thúy Trang,khachhang1780727567498@gmail.com,6a1856198db103285a259cc1,Arsenal adidas Kids 26/27 Home Goalkeeper Shorts,2,960000,1920000,30000,VNPay,shipping,Đà Nẵng,false,2026-04-09T00:00:00.000Z,2026-04-09T00:00:00.000Z
6a23bf11d8b02e5181455d04,6a23bf0fd8b02e518145534b,Đặng Ngọc Bảo,khachhang1780727567492@gmail.com,6a1850eb1a7b2fdb0ae8739f,Áo Đấu Thứ Ba Arsenal 25/26 – Fan Version,2,2200000,4400000,0,VNPay,cancelled,Đà Nẵng,false,2026-04-09T00:00:00.000Z,2026-04-09T00:00:00.000Z
6a23bf11d8b02e5181455d06,6a23bf0fd8b02e5181455352,Phạm Đình Thành,khachhang1780727567499@gmail.com,6a1856198db103285a259ca0,Arsenal adidas Kids 26/27 Long Sleeved Home Shirt,1,2080000,2080000,30000,COD,delivered,Hà Nội,false,2026-04-09T00:00:00.000Z,2026-04-09T00:00:00.000Z
6a23bf11d8b02e5181455d08,6a23bf0fd8b02e518145534f,Vũ Lan Linh,khachhang1780727567496@gmail.com,6a18590b2bc10bb7e5e86479,Arsenal adidas 26/27 Home Football Size 5,1,640000,640000,30000,Momo,pending,Hồ Chí Minh,false,2026-04-09T00:00:00.000Z,2026-04-09T00:00:00.000Z
6a23bf11d8b02e5181455d0a,6a23bf0fd8b02e518145534f,Vũ Lan Linh,khachhang1780727567496@gmail.com,6a1856198db103285a259c97,Arsenal adidas 26/27 Authentic Home Long Sleeved Shirt,2,4160000,9820000,30000,VNPay,shipping,Hồ Chí Minh,false,2026-04-09T00:00:00.000Z,2026-04-09T00:00:00.000Z
6a23bf11d8b02e5181455d0a,6a23bf0fd8b02e518145534f,Vũ Lan Linh,khachhang1780727567496@gmail.com,69ec674e7fb179301d9a2db6,Tất sân nhà Arsenal 2025-2026,2,750000,9820000,30000,VNPay,shipping,Hồ Chí Minh,false,2026-04-09T00:00:00.000Z,2026-04-09T00:00:00.000Z
6a23bf11d8b02e5181455d0d,6a23bf0fd8b02e518145534d,Đặng Hải Tuấn,khachhang1780727567494@gmail.com,6a18590b2bc10bb7e5e86443,Arsenal adidas 26/27 Home Shirt,2,2720000,7360000,30000,VNPay,pending,Hồ Chí Minh,false,2026-04-10T00:00:00.000Z,2026-04-10T00:00:00.000Z
6a23bf11d8b02e5181455d0d,6a23bf0fd8b02e518145534d,Đặng Hải Tuấn,khachhang1780727567494@gmail.com,6a1856198db103285a259cf1,Arsenal adidas Kids 25/26 Away Shirt,1,1920000,7360000,30000,VNPay,pending,Hồ Chí Minh,false,2026-04-10T00:00:00.000Z,2026-04-10T00:00:00.000Z
6a23bf11d8b02e5181455d10,6a23bf0fd8b02e518145534c,Võ Đức Cường,khachhang1780727567493@gmail.com,6a1856198db103285a259cf1,Arsenal adidas Kids 25/26 Away Shirt,2,1920000,3840000,30000,VNPay,delivered,Đà Nẵng,false,2026-04-10T00:00:00.000Z,2026-04-10T00:00:00.000Z
6a23bf11d8b02e5181455d12,6a23bf0fd8b02e518145534f,Vũ Lan Linh,khachhang1780727567496@gmail.com,6a18590b2bc10bb7e5e86463,Arsenal adidas 26/27 Home Socks,1,640000,640000,0,VNPay,delivered,Hồ Chí Minh,false,2026-04-10T00:00:00.000Z,2026-04-10T00:00:00.000Z
6a23bf11d8b02e5181455d14,6a23bf0fd8b02e5181455357,Hồ Hải Đạt,khachhang1780727567504@gmail.com,6a18590b2bc10bb7e5e86463,Arsenal adidas 26/27 Home Socks,1,640000,640000,30000,Momo,delivered,Hà Nội,false,2026-04-10T00:00:00.000Z,2026-04-10T00:00:00.000Z
6a23bf11d8b02e5181455d16,6a23bf0fd8b02e5181455349,Võ Mỹ Trang,khachhang1780727567490@gmail.com,6a1850eb1a7b2fdb0ae873bd,Tất Sân Khách Arsenal 25/26 – Away Socks,2,350000,700000,30000,VNPay,shipping,Hồ Chí Minh,false,2026-04-10T00:00:00.000Z,2026-04-10T00:00:00.000Z
6a23bf11d8b02e5181455d18,6a23bf0fd8b02e5181455349,Võ Mỹ Trang,khachhang1780727567490@gmail.com,6a1850eb1a7b2fdb0ae873a2,Áo Đấu Sân Nhà Arsenal 25/26 Nữ,1,2200000,2200000,0,Banking,delivered,Hồ Chí Minh,false,2026-04-11T00:00:00.000Z,2026-04-11T00:00:00.000Z
6a23bf11d8b02e5181455d1a,6a23bf0fd8b02e5181455357,Hồ Hải Đạt,khachhang1780727567504@gmail.com,6a18590b2bc10bb7e5e86443,Arsenal adidas 26/27 Home Shirt,1,2720000,2720000,30000,Momo,cancelled,Hà Nội,false,2026-04-11T00:00:00.000Z,2026-04-11T00:00:00.000Z
6a23bf11d8b02e5181455d1c,6a23bf0fd8b02e518145534d,Đặng Hải Tuấn,khachhang1780727567494@gmail.com,6a1856198db103285a259d15,Arsenal adidas Kids 25/26 Third Goalkeeper Shirt,2,1920000,3840000,30000,VNPay,cancelled,Hồ Chí Minh,false,2026-04-11T00:00:00.000Z,2026-04-11T00:00:00.000Z
6a23bf11d8b02e5181455d1e,6a23bf0fd8b02e518145534e,Đỗ Hữu Khoa,khachhang1780727567495@gmail.com,6a1856198db103285a259d03,Arsenal adidas Kids 25/26 Third Shirt,1,1920000,6720000,0,Momo,delivered,Hà Nội,false,2026-04-12T00:00:00.000Z,2026-04-12T00:00:00.000Z
6a23bf11d8b02e5181455d1e,6a23bf0fd8b02e518145534e,Đỗ Hữu Khoa,khachhang1780727567495@gmail.com,6a1856198db103285a259c94,Arsenal adidas Womens 26/27 Crop Home Shirt,2,2400000,6720000,0,Momo,delivered,Hà Nội,false,2026-04-12T00:00:00.000Z,2026-04-12T00:00:00.000Z
6a23bf11d8b02e5181455d21,6a23bf0fd8b02e5181455350,Nguyễn Thị Anh,khachhang1780727567497@gmail.com,6a18590b2bc10bb7e5e8645a,Arsenal adidas 26/27 Home Shorts,2,1216000,2432000,30000,VNPay,cancelled,Hà Nội,false,2026-04-12T00:00:00.000Z,2026-04-12T00:00:00.000Z
6a23bf11d8b02e5181455d23,6a23bf0fd8b02e5181455354,Dương Công Long,khachhang1780727567501@gmail.com,6a1856198db103285a259ca3,Arsenal adidas 26/27 Home Baby Kit,2,1280000,4640000,0,Momo,shipping,Hồ Chí Minh,false,2026-04-12T00:00:00.000Z,2026-04-12T00:00:00.000Z
6a23bf11d8b02e5181455d23,6a23bf0fd8b02e5181455354,Dương Công Long,khachhang1780727567501@gmail.com,6a1856198db103285a259ca0,Arsenal adidas Kids 26/27 Long Sleeved Home Shirt,1,2080000,4640000,0,Momo,shipping,Hồ Chí Minh,false,2026-04-12T00:00:00.000Z,2026-04-12T00:00:00.000Z
6a23bf11d8b02e5181455d26,6a23bf0fd8b02e5181455349,Võ Mỹ Trang,khachhang1780727567490@gmail.com,6a1856198db103285a259ca0,Arsenal adidas Kids 26/27 Long Sleeved Home Shirt,1,2080000,8080000,0,COD,delivered,Hồ Chí Minh,false,2026-04-13T00:00:00.000Z,2026-04-13T00:00:00.000Z
6a23bf11d8b02e5181455d26,6a23bf0fd8b02e5181455349,Võ Mỹ Trang,khachhang1780727567490@gmail.com,6a1850ea1a7b2fdb0ae87393,Áo Đấu Sân Nhà Arsenal 25/26 – Authentic,2,3000000,8080000,0,COD,delivered,Hồ Chí Minh,false,2026-04-13T00:00:00.000Z,2026-04-13T00:00:00.000Z
6a23bf11d8b02e5181455d29,6a23bf0fd8b02e5181455356,Vũ Công Hùng,khachhang1780727567503@gmail.com,6a1856198db103285a259cfa,Arsenal adidas 25/26 Away Shorts,2,1216000,2432000,0,VNPay,delivered,Hà Nội,false,2026-04-14T00:00:00.000Z,2026-04-14T00:00:00.000Z
6a23bf11d8b02e5181455d2b,6a23bf0fd8b02e5181455353,Phan Công Phúc,khachhang1780727567500@gmail.com,6a1856198db103285a259c9a,Arsenal adidas Womens 26/27 Authentic Home Long Sleeved Shirt,1,4160000,4160000,30000,Banking,delivered,Hồ Chí Minh,false,2026-04-15T00:00:00.000Z,2026-04-15T00:00:00.000Z
6a23bf11d8b02e5181455d2d,6a23bf0fd8b02e5181455352,Phạm Đình Thành,khachhang1780727567499@gmail.com,6a1856198db103285a259c9d,Arsenal adidas 26/27 Home Long Sleeved Shirt,2,2880000,8640000,30000,Banking,cancelled,Hà Nội,false,2026-04-15T00:00:00.000Z,2026-04-15T00:00:00.000Z
6a23bf11d8b02e5181455d2d,6a23bf0fd8b02e5181455352,Phạm Đình Thành,khachhang1780727567499@gmail.com,6a1856198db103285a259d12,Arsenal adidas 25/26 Third Authentic Alternate Shorts,2,1440000,8640000,30000,Banking,cancelled,Hà Nội,false,2026-04-15T00:00:00.000Z,2026-04-15T00:00:00.000Z
6a23bf11d8b02e5181455d30,6a23bf0fd8b02e5181455357,Hồ Hải Đạt,khachhang1780727567504@gmail.com,6a1856198db103285a259d0c,Arsenal 25/26 Third Goalkeeper Shirt,1,1632000,1632000,0,Banking,shipping,Hà Nội,false,2026-04-15T00:00:00.000Z,2026-04-15T00:00:00.000Z
6a23bf11d8b02e5181455d32,6a23bf0fd8b02e5181455350,Nguyễn Thị Anh,khachhang1780727567497@gmail.com,6a1856198db103285a259ccd,Arsenal adidas 26/27 Red Backpack,2,1280000,2560000,0,COD,delivered,Hà Nội,false,2026-04-15T00:00:00.000Z,2026-04-15T00:00:00.000Z
6a23bf11d8b02e5181455d34,6a23bf0fd8b02e5181455356,Vũ Công Hùng,khachhang1780727567503@gmail.com,6a1856198db103285a259cb5,Arsenal adidas Kids 26/27 Home Socks,1,512000,1984000,0,VNPay,pending,Hà Nội,false,2026-04-16T00:00:00.000Z,2026-04-16T00:00:00.000Z
6a23bf11d8b02e5181455d34,6a23bf0fd8b02e5181455356,Vũ Công Hùng,khachhang1780727567503@gmail.com,6a1856198db103285a259cd6,Arsenal adidas 26/27 Home Scarf,2,736000,1984000,0,VNPay,pending,Hà Nội,false,2026-04-16T00:00:00.000Z,2026-04-16T00:00:00.000Z
6a23bf11d8b02e5181455d37,6a23bf0fd8b02e5181455355,Ngô Thu Hà,khachhang1780727567502@gmail.com,6a18590b2bc10bb7e5e86483,Arsenal adidas 26/27 White Home Cap,2,640000,2496000,30000,COD,shipping,Đà Nẵng,false,2026-04-16T00:00:00.000Z,2026-04-16T00:00:00.000Z
6a23bf11d8b02e5181455d37,6a23bf0fd8b02e5181455355,Ngô Thu Hà,khachhang1780727567502@gmail.com,6a18590b2bc10bb7e5e8645a,Arsenal adidas 26/27 Home Shorts,1,1216000,2496000,30000,COD,shipping,Đà Nẵng,false,2026-04-16T00:00:00.000Z,2026-04-16T00:00:00.000Z
6a23bf11d8b02e5181455d3a,6a23bf0fd8b02e518145534e,Đỗ Hữu Khoa,khachhang1780727567495@gmail.com,6a1850eb1a7b2fdb0ae873ab,Áo Hoodie Arsenal Essentials 25/26,2,1900000,3800000,30000,Momo,delivered,Hà Nội,false,2026-04-16T00:00:00.000Z,2026-04-16T00:00:00.000Z
6a23bf11d8b02e5181455d3c,6a23bf0fd8b02e5181455352,Phạm Đình Thành,khachhang1780727567499@gmail.com,6a1850eb1a7b2fdb0ae873a5,Áo Tập Arsenal 25/26 – Training Jersey,2,1800000,5040000,0,COD,delivered,Hà Nội,false,2026-04-16T00:00:00.000Z,2026-04-16T00:00:00.000Z
6a23bf11d8b02e5181455d3c,6a23bf0fd8b02e5181455352,Phạm Đình Thành,khachhang1780727567499@gmail.com,6a1856198db103285a259cfd,Arsenal adidas 25/26 Authentic Alternate Away Shorts,1,1440000,5040000,0,COD,delivered,Hà Nội,false,2026-04-16T00:00:00.000Z,2026-04-16T00:00:00.000Z
6a23bf11d8b02e5181455d3f,6a23bf0fd8b02e5181455347,Phạm Đức Thành,khachhang1780727567488@gmail.com,6a18590b2bc10bb7e5e8648c,Arsenal adidas 25/26 Away Shirt,1,2720000,2720000,0,COD,delivered,Hà Nội,false,2026-04-17T00:00:00.000Z,2026-04-17T00:00:00.000Z
6a23bf11d8b02e5181455d41,6a23bf0fd8b02e518145534b,Đặng Ngọc Bảo,khachhang1780727567492@gmail.com,6a1850eb1a7b2fdb0ae873bd,Tất Sân Khách Arsenal 25/26 – Away Socks,2,350000,3132000,30000,Momo,shipping,Đà Nẵng,false,2026-04-17T00:00:00.000Z,2026-04-17T00:00:00.000Z
6a23bf11d8b02e5181455d41,6a23bf0fd8b02e518145534b,Đặng Ngọc Bảo,khachhang1780727567492@gmail.com,6a18590b2bc10bb7e5e8645a,Arsenal adidas 26/27 Home Shorts,2,1216000,3132000,30000,Momo,shipping,Đà Nẵng,false,2026-04-17T00:00:00.000Z,2026-04-17T00:00:00.000Z
6a23bf11d8b02e5181455d44,6a23bf0fd8b02e518145534f,Vũ Lan Linh,khachhang1780727567496@gmail.com,6a1850eb1a7b2fdb0ae873a5,Áo Tập Arsenal 25/26 – Training Jersey,2,1800000,3600000,30000,COD,delivered,Hồ Chí Minh,false,2026-04-17T00:00:00.000Z,2026-04-17T00:00:00.000Z
6a23bf11d8b02e5181455d46,6a23bf0fd8b02e5181455350,Nguyễn Thị Anh,khachhang1780727567497@gmail.com,6a1856198db103285a259d06,Arsenal adidas 25/26 Third Shorts,1,1216000,3616000,0,VNPay,delivered,Hà Nội,false,2026-04-18T00:00:00.000Z,2026-04-18T00:00:00.000Z
6a23bf11d8b02e5181455d46,6a23bf0fd8b02e5181455350,Nguyễn Thị Anh,khachhang1780727567497@gmail.com,6a1856198db103285a259c94,Arsenal adidas Womens 26/27 Crop Home Shirt,1,2400000,3616000,0,VNPay,delivered,Hà Nội,false,2026-04-18T00:00:00.000Z,2026-04-18T00:00:00.000Z
6a23bf11d8b02e5181455d49,6a23bf0fd8b02e518145534b,Đặng Ngọc Bảo,khachhang1780727567492@gmail.com,6a1856198db103285a259cc4,Arsenal adidas 26/27 Home Goalkeeper Socks,2,640000,1280000,0,Banking,delivered,Đà Nẵng,false,2026-04-18T00:00:00.000Z,2026-04-18T00:00:00.000Z
6a23bf11d8b02e5181455d4b,6a23bf0fd8b02e518145534f,Vũ Lan Linh,khachhang1780727567496@gmail.com,6a18590b2bc10bb7e5e86499,Arsenal adidas Kids 25/26 Away Socks,2,512000,5824000,30000,VNPay,shipping,Hồ Chí Minh,false,2026-04-18T00:00:00.000Z,2026-04-18T00:00:00.000Z
6a23bf11d8b02e5181455d4b,6a23bf0fd8b02e518145534f,Vũ Lan Linh,khachhang1780727567496@gmail.com,6a1856198db103285a259c94,Arsenal adidas Womens 26/27 Crop Home Shirt,2,2400000,5824000,30000,VNPay,shipping,Hồ Chí Minh,false,2026-04-18T00:00:00.000Z,2026-04-18T00:00:00.000Z
6a23bf11d8b02e5181455d4e,6a23bf0fd8b02e5181455349,Võ Mỹ Trang,khachhang1780727567490@gmail.com,6a1856198db103285a259cb8,Arsenal adidas 26/27 Home Goalkeeper Shirt,1,2720000,2720000,30000,Banking,cancelled,Hồ Chí Minh,false,2026-04-19T00:00:00.000Z,2026-04-19T00:00:00.000Z
6a23bf11d8b02e5181455d50,6a23bf0fd8b02e518145534e,Đỗ Hữu Khoa,khachhang1780727567495@gmail.com,6a18590b2bc10bb7e5e86480,Arsenal adidas 26/27 Red Home Cap,2,640000,1280000,0,Banking,shipping,Hà Nội,false,2026-04-19T00:00:00.000Z,2026-04-19T00:00:00.000Z
6a23bf11d8b02e5181455d52,6a23bf0fd8b02e5181455350,Nguyễn Thị Anh,khachhang1780727567497@gmail.com,6a1856198db103285a259d0f,Arsenal adidas Kids 25/26 Third Shorts,1,960000,960000,0,COD,delivered,Hà Nội,false,2026-04-20T00:00:00.000Z,2026-04-20T00:00:00.000Z
6a23bf11d8b02e5181455d54,6a23bf0fd8b02e5181455358,Lý Thúy Yến,khachhang1780727567505@gmail.com,6a1856198db103285a259d15,Arsenal adidas Kids 25/26 Third Goalkeeper Shirt,1,1920000,1920000,30000,Banking,delivered,Hồ Chí Minh,false,2026-04-20T00:00:00.000Z,2026-04-20T00:00:00.000Z
6a23bf11d8b02e5181455d56,6a23bf0fd8b02e518145534c,Võ Đức Cường,khachhang1780727567493@gmail.com,6a18590b2bc10bb7e5e86483,Arsenal adidas 26/27 White Home Cap,1,640000,3200000,0,VNPay,cancelled,Đà Nẵng,false,2026-04-21T00:00:00.000Z,2026-04-21T00:00:00.000Z
6a23bf11d8b02e5181455d56,6a23bf0fd8b02e518145534c,Võ Đức Cường,khachhang1780727567493@gmail.com,6a1856198db103285a259c85,Arsenal adidas Kids 26/27 Authentic Home Shirt,1,2560000,3200000,0,VNPay,cancelled,Đà Nẵng,false,2026-04-21T00:00:00.000Z,2026-04-21T00:00:00.000Z
6a23bf11d8b02e5181455d59,6a23bf0fd8b02e5181455351,Lý Thúy Trang,khachhang1780727567498@gmail.com,6a1850ea1a7b2fdb0ae87393,Áo Đấu Sân Nhà Arsenal 25/26 – Authentic,2,3000000,14320000,30000,Banking,shipping,Đà Nẵng,false,2026-04-21T00:00:00.000Z,2026-04-21T00:00:00.000Z
6a23bf11d8b02e5181455d59,6a23bf0fd8b02e5181455351,Lý Thúy Trang,khachhang1780727567498@gmail.com,6a1856198db103285a259c9a,Arsenal adidas Womens 26/27 Authentic Home Long Sleeved Shirt,2,4160000,14320000,30000,Banking,shipping,Đà Nẵng,false,2026-04-21T00:00:00.000Z,2026-04-21T00:00:00.000Z
6a23bf11d8b02e5181455d5c,6a23bf0fd8b02e5181455356,Vũ Công Hùng,khachhang1780727567503@gmail.com,6a1850eb1a7b2fdb0ae8739f,Áo Đấu Thứ Ba Arsenal 25/26 – Fan Version,1,2200000,2200000,30000,Momo,shipping,Hà Nội,false,2026-04-22T00:00:00.000Z,2026-04-22T00:00:00.000Z
6a23bf11d8b02e5181455d5e,6a23bf0fd8b02e5181455358,Lý Thúy Yến,khachhang1780727567505@gmail.com,6a1856198db103285a259caf,Arsenal adidas 26/27 Authentic Alternate Home Shorts,1,1440000,2340000,0,Banking,cancelled,Hồ Chí Minh,false,2026-04-23T00:00:00.000Z,2026-04-23T00:00:00.000Z
6a23bf11d8b02e5181455d5e,6a23bf0fd8b02e5181455358,Lý Thúy Yến,khachhang1780727567505@gmail.com,69ec674e7fb179301d9a2db9,Mũ Lưỡi Trai Arsenal,2,450000,2340000,0,Banking,cancelled,Hồ Chí Minh,false,2026-04-23T00:00:00.000Z,2026-04-23T00:00:00.000Z
6a23bf11d8b02e5181455d61,6a23bf0fd8b02e5181455347,Phạm Đức Thành,khachhang1780727567488@gmail.com,6a1850eb1a7b2fdb0ae873a8,Áo Khoác Anthem Arsenal Z.N.E. 25/26,1,2300000,3932000,30000,Banking,pending,Hà Nội,false,2026-04-24T00:00:00.000Z,2026-04-24T00:00:00.000Z
6a23bf11d8b02e5181455d61,6a23bf0fd8b02e5181455347,Phạm Đức Thành,khachhang1780727567488@gmail.com,6a1856198db103285a259d0c,Arsenal 25/26 Third Goalkeeper Shirt,1,1632000,3932000,30000,Banking,pending,Hà Nội,false,2026-04-24T00:00:00.000Z,2026-04-24T00:00:00.000Z
6a23bf11d8b02e5181455d64,6a23bf0fd8b02e5181455349,Võ Mỹ Trang,khachhang1780727567490@gmail.com,6a1856198db103285a259cc1,Arsenal adidas Kids 26/27 Home Goalkeeper Shorts,1,960000,2560000,30000,VNPay,delivered,Hồ Chí Minh,false,2026-04-25T00:00:00.000Z,2026-04-25T00:00:00.000Z
6a23bf11d8b02e5181455d64,6a23bf0fd8b02e5181455349,Võ Mỹ Trang,khachhang1780727567490@gmail.com,6a1856198db103285a259ceb,Arsenal adidas 25/26 Away Mini Kit,1,1600000,2560000,30000,VNPay,delivered,Hồ Chí Minh,false,2026-04-25T00:00:00.000Z,2026-04-25T00:00:00.000Z
6a23bf11d8b02e5181455d67,6a23bf0fd8b02e518145534c,Võ Đức Cường,khachhang1780727567493@gmail.com,6a1850eb1a7b2fdb0ae8739f,Áo Đấu Thứ Ba Arsenal 25/26 – Fan Version,1,2200000,2200000,30000,COD,delivered,Đà Nẵng,false,2026-04-25T00:00:00.000Z,2026-04-25T00:00:00.000Z
6a23bf11d8b02e5181455d69,6a23bf0fd8b02e5181455351,Lý Thúy Trang,khachhang1780727567498@gmail.com,6a1850eb1a7b2fdb0ae8739f,Áo Đấu Thứ Ba Arsenal 25/26 – Fan Version,2,2200000,4400000,30000,VNPay,shipping,Đà Nẵng,false,2026-04-25T00:00:00.000Z,2026-04-25T00:00:00.000Z
6a23bf11d8b02e5181455d6b,6a23bf0fd8b02e5181455351,Lý Thúy Trang,khachhang1780727567498@gmail.com,6a1850eb1a7b2fdb0ae873bd,Tất Sân Khách Arsenal 25/26 – Away Socks,1,350000,350000,30000,VNPay,delivered,Đà Nẵng,false,2026-04-25T00:00:00.000Z,2026-04-25T00:00:00.000Z
6a23bf11d8b02e5181455d6d,6a23bf0fd8b02e5181455351,Lý Thúy Trang,khachhang1780727567498@gmail.com,6a1850eb1a7b2fdb0ae873a8,Áo Khoác Anthem Arsenal Z.N.E. 25/26,1,2300000,3324000,30000,COD,shipping,Đà Nẵng,false,2026-04-25T00:00:00.000Z,2026-04-25T00:00:00.000Z
6a23bf11d8b02e5181455d6d,6a23bf0fd8b02e5181455351,Lý Thúy Trang,khachhang1780727567498@gmail.com,6a1856198db103285a259cc7,Arsenal adidas Kids 26/27 Home Goalkeeper Socks,2,512000,3324000,30000,COD,shipping,Đà Nẵng,false,2026-04-25T00:00:00.000Z,2026-04-25T00:00:00.000Z
6a23bf11d8b02e5181455d70,6a23bf0fd8b02e5181455346,Võ Hải Đạt,khachhang1780727567487@gmail.com,6a18590b2bc10bb7e5e86449,Arsenal adidas Kids 26/27 Home Shirt,2,1920000,3840000,30000,Banking,delivered,Hồ Chí Minh,false,2026-04-25T00:00:00.000Z,2026-04-25T00:00:00.000Z
6a23bf11d8b02e5181455d72,6a23bf0fd8b02e5181455346,Võ Hải Đạt,khachhang1780727567487@gmail.com,6a1850eb1a7b2fdb0ae873a5,Áo Tập Arsenal 25/26 – Training Jersey,1,1800000,4800000,30000,COD,delivered,Hồ Chí Minh,false,2026-04-25T00:00:00.000Z,2026-04-25T00:00:00.000Z
6a23bf11d8b02e5181455d72,6a23bf0fd8b02e5181455346,Võ Hải Đạt,khachhang1780727567487@gmail.com,6a1850eb1a7b2fdb0ae8739c,Áo Đấu Sân Khách Arsenal 25/26 – Authentic,1,3000000,4800000,30000,COD,delivered,Hồ Chí Minh,false,2026-04-25T00:00:00.000Z,2026-04-25T00:00:00.000Z
6a23bf11d8b02e5181455d75,6a23bf0fd8b02e5181455350,Nguyễn Thị Anh,khachhang1780727567497@gmail.com,6a1856198db103285a259cfa,Arsenal adidas 25/26 Away Shorts,1,1216000,5056000,30000,COD,delivered,Hà Nội,false,2026-04-25T00:00:00.000Z,2026-04-25T00:00:00.000Z
6a23bf11d8b02e5181455d75,6a23bf0fd8b02e5181455350,Nguyễn Thị Anh,khachhang1780727567497@gmail.com,6a18590b2bc10bb7e5e86449,Arsenal adidas Kids 26/27 Home Shirt,2,1920000,5056000,30000,COD,delivered,Hà Nội,false,2026-04-25T00:00:00.000Z,2026-04-25T00:00:00.000Z
6a23bf11d8b02e5181455d78,6a23bf0fd8b02e5181455346,Võ Hải Đạt,khachhang1780727567487@gmail.com,6a18590b2bc10bb7e5e86496,Arsenal adidas Kids 25/26 Away Shorts,2,960000,4640000,30000,COD,delivered,Hồ Chí Minh,false,2026-04-25T00:00:00.000Z,2026-04-25T00:00:00.000Z
6a23bf11d8b02e5181455d78,6a23bf0fd8b02e5181455346,Võ Hải Đạt,khachhang1780727567487@gmail.com,6a1856198db103285a259cb8,Arsenal adidas 26/27 Home Goalkeeper Shirt,1,2720000,4640000,30000,COD,delivered,Hồ Chí Minh,false,2026-04-25T00:00:00.000Z,2026-04-25T00:00:00.000Z
6a23bf11d8b02e5181455d7b,6a23bf0fd8b02e5181455358,Lý Thúy Yến,khachhang1780727567505@gmail.com,6a1856198db103285a259cac,Arsenal adidas 26/27 Authentic Home Shorts,1,1440000,5600000,0,COD,delivered,Hồ Chí Minh,false,2026-04-26T00:00:00.000Z,2026-04-26T00:00:00.000Z
6a23bf11d8b02e5181455d7b,6a23bf0fd8b02e5181455358,Lý Thúy Yến,khachhang1780727567505@gmail.com,6a1856198db103285a259c9a,Arsenal adidas Womens 26/27 Authentic Home Long Sleeved Shirt,1,4160000,5600000,0,COD,delivered,Hồ Chí Minh,false,2026-04-26T00:00:00.000Z,2026-04-26T00:00:00.000Z
6a23bf11d8b02e5181455d7e,6a23bf0fd8b02e5181455359,Dương Hồng Hà,khachhang1780727567506@gmail.com,6a18590b2bc10bb7e5e8648c,Arsenal adidas 25/26 Away Shirt,2,2720000,5440000,0,Momo,delivered,Đà Nẵng,false,2026-04-26T00:00:00.000Z,2026-04-26T00:00:00.000Z
6a23bf11d8b02e5181455d80,6a23bf0fd8b02e5181455355,Ngô Thu Hà,khachhang1780727567502@gmail.com,6a1856198db103285a259c94,Arsenal adidas Womens 26/27 Crop Home Shirt,1,2400000,2400000,30000,Momo,shipping,Đà Nẵng,false,2026-04-26T00:00:00.000Z,2026-04-26T00:00:00.000Z
6a23bf11d8b02e5181455d82,6a23bf0fd8b02e518145534c,Võ Đức Cường,khachhang1780727567493@gmail.com,6a18590b2bc10bb7e5e8643c,Arsenal adidas 26/27 Authentic Home Shirt,1,3840000,8240000,30000,Banking,shipping,Đà Nẵng,false,2026-04-26T00:00:00.000Z,2026-04-26T00:00:00.000Z
6a23bf11d8b02e5181455d82,6a23bf0fd8b02e518145534c,Võ Đức Cường,khachhang1780727567493@gmail.com,6a1850eb1a7b2fdb0ae87399,Áo Đấu Sân Khách Arsenal 25/26 – Fan Version,2,2200000,8240000,30000,Banking,shipping,Đà Nẵng,false,2026-04-26T00:00:00.000Z,2026-04-26T00:00:00.000Z
6a23bf11d8b02e5181455d85,6a23bf0fd8b02e518145534f,Vũ Lan Linh,khachhang1780727567496@gmail.com,6a1850eb1a7b2fdb0ae873b1,Balo Arsenal FC 25/26 – Backpack,1,1200000,1200000,30000,VNPay,delivered,Hồ Chí Minh,false,2026-04-26T00:00:00.000Z,2026-04-26T00:00:00.000Z
6a23bf11d8b02e5181455d87,6a23bf0fd8b02e5181455358,Lý Thúy Yến,khachhang1780727567505@gmail.com,6a1856198db103285a259cdf,Arsenal adidas 26/27 Home Water Bottle,2,320000,640000,0,Banking,delivered,Hồ Chí Minh,false,2026-04-26T00:00:00.000Z,2026-04-26T00:00:00.000Z
6a23bf11d8b02e5181455d89,6a23bf0fd8b02e5181455351,Lý Thúy Trang,khachhang1780727567498@gmail.com,6a18590b2bc10bb7e5e86479,Arsenal adidas 26/27 Home Football Size 5,2,640000,4000000,30000,Banking,delivered,Đà Nẵng,false,2026-04-26T00:00:00.000Z,2026-04-26T00:00:00.000Z
6a23bf11d8b02e5181455d89,6a23bf0fd8b02e5181455351,Lý Thúy Trang,khachhang1780727567498@gmail.com,6a18590b2bc10bb7e5e864a0,Arsenal adidas 25/26 Third Shirt,1,2720000,4000000,30000,Banking,delivered,Đà Nẵng,false,2026-04-26T00:00:00.000Z,2026-04-26T00:00:00.000Z
6a23bf11d8b02e5181455d8c,6a23bf0fd8b02e518145534e,Đỗ Hữu Khoa,khachhang1780727567495@gmail.com,6a1856198db103285a259c94,Arsenal adidas Womens 26/27 Crop Home Shirt,1,2400000,6800000,0,Momo,pending,Hà Nội,false,2026-04-26T00:00:00.000Z,2026-04-26T00:00:00.000Z
6a23bf11d8b02e5181455d8c,6a23bf0fd8b02e518145534e,Đỗ Hữu Khoa,khachhang1780727567495@gmail.com,6a1850eb1a7b2fdb0ae8739f,Áo Đấu Thứ Ba Arsenal 25/26 – Fan Version,2,2200000,6800000,0,Momo,pending,Hà Nội,false,2026-04-26T00:00:00.000Z,2026-04-26T00:00:00.000Z
6a23bf11d8b02e5181455d8f,6a23bf0fd8b02e5181455347,Phạm Đức Thành,khachhang1780727567488@gmail.com,6a1856198db103285a259d18,Arsenal adidas 25/26 Third Socks,1,640000,640000,0,VNPay,cancelled,Hà Nội,false,2026-04-27T00:00:00.000Z,2026-04-27T00:00:00.000Z
6a23bf11d8b02e5181455d91,6a23bf0fd8b02e5181455356,Vũ Công Hùng,khachhang1780727567503@gmail.com,6a1856198db103285a259d12,Arsenal adidas 25/26 Third Authentic Alternate Shorts,1,1440000,2880000,30000,COD,shipping,Hà Nội,false,2026-04-27T00:00:00.000Z,2026-04-27T00:00:00.000Z
6a23bf11d8b02e5181455d91,6a23bf0fd8b02e5181455356,Vũ Công Hùng,khachhang1780727567503@gmail.com,6a1856198db103285a259caf,Arsenal adidas 26/27 Authentic Alternate Home Shorts,1,1440000,2880000,30000,COD,shipping,Hà Nội,false,2026-04-27T00:00:00.000Z,2026-04-27T00:00:00.000Z
6a23bf11d8b02e5181455d94,6a23bf0fd8b02e5181455354,Dương Công Long,khachhang1780727567501@gmail.com,6a1856198db103285a259d03,Arsenal adidas Kids 25/26 Third Shirt,1,1920000,1920000,30000,Banking,cancelled,Hồ Chí Minh,false,2026-04-27T00:00:00.000Z,2026-04-27T00:00:00.000Z
6a23bf11d8b02e5181455d96,6a23bf0fd8b02e5181455356,Vũ Công Hùng,khachhang1780727567503@gmail.com,6a1856198db103285a259ca9,Arsenal adidas Kids 26/27 Home Shorts,1,960000,960000,0,Momo,delivered,Hà Nội,false,2026-04-27T00:00:00.000Z,2026-04-27T00:00:00.000Z
6a23bf11d8b02e5181455d98,6a23bf0fd8b02e5181455352,Phạm Đình Thành,khachhang1780727567499@gmail.com,6a18590b2bc10bb7e5e86483,Arsenal adidas 26/27 White Home Cap,2,640000,1280000,30000,Momo,shipping,Hà Nội,false,2026-04-27T00:00:00.000Z,2026-04-27T00:00:00.000Z
6a23bf11d8b02e5181455d9a,6a23bf0fd8b02e518145534d,Đặng Hải Tuấn,khachhang1780727567494@gmail.com,6a18590b2bc10bb7e5e86480,Arsenal adidas 26/27 Red Home Cap,1,640000,3520000,30000,VNPay,pending,Hồ Chí Minh,false,2026-04-28T00:00:00.000Z,2026-04-28T00:00:00.000Z
6a23bf11d8b02e5181455d9a,6a23bf0fd8b02e518145534d,Đặng Hải Tuấn,khachhang1780727567494@gmail.com,6a1856198db103285a259d12,Arsenal adidas 25/26 Third Authentic Alternate Shorts,2,1440000,3520000,30000,VNPay,pending,Hồ Chí Minh,false,2026-04-28T00:00:00.000Z,2026-04-28T00:00:00.000Z
6a23bf11d8b02e5181455d9d,6a23bf0fd8b02e518145534d,Đặng Hải Tuấn,khachhang1780727567494@gmail.com,6a1856198db103285a259cdf,Arsenal adidas 26/27 Home Water Bottle,2,320000,1600000,30000,Momo,cancelled,Hồ Chí Minh,false,2026-04-28T00:00:00.000Z,2026-04-28T00:00:00.000Z
6a23bf11d8b02e5181455d9d,6a23bf0fd8b02e518145534d,Đặng Hải Tuấn,khachhang1780727567494@gmail.com,6a1856198db103285a259cc1,Arsenal adidas Kids 26/27 Home Goalkeeper Shorts,1,960000,1600000,30000,Momo,cancelled,Hồ Chí Minh,false,2026-04-28T00:00:00.000Z,2026-04-28T00:00:00.000Z
6a23bf11d8b02e5181455da0,6a23bf0fd8b02e5181455353,Phan Công Phúc,khachhang1780727567500@gmail.com,6a1850ea1a7b2fdb0ae87393,Áo Đấu Sân Nhà Arsenal 25/26 – Authentic,1,3000000,3600000,30000,VNPay,cancelled,Hồ Chí Minh,false,2026-04-28T00:00:00.000Z,2026-04-28T00:00:00.000Z
6a23bf11d8b02e5181455da0,6a23bf0fd8b02e5181455353,Phan Công Phúc,khachhang1780727567500@gmail.com,6a1850eb1a7b2fdb0ae873b4,Mũ Bóng Chày Arsenal FC 25/26 – Cap,1,600000,3600000,30000,VNPay,cancelled,Hồ Chí Minh,false,2026-04-28T00:00:00.000Z,2026-04-28T00:00:00.000Z
6a23bf11d8b02e5181455da3,6a23bf0fd8b02e5181455358,Lý Thúy Yến,khachhang1780727567505@gmail.com,69ec674e7fb179301d9a2db6,Tất sân nhà Arsenal 2025-2026,2,750000,2524000,30000,VNPay,cancelled,Hồ Chí Minh,false,2026-04-28T00:00:00.000Z,2026-04-28T00:00:00.000Z
6a23bf11d8b02e5181455da3,6a23bf0fd8b02e5181455358,Lý Thúy Yến,khachhang1780727567505@gmail.com,6a18590b2bc10bb7e5e86499,Arsenal adidas Kids 25/26 Away Socks,2,512000,2524000,30000,VNPay,cancelled,Hồ Chí Minh,false,2026-04-28T00:00:00.000Z,2026-04-28T00:00:00.000Z
6a23bf11d8b02e5181455da6,6a23bf0fd8b02e5181455352,Phạm Đình Thành,khachhang1780727567499@gmail.com,6a1856198db103285a259cfa,Arsenal adidas 25/26 Away Shorts,2,1216000,2432000,30000,COD,shipping,Hà Nội,false,2026-04-28T00:00:00.000Z,2026-04-28T00:00:00.000Z
6a23bf11d8b02e5181455da8,6a23bf0fd8b02e5181455350,Nguyễn Thị Anh,khachhang1780727567497@gmail.com,6a1856198db103285a259ce2,Arsenal adidas 26/27 Home Knitted Gloves,1,736000,736000,0,VNPay,delivered,Hà Nội,false,2026-04-29T00:00:00.000Z,2026-04-29T00:00:00.000Z
6a23bf11d8b02e5181455daa,6a23bf0fd8b02e518145534a,Lý Thanh Linh,khachhang1780727567491@gmail.com,6a1850eb1a7b2fdb0ae873a5,Áo Tập Arsenal 25/26 – Training Jersey,2,1800000,4350000,0,VNPay,shipping,Hồ Chí Minh,false,2026-04-29T00:00:00.000Z,2026-04-29T00:00:00.000Z
6a23bf11d8b02e5181455daa,6a23bf0fd8b02e518145534a,Lý Thanh Linh,khachhang1780727567491@gmail.com,69ec674e7fb179301d9a2db6,Tất sân nhà Arsenal 2025-2026,1,750000,4350000,0,VNPay,shipping,Hồ Chí Minh,false,2026-04-29T00:00:00.000Z,2026-04-29T00:00:00.000Z
6a23bf11d8b02e5181455dad,6a23bf0fd8b02e5181455355,Ngô Thu Hà,khachhang1780727567502@gmail.com,6a18590b2bc10bb7e5e86499,Arsenal adidas Kids 25/26 Away Socks,1,512000,3392000,30000,COD,delivered,Đà Nẵng,false,2026-04-29T00:00:00.000Z,2026-04-29T00:00:00.000Z
6a23bf11d8b02e5181455dad,6a23bf0fd8b02e5181455355,Ngô Thu Hà,khachhang1780727567502@gmail.com,6a1856198db103285a259c9d,Arsenal adidas 26/27 Home Long Sleeved Shirt,1,2880000,3392000,30000,COD,delivered,Đà Nẵng,false,2026-04-29T00:00:00.000Z,2026-04-29T00:00:00.000Z
6a23bf11d8b02e5181455db0,6a23bf0fd8b02e518145534e,Đỗ Hữu Khoa,khachhang1780727567495@gmail.com,69ec674e7fb179301d9a2db9,Mũ Lưỡi Trai Arsenal,1,450000,450000,30000,Momo,delivered,Hà Nội,false,2026-04-29T00:00:00.000Z,2026-04-29T00:00:00.000Z
6a23bf11d8b02e5181455db2,6a23bf0fd8b02e518145534f,Vũ Lan Linh,khachhang1780727567496@gmail.com,6a18590b2bc10bb7e5e86463,Arsenal adidas 26/27 Home Socks,2,640000,1280000,30000,COD,delivered,Hồ Chí Minh,false,2026-04-29T00:00:00.000Z,2026-04-29T00:00:00.000Z
6a23bf11d8b02e5181455db4,6a23bf0fd8b02e5181455353,Phan Công Phúc,khachhang1780727567500@gmail.com,6a18590b2bc10bb7e5e86443,Arsenal adidas 26/27 Home Shirt,2,2720000,11440000,0,VNPay,cancelled,Hồ Chí Minh,false,2026-04-30T00:00:00.000Z,2026-04-30T00:00:00.000Z
6a23bf11d8b02e5181455db4,6a23bf0fd8b02e5181455353,Phan Công Phúc,khachhang1780727567500@gmail.com,6a1850eb1a7b2fdb0ae8739c,Áo Đấu Sân Khách Arsenal 25/26 – Authentic,2,3000000,11440000,0,VNPay,cancelled,Hồ Chí Minh,false,2026-04-30T00:00:00.000Z,2026-04-30T00:00:00.000Z
6a23bf11d8b02e5181455db7,6a23bf0fd8b02e5181455358,Lý Thúy Yến,khachhang1780727567505@gmail.com,6a18590b2bc10bb7e5e8645a,Arsenal adidas 26/27 Home Shorts,2,1216000,5152000,0,Banking,shipping,Hồ Chí Minh,false,2026-04-30T00:00:00.000Z,2026-04-30T00:00:00.000Z
6a23bf11d8b02e5181455db7,6a23bf0fd8b02e5181455358,Lý Thúy Yến,khachhang1780727567505@gmail.com,6a1856198db103285a259cb8,Arsenal adidas 26/27 Home Goalkeeper Shirt,1,2720000,5152000,0,Banking,shipping,Hồ Chí Minh,false,2026-04-30T00:00:00.000Z,2026-04-30T00:00:00.000Z
6a23bf11d8b02e5181455dba,6a23bf0fd8b02e5181455357,Hồ Hải Đạt,khachhang1780727567504@gmail.com,6a1850eb1a7b2fdb0ae873a5,Áo Tập Arsenal 25/26 – Training Jersey,2,1800000,7760000,0,Momo,delivered,Hà Nội,false,2026-04-30T00:00:00.000Z,2026-04-30T00:00:00.000Z
6a23bf11d8b02e5181455dba,6a23bf0fd8b02e5181455357,Hồ Hải Đạt,khachhang1780727567504@gmail.com,6a1856198db103285a259c97,Arsenal adidas 26/27 Authentic Home Long Sleeved Shirt,1,4160000,7760000,0,Momo,delivered,Hà Nội,false,2026-04-30T00:00:00.000Z,2026-04-30T00:00:00.000Z
6a23bf11d8b02e5181455dbd,6a23bf0fd8b02e5181455355,Ngô Thu Hà,khachhang1780727567502@gmail.com,6a1856198db103285a259cfd,Arsenal adidas 25/26 Authentic Alternate Away Shorts,1,1440000,1440000,30000,VNPay,pending,Đà Nẵng,false,2026-04-30T00:00:00.000Z,2026-04-30T00:00:00.000Z
6a23bf11d8b02e5181455dbf,6a23bf0fd8b02e5181455359,Dương Hồng Hà,khachhang1780727567506@gmail.com,6a1850eb1a7b2fdb0ae873bd,Tất Sân Khách Arsenal 25/26 – Away Socks,1,350000,350000,30000,VNPay,pending,Đà Nẵng,false,2026-05-01T00:00:00.000Z,2026-05-01T00:00:00.000Z
6a23bf11d8b02e5181455dc1,6a23bf0fd8b02e5181455358,Lý Thúy Yến,khachhang1780727567505@gmail.com,6a1856198db103285a259d03,Arsenal adidas Kids 25/26 Third Shirt,2,1920000,11520000,30000,Banking,delivered,Hồ Chí Minh,false,2026-05-01T00:00:00.000Z,2026-05-01T00:00:00.000Z
6a23bf11d8b02e5181455dc1,6a23bf0fd8b02e5181455358,Lý Thúy Yến,khachhang1780727567505@gmail.com,6a1856198db103285a259c82,Arsenal adidas Womens 26/27 Authentic Home Shirt,2,3840000,11520000,30000,Banking,delivered,Hồ Chí Minh,false,2026-05-01T00:00:00.000Z,2026-05-01T00:00:00.000Z
6a23bf11d8b02e5181455dc4,6a23bf0fd8b02e5181455357,Hồ Hải Đạt,khachhang1780727567504@gmail.com,6a1850eb1a7b2fdb0ae873ae,Quần Tập Luyện Arsenal 25/26 – Training Pants,2,1600000,3200000,30000,VNPay,pending,Hà Nội,false,2026-05-02T00:00:00.000Z,2026-05-02T00:00:00.000Z
6a23bf11d8b02e5181455dc6,6a23bf0fd8b02e5181455359,Dương Hồng Hà,khachhang1780727567506@gmail.com,6a1856198db103285a259cd6,Arsenal adidas 26/27 Home Scarf,2,736000,1472000,30000,COD,shipping,Đà Nẵng,false,2026-05-02T00:00:00.000Z,2026-05-02T00:00:00.000Z
6a23bf11d8b02e5181455dc8,6a23bf0fd8b02e5181455348,Võ Bích Hà,khachhang1780727567489@gmail.com,6a1850eb1a7b2fdb0ae8739f,Áo Đấu Thứ Ba Arsenal 25/26 – Fan Version,2,2200000,4400000,0,Momo,delivered,Đà Nẵng,false,2026-05-02T00:00:00.000Z,2026-05-02T00:00:00.000Z
6a23bf11d8b02e5181455dca,6a23bf0fd8b02e518145534f,Vũ Lan Linh,khachhang1780727567496@gmail.com,6a1856198db103285a259c94,Arsenal adidas Womens 26/27 Crop Home Shirt,2,2400000,8600000,30000,Banking,delivered,Hồ Chí Minh,false,2026-05-02T00:00:00.000Z,2026-05-02T00:00:00.000Z
6a23bf11d8b02e5181455dca,6a23bf0fd8b02e518145534f,Vũ Lan Linh,khachhang1780727567496@gmail.com,6a1850eb1a7b2fdb0ae873ab,Áo Hoodie Arsenal Essentials 25/26,2,1900000,8600000,30000,Banking,delivered,Hồ Chí Minh,false,2026-05-02T00:00:00.000Z,2026-05-02T00:00:00.000Z
6a23bf11d8b02e5181455dcd,6a23bf0fd8b02e518145534f,Vũ Lan Linh,khachhang1780727567496@gmail.com,6a1856198db103285a259ca0,Arsenal adidas Kids 26/27 Long Sleeved Home Shirt,1,2080000,4280000,30000,Banking,shipping,Hồ Chí Minh,false,2026-05-02T00:00:00.000Z,2026-05-02T00:00:00.000Z
6a23bf11d8b02e5181455dcd,6a23bf0fd8b02e518145534f,Vũ Lan Linh,khachhang1780727567496@gmail.com,6a1850eb1a7b2fdb0ae8739f,Áo Đấu Thứ Ba Arsenal 25/26 – Fan Version,1,2200000,4280000,30000,Banking,shipping,Hồ Chí Minh,false,2026-05-02T00:00:00.000Z,2026-05-02T00:00:00.000Z
6a23bf11d8b02e5181455dd0,6a23bf0fd8b02e518145534b,Đặng Ngọc Bảo,khachhang1780727567492@gmail.com,6a1850eb1a7b2fdb0ae873a8,Áo Khoác Anthem Arsenal Z.N.E. 25/26,1,2300000,2300000,30000,COD,delivered,Đà Nẵng,false,2026-05-02T00:00:00.000Z,2026-05-02T00:00:00.000Z
6a23bf11d8b02e5181455dd2,6a23bf0fd8b02e518145534e,Đỗ Hữu Khoa,khachhang1780727567495@gmail.com,6a1850ea1a7b2fdb0ae87396,Áo Đấu Sân Nhà Arsenal 25/26 – Fan Version,2,2200000,4400000,30000,Momo,pending,Hà Nội,false,2026-05-02T00:00:00.000Z,2026-05-02T00:00:00.000Z
6a23bf11d8b02e5181455dd4,6a23bf0fd8b02e5181455353,Phan Công Phúc,khachhang1780727567500@gmail.com,6a1856198db103285a259cac,Arsenal adidas 26/27 Authentic Home Shorts,2,1440000,3480000,0,Banking,delivered,Hồ Chí Minh,false,2026-05-02T00:00:00.000Z,2026-05-02T00:00:00.000Z
6a23bf11d8b02e5181455dd4,6a23bf0fd8b02e5181455353,Phan Công Phúc,khachhang1780727567500@gmail.com,6a1850eb1a7b2fdb0ae873b4,Mũ Bóng Chày Arsenal FC 25/26 – Cap,1,600000,3480000,0,Banking,delivered,Hồ Chí Minh,false,2026-05-02T00:00:00.000Z,2026-05-02T00:00:00.000Z
6a23bf11d8b02e5181455dd7,6a23bf0fd8b02e5181455356,Vũ Công Hùng,khachhang1780727567503@gmail.com,6a1850eb1a7b2fdb0ae87399,Áo Đấu Sân Khách Arsenal 25/26 – Fan Version,1,2200000,4120000,0,COD,delivered,Hà Nội,false,2026-05-02T00:00:00.000Z,2026-05-02T00:00:00.000Z
6a23bf11d8b02e5181455dd7,6a23bf0fd8b02e5181455356,Vũ Công Hùng,khachhang1780727567503@gmail.com,6a1856198db103285a259ca9,Arsenal adidas Kids 26/27 Home Shorts,2,960000,4120000,0,COD,delivered,Hà Nội,false,2026-05-02T00:00:00.000Z,2026-05-02T00:00:00.000Z
6a23bf11d8b02e5181455dda,6a23bf0fd8b02e5181455352,Phạm Đình Thành,khachhang1780727567499@gmail.com,6a1856198db103285a259cf1,Arsenal adidas Kids 25/26 Away Shirt,1,1920000,1920000,30000,VNPay,delivered,Hà Nội,false,2026-05-03T00:00:00.000Z,2026-05-03T00:00:00.000Z
6a23bf11d8b02e5181455ddc,6a23bf0fd8b02e518145534e,Đỗ Hữu Khoa,khachhang1780727567495@gmail.com,6a1856198db103285a259d0f,Arsenal adidas Kids 25/26 Third Shorts,1,960000,960000,30000,COD,delivered,Hà Nội,false,2026-05-03T00:00:00.000Z,2026-05-03T00:00:00.000Z
6a23bf11d8b02e5181455dde,6a23bf0fd8b02e5181455356,Vũ Công Hùng,khachhang1780727567503@gmail.com,6a1850ea1a7b2fdb0ae87393,Áo Đấu Sân Nhà Arsenal 25/26 – Authentic,1,3000000,4920000,30000,COD,delivered,Hà Nội,false,2026-05-03T00:00:00.000Z,2026-05-03T00:00:00.000Z
6a23bf11d8b02e5181455dde,6a23bf0fd8b02e5181455356,Vũ Công Hùng,khachhang1780727567503@gmail.com,6a1856198db103285a259d0f,Arsenal adidas Kids 25/26 Third Shorts,2,960000,4920000,30000,COD,delivered,Hà Nội,false,2026-05-03T00:00:00.000Z,2026-05-03T00:00:00.000Z
6a23bf11d8b02e5181455de1,6a23bf0fd8b02e5181455354,Dương Công Long,khachhang1780727567501@gmail.com,6a1856198db103285a259c82,Arsenal adidas Womens 26/27 Authentic Home Shirt,1,3840000,3840000,30000,VNPay,shipping,Hồ Chí Minh,false,2026-05-03T00:00:00.000Z,2026-05-03T00:00:00.000Z
6a23bf11d8b02e5181455de3,6a23bf0fd8b02e5181455353,Phan Công Phúc,khachhang1780727567500@gmail.com,6a1856198db103285a259ce2,Arsenal adidas 26/27 Home Knitted Gloves,2,736000,6912000,30000,Momo,pending,Hồ Chí Minh,false,2026-05-03T00:00:00.000Z,2026-05-03T00:00:00.000Z
6a23bf11d8b02e5181455de3,6a23bf0fd8b02e5181455353,Phan Công Phúc,khachhang1780727567500@gmail.com,6a18590b2bc10bb7e5e86443,Arsenal adidas 26/27 Home Shirt,2,2720000,6912000,30000,Momo,pending,Hồ Chí Minh,false,2026-05-03T00:00:00.000Z,2026-05-03T00:00:00.000Z
6a23bf11d8b02e5181455de6,6a23bf0fd8b02e5181455359,Dương Hồng Hà,khachhang1780727567506@gmail.com,6a18590b2bc10bb7e5e86449,Arsenal adidas Kids 26/27 Home Shirt,2,1920000,6840000,30000,Momo,delivered,Đà Nẵng,false,2026-05-03T00:00:00.000Z,2026-05-03T00:00:00.000Z
6a23bf11d8b02e5181455de6,6a23bf0fd8b02e5181455359,Dương Hồng Hà,khachhang1780727567506@gmail.com,6a1850eb1a7b2fdb0ae873b7,Găng Tay Thủ Môn Arsenal Predator 25/26,2,1500000,6840000,30000,Momo,delivered,Đà Nẵng,false,2026-05-03T00:00:00.000Z,2026-05-03T00:00:00.000Z
6a23bf11d8b02e5181455de9,6a23bf0fd8b02e5181455354,Dương Công Long,khachhang1780727567501@gmail.com,6a1856198db103285a259ca9,Arsenal adidas Kids 26/27 Home Shorts,1,960000,960000,30000,VNPay,delivered,Hồ Chí Minh,false,2026-05-03T00:00:00.000Z,2026-05-03T00:00:00.000Z
6a23bf11d8b02e5181455deb,6a23bf0fd8b02e5181455357,Hồ Hải Đạt,khachhang1780727567504@gmail.com,6a1856198db103285a259c91,Arsenal adidas 26/27 Home Mini Kit,1,1600000,3200000,30000,Banking,delivered,Hà Nội,false,2026-05-03T00:00:00.000Z,2026-05-03T00:00:00.000Z
6a23bf11d8b02e5181455deb,6a23bf0fd8b02e5181455357,Hồ Hải Đạt,khachhang1780727567504@gmail.com,6a1850eb1a7b2fdb0ae873ae,Quần Tập Luyện Arsenal 25/26 – Training Pants,1,1600000,3200000,30000,Banking,delivered,Hà Nội,false,2026-05-03T00:00:00.000Z,2026-05-03T00:00:00.000Z
6a23bf11d8b02e5181455dee,6a23bf0fd8b02e518145534c,Võ Đức Cường,khachhang1780727567493@gmail.com,6a18590b2bc10bb7e5e864a0,Arsenal adidas 25/26 Third Shirt,2,2720000,5952000,0,COD,delivered,Đà Nẵng,false,2026-05-04T00:00:00.000Z,2026-05-04T00:00:00.000Z
6a23bf11d8b02e5181455dee,6a23bf0fd8b02e518145534c,Võ Đức Cường,khachhang1780727567493@gmail.com,6a1856198db103285a259cb5,Arsenal adidas Kids 26/27 Home Socks,1,512000,5952000,0,COD,delivered,Đà Nẵng,false,2026-05-04T00:00:00.000Z,2026-05-04T00:00:00.000Z
6a23bf11d8b02e5181455df1,6a23bf0fd8b02e5181455358,Lý Thúy Yến,khachhang1780727567505@gmail.com,6a18590b2bc10bb7e5e86463,Arsenal adidas 26/27 Home Socks,1,640000,640000,30000,Momo,delivered,Hồ Chí Minh,false,2026-05-04T00:00:00.000Z,2026-05-04T00:00:00.000Z
6a23bf11d8b02e5181455df3,6a23bf0fd8b02e5181455357,Hồ Hải Đạt,khachhang1780727567504@gmail.com,6a1856198db103285a259ca0,Arsenal adidas Kids 26/27 Long Sleeved Home Shirt,2,2080000,4160000,0,Banking,delivered,Hà Nội,false,2026-05-04T00:00:00.000Z,2026-05-04T00:00:00.000Z
6a23bf11d8b02e5181455df5,6a23bf0fd8b02e5181455359,Dương Hồng Hà,khachhang1780727567506@gmail.com,6a18590b2bc10bb7e5e86474,Arsenal adidas 26/27 Home Black Backpack,2,1280000,2560000,0,VNPay,shipping,Đà Nẵng,false,2026-05-04T00:00:00.000Z,2026-05-04T00:00:00.000Z
6a23bf11d8b02e5181455df7,6a23bf0fd8b02e5181455358,Lý Thúy Yến,khachhang1780727567505@gmail.com,6a1850eb1a7b2fdb0ae873a8,Áo Khoác Anthem Arsenal Z.N.E. 25/26,2,2300000,5336000,0,Banking,pending,Hồ Chí Minh,false,2026-05-04T00:00:00.000Z,2026-05-04T00:00:00.000Z
6a23bf11d8b02e5181455df7,6a23bf0fd8b02e5181455358,Lý Thúy Yến,khachhang1780727567505@gmail.com,6a1856198db103285a259ce5,Arsenal adidas 26/27 Home Beanie,1,736000,5336000,0,Banking,pending,Hồ Chí Minh,false,2026-05-04T00:00:00.000Z,2026-05-04T00:00:00.000Z
6a23bf11d8b02e5181455dfa,6a23bf0fd8b02e5181455351,Lý Thúy Trang,khachhang1780727567498@gmail.com,69ec674e7fb179301d9a2db5,Quần short tập luyện,2,1100000,2200000,0,VNPay,delivered,Đà Nẵng,false,2026-05-05T00:00:00.000Z,2026-05-05T00:00:00.000Z
6a23bf11d8b02e5181455dfc,6a23bf0fd8b02e518145534c,Võ Đức Cường,khachhang1780727567493@gmail.com,6a1856198db103285a259ca0,Arsenal adidas Kids 26/27 Long Sleeved Home Shirt,1,2080000,2080000,30000,COD,shipping,Đà Nẵng,false,2026-05-05T00:00:00.000Z,2026-05-05T00:00:00.000Z
6a23bf11d8b02e5181455dfe,6a23bf0fd8b02e5181455347,Phạm Đức Thành,khachhang1780727567488@gmail.com,6a1850ea1a7b2fdb0ae87396,Áo Đấu Sân Nhà Arsenal 25/26 – Fan Version,2,2200000,4400000,30000,VNPay,delivered,Hà Nội,false,2026-05-05T00:00:00.000Z,2026-05-05T00:00:00.000Z
6a23bf11d8b02e5181455e00,6a23bf0fd8b02e5181455359,Dương Hồng Hà,khachhang1780727567506@gmail.com,6a18590b2bc10bb7e5e86491,Arsenal adidas 25/26 Authentic Away Shirt,2,3840000,8280000,30000,VNPay,shipping,Đà Nẵng,false,2026-05-05T00:00:00.000Z,2026-05-05T00:00:00.000Z
6a23bf11d8b02e5181455e00,6a23bf0fd8b02e5181455359,Dương Hồng Hà,khachhang1780727567506@gmail.com,6a1850eb1a7b2fdb0ae873b4,Mũ Bóng Chày Arsenal FC 25/26 – Cap,1,600000,8280000,30000,VNPay,shipping,Đà Nẵng,false,2026-05-05T00:00:00.000Z,2026-05-05T00:00:00.000Z
6a23bf11d8b02e5181455e03,6a23bf0fd8b02e518145534e,Đỗ Hữu Khoa,khachhang1780727567495@gmail.com,6a1850eb1a7b2fdb0ae873bd,Tất Sân Khách Arsenal 25/26 – Away Socks,2,350000,700000,0,Momo,delivered,Hà Nội,false,2026-05-05T00:00:00.000Z,2026-05-05T00:00:00.000Z
6a23bf11d8b02e5181455e05,6a23bf0fd8b02e5181455347,Phạm Đức Thành,khachhang1780727567488@gmail.com,6a1856198db103285a259cbe,Arsenal adidas 26/27 Home Goalkeeper Shorts,2,1216000,2432000,0,Momo,pending,Hà Nội,false,2026-05-05T00:00:00.000Z,2026-05-05T00:00:00.000Z
6a23bf11d8b02e5181455e07,6a23bf0fd8b02e518145534c,Võ Đức Cường,khachhang1780727567493@gmail.com,69ec674e7fb179301d9a2db6,Tất sân nhà Arsenal 2025-2026,1,750000,750000,30000,COD,delivered,Đà Nẵng,false,2026-05-05T00:00:00.000Z,2026-05-05T00:00:00.000Z
6a23bf11d8b02e5181455e09,6a23bf0fd8b02e518145534c,Võ Đức Cường,khachhang1780727567493@gmail.com,6a1856198db103285a259d0f,Arsenal adidas Kids 25/26 Third Shorts,2,960000,1920000,30000,VNPay,delivered,Đà Nẵng,false,2026-05-05T00:00:00.000Z,2026-05-05T00:00:00.000Z
6a23bf11d8b02e5181455e0b,6a23bf0fd8b02e518145534f,Vũ Lan Linh,khachhang1780727567496@gmail.com,6a18590b2bc10bb7e5e86496,Arsenal adidas Kids 25/26 Away Shorts,2,960000,1920000,30000,VNPay,delivered,Hồ Chí Minh,false,2026-05-06T00:00:00.000Z,2026-05-06T00:00:00.000Z
6a23bf11d8b02e5181455e0d,6a23bf0fd8b02e5181455351,Lý Thúy Trang,khachhang1780727567498@gmail.com,69ec674e7fb179301d9a2db5,Quần short tập luyện,1,1100000,1100000,30000,Momo,delivered,Đà Nẵng,false,2026-05-06T00:00:00.000Z,2026-05-06T00:00:00.000Z
6a23bf11d8b02e5181455e0f,6a23bf0fd8b02e518145534d,Đặng Hải Tuấn,khachhang1780727567494@gmail.com,6a1856198db103285a259c94,Arsenal adidas Womens 26/27 Crop Home Shirt,2,2400000,6400000,30000,COD,delivered,Hồ Chí Minh,false,2026-05-06T00:00:00.000Z,2026-05-06T00:00:00.000Z
6a23bf11d8b02e5181455e0f,6a23bf0fd8b02e518145534d,Đặng Hải Tuấn,khachhang1780727567494@gmail.com,6a1856198db103285a259d09,Arsenal adidas 25/26 Third Mini Kit,1,1600000,6400000,30000,COD,delivered,Hồ Chí Minh,false,2026-05-06T00:00:00.000Z,2026-05-06T00:00:00.000Z
6a23bf11d8b02e5181455e12,6a23bf0fd8b02e5181455356,Vũ Công Hùng,khachhang1780727567503@gmail.com,6a1856198db103285a259cc4,Arsenal adidas 26/27 Home Goalkeeper Socks,2,640000,2180000,30000,Banking,pending,Hà Nội,false,2026-05-06T00:00:00.000Z,2026-05-06T00:00:00.000Z
6a23bf11d8b02e5181455e12,6a23bf0fd8b02e5181455356,Vũ Công Hùng,khachhang1780727567503@gmail.com,69ec674e7fb179301d9a2db9,Mũ Lưỡi Trai Arsenal,2,450000,2180000,30000,Banking,pending,Hà Nội,false,2026-05-06T00:00:00.000Z,2026-05-06T00:00:00.000Z
6a23bf11d8b02e5181455e15,6a23bf0fd8b02e5181455357,Hồ Hải Đạt,khachhang1780727567504@gmail.com,6a1850eb1a7b2fdb0ae873a8,Áo Khoác Anthem Arsenal Z.N.E. 25/26,1,2300000,7740000,30000,Banking,cancelled,Hà Nội,false,2026-05-06T00:00:00.000Z,2026-05-06T00:00:00.000Z
6a23bf11d8b02e5181455e15,6a23bf0fd8b02e5181455357,Hồ Hải Đạt,khachhang1780727567504@gmail.com,6a18590b2bc10bb7e5e86443,Arsenal adidas 26/27 Home Shirt,2,2720000,7740000,30000,Banking,cancelled,Hà Nội,false,2026-05-06T00:00:00.000Z,2026-05-06T00:00:00.000Z
6a23bf11d8b02e5181455e18,6a23bf0fd8b02e5181455349,Võ Mỹ Trang,khachhang1780727567490@gmail.com,6a18590b2bc10bb7e5e86499,Arsenal adidas Kids 25/26 Away Socks,1,512000,512000,30000,COD,delivered,Hồ Chí Minh,false,2026-05-06T00:00:00.000Z,2026-05-06T00:00:00.000Z
6a23bf11d8b02e5181455e1a,6a23bf0fd8b02e518145534b,Đặng Ngọc Bảo,khachhang1780727567492@gmail.com,6a1856198db103285a259cf1,Arsenal adidas Kids 25/26 Away Shirt,2,1920000,4940000,30000,COD,delivered,Đà Nẵng,false,2026-05-06T00:00:00.000Z,2026-05-06T00:00:00.000Z
6a23bf11d8b02e5181455e1a,6a23bf0fd8b02e518145534b,Đặng Ngọc Bảo,khachhang1780727567492@gmail.com,69ec674e7fb179301d9a2db5,Quần short tập luyện,1,1100000,4940000,30000,COD,delivered,Đà Nẵng,false,2026-05-06T00:00:00.000Z,2026-05-06T00:00:00.000Z
6a23bf11d8b02e5181455e1d,6a23bf0fd8b02e518145534c,Võ Đức Cường,khachhang1780727567493@gmail.com,6a18590b2bc10bb7e5e86446,Arsenal adidas Womens 26/27 Home Shirt,1,2720000,2720000,30000,Momo,cancelled,Đà Nẵng,false,2026-05-06T00:00:00.000Z,2026-05-06T00:00:00.000Z
6a23bf11d8b02e5181455e1f,6a23bf0fd8b02e5181455348,Võ Bích Hà,khachhang1780727567489@gmail.com,6a1856198db103285a259cb8,Arsenal adidas 26/27 Home Goalkeeper Shirt,2,2720000,5440000,0,Momo,pending,Đà Nẵng,false,2026-05-07T00:00:00.000Z,2026-05-07T00:00:00.000Z
6a23bf11d8b02e5181455e21,6a23bf0fd8b02e518145534e,Đỗ Hữu Khoa,khachhang1780727567495@gmail.com,6a18590b2bc10bb7e5e8645a,Arsenal adidas 26/27 Home Shorts,1,1216000,1216000,30000,VNPay,delivered,Hà Nội,false,2026-05-07T00:00:00.000Z,2026-05-07T00:00:00.000Z
6a23bf11d8b02e5181455e23,6a23bf0fd8b02e5181455359,Dương Hồng Hà,khachhang1780727567506@gmail.com,6a1856198db103285a259c91,Arsenal adidas 26/27 Home Mini Kit,1,1600000,2816000,0,Banking,shipping,Đà Nẵng,false,2026-05-07T00:00:00.000Z,2026-05-07T00:00:00.000Z
6a23bf11d8b02e5181455e23,6a23bf0fd8b02e5181455359,Dương Hồng Hà,khachhang1780727567506@gmail.com,6a1856198db103285a259cbe,Arsenal adidas 26/27 Home Goalkeeper Shorts,1,1216000,2816000,0,Banking,shipping,Đà Nẵng,false,2026-05-07T00:00:00.000Z,2026-05-07T00:00:00.000Z
6a23bf11d8b02e5181455e26,6a23bf0fd8b02e5181455353,Phan Công Phúc,khachhang1780727567500@gmail.com,6a1856198db103285a259ca3,Arsenal adidas 26/27 Home Baby Kit,2,1280000,6960000,30000,VNPay,delivered,Hồ Chí Minh,false,2026-05-07T00:00:00.000Z,2026-05-07T00:00:00.000Z
6a23bf11d8b02e5181455e26,6a23bf0fd8b02e5181455353,Phan Công Phúc,khachhang1780727567500@gmail.com,6a1850ea1a7b2fdb0ae87396,Áo Đấu Sân Nhà Arsenal 25/26 – Fan Version,2,2200000,6960000,30000,VNPay,delivered,Hồ Chí Minh,false,2026-05-07T00:00:00.000Z,2026-05-07T00:00:00.000Z
6a23bf11d8b02e5181455e29,6a23bf0fd8b02e5181455348,Võ Bích Hà,khachhang1780727567489@gmail.com,6a1850ea1a7b2fdb0ae87396,Áo Đấu Sân Nhà Arsenal 25/26 – Fan Version,1,2200000,2200000,0,Momo,delivered,Đà Nẵng,false,2026-05-07T00:00:00.000Z,2026-05-07T00:00:00.000Z
6a23bf11d8b02e5181455e2b,6a23bf0fd8b02e5181455355,Ngô Thu Hà,khachhang1780727567502@gmail.com,6a1850eb1a7b2fdb0ae873ab,Áo Hoodie Arsenal Essentials 25/26,1,1900000,2380000,0,Banking,cancelled,Đà Nẵng,false,2026-05-08T00:00:00.000Z,2026-05-08T00:00:00.000Z
6a23bf11d8b02e5181455e2b,6a23bf0fd8b02e5181455355,Ngô Thu Hà,khachhang1780727567502@gmail.com,6a1856198db103285a259cd3,Arsenal adidas 26/27 Mini Home Football Size 1,1,480000,2380000,0,Banking,cancelled,Đà Nẵng,false,2026-05-08T00:00:00.000Z,2026-05-08T00:00:00.000Z
6a23bf11d8b02e5181455e2e,6a23bf0fd8b02e5181455356,Vũ Công Hùng,khachhang1780727567503@gmail.com,69ec674e7fb179301d9a2db9,Mũ Lưỡi Trai Arsenal,1,450000,2370000,0,Momo,shipping,Hà Nội,false,2026-05-08T00:00:00.000Z,2026-05-08T00:00:00.000Z
6a23bf11d8b02e5181455e2e,6a23bf0fd8b02e5181455356,Vũ Công Hùng,khachhang1780727567503@gmail.com,6a1856198db103285a259ca9,Arsenal adidas Kids 26/27 Home Shorts,2,960000,2370000,0,Momo,shipping,Hà Nội,false,2026-05-08T00:00:00.000Z,2026-05-08T00:00:00.000Z
6a23bf11d8b02e5181455e31,6a23bf0fd8b02e5181455349,Võ Mỹ Trang,khachhang1780727567490@gmail.com,6a1856198db103285a259d12,Arsenal adidas 25/26 Third Authentic Alternate Shorts,2,1440000,5080000,0,Banking,shipping,Hồ Chí Minh,false,2026-05-08T00:00:00.000Z,2026-05-08T00:00:00.000Z
6a23bf11d8b02e5181455e31,6a23bf0fd8b02e5181455349,Võ Mỹ Trang,khachhang1780727567490@gmail.com,6a1850eb1a7b2fdb0ae8739f,Áo Đấu Thứ Ba Arsenal 25/26 – Fan Version,1,2200000,5080000,0,Banking,shipping,Hồ Chí Minh,false,2026-05-08T00:00:00.000Z,2026-05-08T00:00:00.000Z
6a23bf11d8b02e5181455e34,6a23bf0fd8b02e5181455347,Phạm Đức Thành,khachhang1780727567488@gmail.com,6a1850eb1a7b2fdb0ae873b4,Mũ Bóng Chày Arsenal FC 25/26 – Cap,2,600000,1200000,0,Banking,delivered,Hà Nội,false,2026-05-08T00:00:00.000Z,2026-05-08T00:00:00.000Z
6a23bf11d8b02e5181455e36,6a23bf0fd8b02e5181455358,Lý Thúy Yến,khachhang1780727567505@gmail.com,6a1856198db103285a259d18,Arsenal adidas 25/26 Third Socks,2,640000,3680000,0,COD,shipping,Hồ Chí Minh,false,2026-05-08T00:00:00.000Z,2026-05-08T00:00:00.000Z
6a23bf11d8b02e5181455e36,6a23bf0fd8b02e5181455358,Lý Thúy Yến,khachhang1780727567505@gmail.com,6a1856198db103285a259c94,Arsenal adidas Womens 26/27 Crop Home Shirt,1,2400000,3680000,0,COD,shipping,Hồ Chí Minh,false,2026-05-08T00:00:00.000Z,2026-05-08T00:00:00.000Z
6a23bf11d8b02e5181455e39,6a23bf0fd8b02e518145534d,Đặng Hải Tuấn,khachhang1780727567494@gmail.com,6a1856198db103285a259d09,Arsenal adidas 25/26 Third Mini Kit,1,1600000,4032000,30000,Banking,delivered,Hồ Chí Minh,false,2026-05-09T00:00:00.000Z,2026-05-09T00:00:00.000Z
6a23bf11d8b02e5181455e39,6a23bf0fd8b02e518145534d,Đặng Hải Tuấn,khachhang1780727567494@gmail.com,6a1856198db103285a259cbe,Arsenal adidas 26/27 Home Goalkeeper Shorts,2,1216000,4032000,30000,Banking,delivered,Hồ Chí Minh,false,2026-05-09T00:00:00.000Z,2026-05-09T00:00:00.000Z
6a23bf11d8b02e5181455e3c,6a23bf0fd8b02e5181455348,Võ Bích Hà,khachhang1780727567489@gmail.com,6a1850eb1a7b2fdb0ae873ae,Quần Tập Luyện Arsenal 25/26 – Training Pants,1,1600000,4160000,30000,Momo,pending,Đà Nẵng,false,2026-05-10T00:00:00.000Z,2026-05-10T00:00:00.000Z
6a23bf11d8b02e5181455e3c,6a23bf0fd8b02e5181455348,Võ Bích Hà,khachhang1780727567489@gmail.com,6a18590b2bc10bb7e5e86474,Arsenal adidas 26/27 Home Black Backpack,2,1280000,4160000,30000,Momo,pending,Đà Nẵng,false,2026-05-10T00:00:00.000Z,2026-05-10T00:00:00.000Z
6a23bf11d8b02e5181455e3f,6a23bf0fd8b02e5181455348,Võ Bích Hà,khachhang1780727567489@gmail.com,6a1856198db103285a259d0c,Arsenal 25/26 Third Goalkeeper Shirt,1,1632000,1632000,0,VNPay,delivered,Đà Nẵng,false,2026-05-10T00:00:00.000Z,2026-05-10T00:00:00.000Z
6a23bf11d8b02e5181455e41,6a23bf0fd8b02e5181455354,Dương Công Long,khachhang1780727567501@gmail.com,6a1856198db103285a259d12,Arsenal adidas 25/26 Third Authentic Alternate Shorts,1,1440000,5600000,0,COD,delivered,Hồ Chí Minh,false,2026-05-10T00:00:00.000Z,2026-05-10T00:00:00.000Z
6a23bf11d8b02e5181455e41,6a23bf0fd8b02e5181455354,Dương Công Long,khachhang1780727567501@gmail.com,6a1856198db103285a259c9a,Arsenal adidas Womens 26/27 Authentic Home Long Sleeved Shirt,1,4160000,5600000,0,COD,delivered,Hồ Chí Minh,false,2026-05-10T00:00:00.000Z,2026-05-10T00:00:00.000Z
6a23bf11d8b02e5181455e44,6a23bf0fd8b02e5181455346,Võ Hải Đạt,khachhang1780727567487@gmail.com,6a1856198db103285a259cb8,Arsenal adidas 26/27 Home Goalkeeper Shirt,1,2720000,6880000,30000,Momo,delivered,Hồ Chí Minh,false,2026-05-10T00:00:00.000Z,2026-05-10T00:00:00.000Z
6a23bf11d8b02e5181455e44,6a23bf0fd8b02e5181455346,Võ Hải Đạt,khachhang1780727567487@gmail.com,6a1856198db103285a259cbb,Arsenal adidas Kids 26/27 Long Sleeved Home Goalkeeper Shirt,2,2080000,6880000,30000,Momo,delivered,Hồ Chí Minh,false,2026-05-10T00:00:00.000Z,2026-05-10T00:00:00.000Z
6a23bf11d8b02e5181455e47,6a23bf0fd8b02e5181455351,Lý Thúy Trang,khachhang1780727567498@gmail.com,6a1856198db103285a259d12,Arsenal adidas 25/26 Third Authentic Alternate Shorts,2,1440000,3904000,30000,Momo,delivered,Đà Nẵng,false,2026-05-10T00:00:00.000Z,2026-05-10T00:00:00.000Z
6a23bf11d8b02e5181455e47,6a23bf0fd8b02e5181455351,Lý Thúy Trang,khachhang1780727567498@gmail.com,6a1856198db103285a259cc7,Arsenal adidas Kids 26/27 Home Goalkeeper Socks,2,512000,3904000,30000,Momo,delivered,Đà Nẵng,false,2026-05-10T00:00:00.000Z,2026-05-10T00:00:00.000Z
6a23bf11d8b02e5181455e4a,6a23bf0fd8b02e5181455352,Phạm Đình Thành,khachhang1780727567499@gmail.com,6a1856198db103285a259ce2,Arsenal adidas 26/27 Home Knitted Gloves,1,736000,4536000,30000,Momo,cancelled,Hà Nội,false,2026-05-10T00:00:00.000Z,2026-05-10T00:00:00.000Z
6a23bf11d8b02e5181455e4a,6a23bf0fd8b02e5181455352,Phạm Đình Thành,khachhang1780727567499@gmail.com,6a1850eb1a7b2fdb0ae873ab,Áo Hoodie Arsenal Essentials 25/26,2,1900000,4536000,30000,Momo,cancelled,Hà Nội,false,2026-05-10T00:00:00.000Z,2026-05-10T00:00:00.000Z
6a23bf11d8b02e5181455e4d,6a23bf0fd8b02e5181455354,Dương Công Long,khachhang1780727567501@gmail.com,6a1850eb1a7b2fdb0ae87399,Áo Đấu Sân Khách Arsenal 25/26 – Fan Version,2,2200000,4400000,30000,Banking,shipping,Hồ Chí Minh,false,2026-05-10T00:00:00.000Z,2026-05-10T00:00:00.000Z
6a23bf11d8b02e5181455e4f,6a23bf0fd8b02e5181455358,Lý Thúy Yến,khachhang1780727567505@gmail.com,6a1856198db103285a259cf1,Arsenal adidas Kids 25/26 Away Shirt,2,1920000,6140000,0,Banking,shipping,Hồ Chí Minh,false,2026-05-10T00:00:00.000Z,2026-05-10T00:00:00.000Z
6a23bf11d8b02e5181455e4f,6a23bf0fd8b02e5181455358,Lý Thúy Yến,khachhang1780727567505@gmail.com,6a1850eb1a7b2fdb0ae873a8,Áo Khoác Anthem Arsenal Z.N.E. 25/26,1,2300000,6140000,0,Banking,shipping,Hồ Chí Minh,false,2026-05-10T00:00:00.000Z,2026-05-10T00:00:00.000Z
6a23bf11d8b02e5181455e52,6a23bf0fd8b02e5181455349,Võ Mỹ Trang,khachhang1780727567490@gmail.com,6a1856198db103285a259c9a,Arsenal adidas Womens 26/27 Authentic Home Long Sleeved Shirt,2,4160000,8320000,0,VNPay,shipping,Hồ Chí Minh,false,2026-05-11T00:00:00.000Z,2026-05-11T00:00:00.000Z
6a23bf11d8b02e5181455e54,6a23bf0fd8b02e5181455356,Vũ Công Hùng,khachhang1780727567503@gmail.com,6a18590b2bc10bb7e5e8648c,Arsenal adidas 25/26 Away Shirt,2,2720000,6176000,30000,Banking,delivered,Hà Nội,false,2026-05-11T00:00:00.000Z,2026-05-11T00:00:00.000Z
6a23bf11d8b02e5181455e54,6a23bf0fd8b02e5181455356,Vũ Công Hùng,khachhang1780727567503@gmail.com,6a1856198db103285a259ce2,Arsenal adidas 26/27 Home Knitted Gloves,1,736000,6176000,30000,Banking,delivered,Hà Nội,false,2026-05-11T00:00:00.000Z,2026-05-11T00:00:00.000Z
6a23bf11d8b02e5181455e57,6a23bf0fd8b02e518145534c,Võ Đức Cường,khachhang1780727567493@gmail.com,6a1850eb1a7b2fdb0ae873b1,Balo Arsenal FC 25/26 – Backpack,1,1200000,3760000,30000,Momo,pending,Đà Nẵng,false,2026-05-11T00:00:00.000Z,2026-05-11T00:00:00.000Z
6a23bf11d8b02e5181455e57,6a23bf0fd8b02e518145534c,Võ Đức Cường,khachhang1780727567493@gmail.com,6a1856198db103285a259ccd,Arsenal adidas 26/27 Red Backpack,2,1280000,3760000,30000,Momo,pending,Đà Nẵng,false,2026-05-11T00:00:00.000Z,2026-05-11T00:00:00.000Z
6a23bf11d8b02e5181455e5a,6a23bf0fd8b02e518145534b,Đặng Ngọc Bảo,khachhang1780727567492@gmail.com,6a1856198db103285a259cb8,Arsenal adidas 26/27 Home Goalkeeper Shirt,2,2720000,5440000,0,COD,cancelled,Đà Nẵng,false,2026-05-11T00:00:00.000Z,2026-05-11T00:00:00.000Z
6a23bf11d8b02e5181455e5c,6a23bf0fd8b02e5181455356,Vũ Công Hùng,khachhang1780727567503@gmail.com,6a1856198db103285a259d15,Arsenal adidas Kids 25/26 Third Goalkeeper Shirt,2,1920000,4940000,30000,Banking,delivered,Hà Nội,false,2026-05-11T00:00:00.000Z,2026-05-11T00:00:00.000Z
6a23bf11d8b02e5181455e5c,6a23bf0fd8b02e5181455356,Vũ Công Hùng,khachhang1780727567503@gmail.com,69ec674e7fb179301d9a2db5,Quần short tập luyện,1,1100000,4940000,30000,Banking,delivered,Hà Nội,false,2026-05-11T00:00:00.000Z,2026-05-11T00:00:00.000Z
6a23bf11d8b02e5181455e5f,6a23bf0fd8b02e518145534e,Đỗ Hữu Khoa,khachhang1780727567495@gmail.com,6a1850eb1a7b2fdb0ae8739f,Áo Đấu Thứ Ba Arsenal 25/26 – Fan Version,2,2200000,5040000,30000,Banking,delivered,Hà Nội,false,2026-05-11T00:00:00.000Z,2026-05-11T00:00:00.000Z
6a23bf11d8b02e5181455e5f,6a23bf0fd8b02e518145534e,Đỗ Hữu Khoa,khachhang1780727567495@gmail.com,6a18590b2bc10bb7e5e86463,Arsenal adidas 26/27 Home Socks,1,640000,5040000,30000,Banking,delivered,Hà Nội,false,2026-05-11T00:00:00.000Z,2026-05-11T00:00:00.000Z
6a23bf11d8b02e5181455e62,6a23bf0fd8b02e5181455352,Phạm Đình Thành,khachhang1780727567499@gmail.com,69ec674e7fb179301d9a2db6,Tất sân nhà Arsenal 2025-2026,2,750000,4764000,30000,VNPay,shipping,Hà Nội,false,2026-05-11T00:00:00.000Z,2026-05-11T00:00:00.000Z
6a23bf11d8b02e5181455e62,6a23bf0fd8b02e5181455352,Phạm Đình Thành,khachhang1780727567499@gmail.com,6a1856198db103285a259d0c,Arsenal 25/26 Third Goalkeeper Shirt,2,1632000,4764000,30000,VNPay,shipping,Hà Nội,false,2026-05-11T00:00:00.000Z,2026-05-11T00:00:00.000Z
6a23bf11d8b02e5181455e65,6a23bf0fd8b02e518145534e,Đỗ Hữu Khoa,khachhang1780727567495@gmail.com,6a18590b2bc10bb7e5e864a0,Arsenal adidas 25/26 Third Shirt,2,2720000,5440000,0,COD,delivered,Hà Nội,false,2026-05-11T00:00:00.000Z,2026-05-11T00:00:00.000Z
6a23bf11d8b02e5181455e67,6a23bf0fd8b02e518145534a,Lý Thanh Linh,khachhang1780727567491@gmail.com,6a1856198db103285a259cc1,Arsenal adidas Kids 26/27 Home Goalkeeper Shorts,1,960000,3960000,30000,Banking,delivered,Hồ Chí Minh,false,2026-05-12T00:00:00.000Z,2026-05-12T00:00:00.000Z
6a23bf11d8b02e5181455e67,6a23bf0fd8b02e518145534a,Lý Thanh Linh,khachhang1780727567491@gmail.com,6a1850ea1a7b2fdb0ae87393,Áo Đấu Sân Nhà Arsenal 25/26 – Authentic,1,3000000,3960000,30000,Banking,delivered,Hồ Chí Minh,false,2026-05-12T00:00:00.000Z,2026-05-12T00:00:00.000Z
6a23bf11d8b02e5181455e6a,6a23bf0fd8b02e518145534e,Đỗ Hữu Khoa,khachhang1780727567495@gmail.com,6a18590b2bc10bb7e5e86446,Arsenal adidas Womens 26/27 Home Shirt,2,2720000,5440000,30000,VNPay,shipping,Hà Nội,false,2026-05-12T00:00:00.000Z,2026-05-12T00:00:00.000Z
6a23bf11d8b02e5181455e6c,6a23bf0fd8b02e518145534f,Vũ Lan Linh,khachhang1780727567496@gmail.com,69ec674e7fb179301d9a2db5,Quần short tập luyện,2,1100000,3700000,30000,COD,delivered,Hồ Chí Minh,false,2026-05-12T00:00:00.000Z,2026-05-12T00:00:00.000Z
6a23bf11d8b02e5181455e6c,6a23bf0fd8b02e518145534f,Vũ Lan Linh,khachhang1780727567496@gmail.com,6a1850eb1a7b2fdb0ae873b7,Găng Tay Thủ Môn Arsenal Predator 25/26,1,1500000,3700000,30000,COD,delivered,Hồ Chí Minh,false,2026-05-12T00:00:00.000Z,2026-05-12T00:00:00.000Z
6a23bf11d8b02e5181455e6f,6a23bf0fd8b02e518145534d,Đặng Hải Tuấn,khachhang1780727567494@gmail.com,6a1856198db103285a259ca3,Arsenal adidas 26/27 Home Baby Kit,2,1280000,6400000,30000,Banking,cancelled,Hồ Chí Minh,false,2026-05-12T00:00:00.000Z,2026-05-12T00:00:00.000Z
6a23bf11d8b02e5181455e6f,6a23bf0fd8b02e518145534d,Đặng Hải Tuấn,khachhang1780727567494@gmail.com,6a18590b2bc10bb7e5e8643c,Arsenal adidas 26/27 Authentic Home Shirt,1,3840000,6400000,30000,Banking,cancelled,Hồ Chí Minh,false,2026-05-12T00:00:00.000Z,2026-05-12T00:00:00.000Z
6a23bf11d8b02e5181455e72,6a23bf0fd8b02e5181455355,Ngô Thu Hà,khachhang1780727567502@gmail.com,6a1856198db103285a259c85,Arsenal adidas Kids 26/27 Authentic Home Shirt,1,2560000,3460000,30000,Momo,delivered,Đà Nẵng,false,2026-05-12T00:00:00.000Z,2026-05-12T00:00:00.000Z
6a23bf11d8b02e5181455e72,6a23bf0fd8b02e5181455355,Ngô Thu Hà,khachhang1780727567502@gmail.com,69ec674e7fb179301d9a2db9,Mũ Lưỡi Trai Arsenal,2,450000,3460000,30000,Momo,delivered,Đà Nẵng,false,2026-05-12T00:00:00.000Z,2026-05-12T00:00:00.000Z
6a23bf11d8b02e5181455e75,6a23bf0fd8b02e5181455357,Hồ Hải Đạt,khachhang1780727567504@gmail.com,6a18590b2bc10bb7e5e864a0,Arsenal adidas 25/26 Third Shirt,2,2720000,5440000,0,Momo,delivered,Hà Nội,false,2026-05-12T00:00:00.000Z,2026-05-12T00:00:00.000Z
6a23bf11d8b02e5181455e77,6a23bf0fd8b02e5181455355,Ngô Thu Hà,khachhang1780727567502@gmail.com,6a1856198db103285a259ccd,Arsenal adidas 26/27 Red Backpack,2,1280000,3520000,0,COD,delivered,Đà Nẵng,false,2026-05-13T00:00:00.000Z,2026-05-13T00:00:00.000Z
6a23bf11d8b02e5181455e77,6a23bf0fd8b02e5181455355,Ngô Thu Hà,khachhang1780727567502@gmail.com,6a1856198db103285a259cd3,Arsenal adidas 26/27 Mini Home Football Size 1,2,480000,3520000,0,COD,delivered,Đà Nẵng,false,2026-05-13T00:00:00.000Z,2026-05-13T00:00:00.000Z
6a23bf11d8b02e5181455e7a,6a23bf0fd8b02e518145534d,Đặng Hải Tuấn,khachhang1780727567494@gmail.com,6a18590b2bc10bb7e5e86474,Arsenal adidas 26/27 Home Black Backpack,1,1280000,2496000,0,VNPay,delivered,Hồ Chí Minh,false,2026-05-13T00:00:00.000Z,2026-05-13T00:00:00.000Z
6a23bf11d8b02e5181455e7a,6a23bf0fd8b02e518145534d,Đặng Hải Tuấn,khachhang1780727567494@gmail.com,6a1856198db103285a259cbe,Arsenal adidas 26/27 Home Goalkeeper Shorts,1,1216000,2496000,0,VNPay,delivered,Hồ Chí Minh,false,2026-05-13T00:00:00.000Z,2026-05-13T00:00:00.000Z
6a23bf11d8b02e5181455e7d,6a23bf0fd8b02e518145534f,Vũ Lan Linh,khachhang1780727567496@gmail.com,6a18590b2bc10bb7e5e86496,Arsenal adidas Kids 25/26 Away Shorts,2,960000,1920000,0,Momo,shipping,Hồ Chí Minh,false,2026-05-13T00:00:00.000Z,2026-05-13T00:00:00.000Z
6a23bf11d8b02e5181455e7f,6a23bf0fd8b02e5181455359,Dương Hồng Hà,khachhang1780727567506@gmail.com,6a1856198db103285a259d03,Arsenal adidas Kids 25/26 Third Shirt,2,1920000,4540000,0,Banking,shipping,Đà Nẵng,false,2026-05-13T00:00:00.000Z,2026-05-13T00:00:00.000Z
6a23bf11d8b02e5181455e7f,6a23bf0fd8b02e5181455359,Dương Hồng Hà,khachhang1780727567506@gmail.com,6a1850eb1a7b2fdb0ae873bd,Tất Sân Khách Arsenal 25/26 – Away Socks,2,350000,4540000,0,Banking,shipping,Đà Nẵng,false,2026-05-13T00:00:00.000Z,2026-05-13T00:00:00.000Z
6a23bf11d8b02e5181455e82,6a23bf0fd8b02e5181455346,Võ Hải Đạt,khachhang1780727567487@gmail.com,6a1856198db103285a259c9d,Arsenal adidas 26/27 Home Long Sleeved Shirt,1,2880000,3980000,0,COD,delivered,Hồ Chí Minh,false,2026-05-13T00:00:00.000Z,2026-05-13T00:00:00.000Z
6a23bf11d8b02e5181455e82,6a23bf0fd8b02e5181455346,Võ Hải Đạt,khachhang1780727567487@gmail.com,69ec674e7fb179301d9a2db5,Quần short tập luyện,1,1100000,3980000,0,COD,delivered,Hồ Chí Minh,false,2026-05-13T00:00:00.000Z,2026-05-13T00:00:00.000Z
6a23bf11d8b02e5181455e85,6a23bf0fd8b02e5181455351,Lý Thúy Trang,khachhang1780727567498@gmail.com,6a1856198db103285a259ca9,Arsenal adidas Kids 26/27 Home Shorts,1,960000,4800000,30000,Banking,delivered,Đà Nẵng,false,2026-05-14T00:00:00.000Z,2026-05-14T00:00:00.000Z
6a23bf11d8b02e5181455e85,6a23bf0fd8b02e5181455351,Lý Thúy Trang,khachhang1780727567498@gmail.com,6a1856198db103285a259cf1,Arsenal adidas Kids 25/26 Away Shirt,2,1920000,4800000,30000,Banking,delivered,Đà Nẵng,false,2026-05-14T00:00:00.000Z,2026-05-14T00:00:00.000Z
6a23bf11d8b02e5181455e88,6a23bf0fd8b02e5181455359,Dương Hồng Hà,khachhang1780727567506@gmail.com,6a18590b2bc10bb7e5e86463,Arsenal adidas 26/27 Home Socks,2,640000,3712000,0,Banking,delivered,Đà Nẵng,false,2026-05-15T00:00:00.000Z,2026-05-15T00:00:00.000Z
6a23bf11d8b02e5181455e88,6a23bf0fd8b02e5181455359,Dương Hồng Hà,khachhang1780727567506@gmail.com,6a18590b2bc10bb7e5e8645a,Arsenal adidas 26/27 Home Shorts,2,1216000,3712000,0,Banking,delivered,Đà Nẵng,false,2026-05-15T00:00:00.000Z,2026-05-15T00:00:00.000Z
6a23bf11d8b02e5181455e8b,6a23bf0fd8b02e5181455348,Võ Bích Hà,khachhang1780727567489@gmail.com,6a1856198db103285a259d12,Arsenal adidas 25/26 Third Authentic Alternate Shorts,1,1440000,4640000,30000,VNPay,shipping,Đà Nẵng,false,2026-05-16T00:00:00.000Z,2026-05-16T00:00:00.000Z
6a23bf11d8b02e5181455e8b,6a23bf0fd8b02e5181455348,Võ Bích Hà,khachhang1780727567489@gmail.com,6a1856198db103285a259ceb,Arsenal adidas 25/26 Away Mini Kit,2,1600000,4640000,30000,VNPay,shipping,Đà Nẵng,false,2026-05-16T00:00:00.000Z,2026-05-16T00:00:00.000Z
6a23bf11d8b02e5181455e8e,6a23bf0fd8b02e5181455356,Vũ Công Hùng,khachhang1780727567503@gmail.com,6a1856198db103285a259cac,Arsenal adidas 26/27 Authentic Home Shorts,1,1440000,1440000,30000,Momo,delivered,Hà Nội,false,2026-05-16T00:00:00.000Z,2026-05-16T00:00:00.000Z
6a23bf11d8b02e5181455e90,6a23bf0fd8b02e518145534f,Vũ Lan Linh,khachhang1780727567496@gmail.com,6a1856198db103285a259cbe,Arsenal adidas 26/27 Home Goalkeeper Shorts,1,1216000,4216000,30000,COD,delivered,Hồ Chí Minh,false,2026-05-17T00:00:00.000Z,2026-05-17T00:00:00.000Z
6a23bf11d8b02e5181455e90,6a23bf0fd8b02e518145534f,Vũ Lan Linh,khachhang1780727567496@gmail.com,6a1850eb1a7b2fdb0ae8739c,Áo Đấu Sân Khách Arsenal 25/26 – Authentic,1,3000000,4216000,30000,COD,delivered,Hồ Chí Minh,false,2026-05-17T00:00:00.000Z,2026-05-17T00:00:00.000Z
6a23bf11d8b02e5181455e93,6a23bf0fd8b02e5181455346,Võ Hải Đạt,khachhang1780727567487@gmail.com,6a1850eb1a7b2fdb0ae87399,Áo Đấu Sân Khách Arsenal 25/26 – Fan Version,1,2200000,4120000,0,Momo,delivered,Hồ Chí Minh,false,2026-05-17T00:00:00.000Z,2026-05-17T00:00:00.000Z
6a23bf11d8b02e5181455e93,6a23bf0fd8b02e5181455346,Võ Hải Đạt,khachhang1780727567487@gmail.com,6a1856198db103285a259cc1,Arsenal adidas Kids 26/27 Home Goalkeeper Shorts,2,960000,4120000,0,Momo,delivered,Hồ Chí Minh,false,2026-05-17T00:00:00.000Z,2026-05-17T00:00:00.000Z
6a23bf11d8b02e5181455e96,6a23bf0fd8b02e5181455359,Dương Hồng Hà,khachhang1780727567506@gmail.com,6a1856198db103285a259cbb,Arsenal adidas Kids 26/27 Long Sleeved Home Goalkeeper Shirt,2,2080000,9280000,30000,Banking,cancelled,Đà Nẵng,false,2026-05-18T00:00:00.000Z,2026-05-18T00:00:00.000Z
6a23bf11d8b02e5181455e96,6a23bf0fd8b02e5181455359,Dương Hồng Hà,khachhang1780727567506@gmail.com,6a1856198db103285a259c85,Arsenal adidas Kids 26/27 Authentic Home Shirt,2,2560000,9280000,30000,Banking,cancelled,Đà Nẵng,false,2026-05-18T00:00:00.000Z,2026-05-18T00:00:00.000Z
6a23bf11d8b02e5181455e99,6a23bf0fd8b02e518145534f,Vũ Lan Linh,khachhang1780727567496@gmail.com,6a1856198db103285a259ce2,Arsenal adidas 26/27 Home Knitted Gloves,2,736000,5872000,30000,VNPay,shipping,Hồ Chí Minh,false,2026-05-18T00:00:00.000Z,2026-05-18T00:00:00.000Z
6a23bf11d8b02e5181455e99,6a23bf0fd8b02e518145534f,Vũ Lan Linh,khachhang1780727567496@gmail.com,6a1850eb1a7b2fdb0ae87399,Áo Đấu Sân Khách Arsenal 25/26 – Fan Version,2,2200000,5872000,30000,VNPay,shipping,Hồ Chí Minh,false,2026-05-18T00:00:00.000Z,2026-05-18T00:00:00.000Z
6a23bf11d8b02e5181455e9c,6a23bf0fd8b02e5181455351,Lý Thúy Trang,khachhang1780727567498@gmail.com,6a1856198db103285a259d06,Arsenal adidas 25/26 Third Shorts,2,1216000,2432000,0,Banking,cancelled,Đà Nẵng,false,2026-05-18T00:00:00.000Z,2026-05-18T00:00:00.000Z
6a23bf11d8b02e5181455e9e,6a23bf0fd8b02e5181455357,Hồ Hải Đạt,khachhang1780727567504@gmail.com,6a1850eb1a7b2fdb0ae873b7,Găng Tay Thủ Môn Arsenal Predator 25/26,2,1500000,4500000,30000,Banking,delivered,Hà Nội,false,2026-05-18T00:00:00.000Z,2026-05-18T00:00:00.000Z
6a23bf11d8b02e5181455e9e,6a23bf0fd8b02e5181455357,Hồ Hải Đạt,khachhang1780727567504@gmail.com,69ec674e7fb179301d9a2db6,Tất sân nhà Arsenal 2025-2026,2,750000,4500000,30000,Banking,delivered,Hà Nội,false,2026-05-18T00:00:00.000Z,2026-05-18T00:00:00.000Z
6a23bf11d8b02e5181455ea1,6a23bf0fd8b02e5181455357,Hồ Hải Đạt,khachhang1780727567504@gmail.com,6a1856198db103285a259ccd,Arsenal adidas 26/27 Red Backpack,2,1280000,4640000,30000,Momo,delivered,Hà Nội,false,2026-05-18T00:00:00.000Z,2026-05-18T00:00:00.000Z
6a23bf11d8b02e5181455ea1,6a23bf0fd8b02e5181455357,Hồ Hải Đạt,khachhang1780727567504@gmail.com,6a1856198db103285a259ca0,Arsenal adidas Kids 26/27 Long Sleeved Home Shirt,1,2080000,4640000,30000,Momo,delivered,Hà Nội,false,2026-05-18T00:00:00.000Z,2026-05-18T00:00:00.000Z
6a23bf11d8b02e5181455ea4,6a23bf0fd8b02e5181455356,Vũ Công Hùng,khachhang1780727567503@gmail.com,6a18590b2bc10bb7e5e8645a,Arsenal adidas 26/27 Home Shorts,1,1216000,4096000,30000,Momo,shipping,Hà Nội,false,2026-05-18T00:00:00.000Z,2026-05-18T00:00:00.000Z
6a23bf11d8b02e5181455ea4,6a23bf0fd8b02e5181455356,Vũ Công Hùng,khachhang1780727567503@gmail.com,6a1856198db103285a259c9d,Arsenal adidas 26/27 Home Long Sleeved Shirt,1,2880000,4096000,30000,Momo,shipping,Hà Nội,false,2026-05-18T00:00:00.000Z,2026-05-18T00:00:00.000Z
6a23bf11d8b02e5181455ea7,6a23bf0fd8b02e518145534a,Lý Thanh Linh,khachhang1780727567491@gmail.com,6a1856198db103285a259c9a,Arsenal adidas Womens 26/27 Authentic Home Long Sleeved Shirt,2,4160000,8320000,30000,Banking,cancelled,Hồ Chí Minh,false,2026-05-18T00:00:00.000Z,2026-05-18T00:00:00.000Z
6a23bf11d8b02e5181455ea9,6a23bf0fd8b02e5181455352,Phạm Đình Thành,khachhang1780727567499@gmail.com,6a1856198db103285a259cac,Arsenal adidas 26/27 Authentic Home Shorts,1,1440000,3360000,30000,COD,delivered,Hà Nội,false,2026-05-18T00:00:00.000Z,2026-05-18T00:00:00.000Z
6a23bf11d8b02e5181455ea9,6a23bf0fd8b02e5181455352,Phạm Đình Thành,khachhang1780727567499@gmail.com,6a18590b2bc10bb7e5e86449,Arsenal adidas Kids 26/27 Home Shirt,1,1920000,3360000,30000,COD,delivered,Hà Nội,false,2026-05-18T00:00:00.000Z,2026-05-18T00:00:00.000Z
6a23bf11d8b02e5181455eac,6a23bf0fd8b02e5181455346,Võ Hải Đạt,khachhang1780727567487@gmail.com,6a1856198db103285a259d15,Arsenal adidas Kids 25/26 Third Goalkeeper Shirt,1,1920000,3840000,30000,Banking,delivered,Hồ Chí Minh,false,2026-05-18T00:00:00.000Z,2026-05-18T00:00:00.000Z
6a23bf11d8b02e5181455eac,6a23bf0fd8b02e5181455346,Võ Hải Đạt,khachhang1780727567487@gmail.com,6a18590b2bc10bb7e5e86496,Arsenal adidas Kids 25/26 Away Shorts,2,960000,3840000,30000,Banking,delivered,Hồ Chí Minh,false,2026-05-18T00:00:00.000Z,2026-05-18T00:00:00.000Z
6a23bf11d8b02e5181455eaf,6a23bf0fd8b02e5181455347,Phạm Đức Thành,khachhang1780727567488@gmail.com,6a1850eb1a7b2fdb0ae87399,Áo Đấu Sân Khách Arsenal 25/26 – Fan Version,1,2200000,2200000,30000,VNPay,cancelled,Hà Nội,false,2026-05-19T00:00:00.000Z,2026-05-19T00:00:00.000Z
6a23bf11d8b02e5181455eb1,6a23bf0fd8b02e5181455346,Võ Hải Đạt,khachhang1780727567487@gmail.com,6a18590b2bc10bb7e5e86474,Arsenal adidas 26/27 Home Black Backpack,1,1280000,3200000,0,Momo,shipping,Hồ Chí Minh,false,2026-05-19T00:00:00.000Z,2026-05-19T00:00:00.000Z
6a23bf11d8b02e5181455eb1,6a23bf0fd8b02e5181455346,Võ Hải Đạt,khachhang1780727567487@gmail.com,6a18590b2bc10bb7e5e86449,Arsenal adidas Kids 26/27 Home Shirt,1,1920000,3200000,0,Momo,shipping,Hồ Chí Minh,false,2026-05-19T00:00:00.000Z,2026-05-19T00:00:00.000Z
6a23bf11d8b02e5181455eb4,6a23bf0fd8b02e5181455348,Võ Bích Hà,khachhang1780727567489@gmail.com,6a18590b2bc10bb7e5e86483,Arsenal adidas 26/27 White Home Cap,1,640000,640000,30000,VNPay,delivered,Đà Nẵng,false,2026-05-19T00:00:00.000Z,2026-05-19T00:00:00.000Z
6a23bf11d8b02e5181455eb6,6a23bf0fd8b02e518145534b,Đặng Ngọc Bảo,khachhang1780727567492@gmail.com,6a1856198db103285a259ca9,Arsenal adidas Kids 26/27 Home Shorts,1,960000,960000,30000,Momo,cancelled,Đà Nẵng,false,2026-05-19T00:00:00.000Z,2026-05-19T00:00:00.000Z
6a23bf11d8b02e5181455eb8,6a23bf0fd8b02e5181455356,Vũ Công Hùng,khachhang1780727567503@gmail.com,6a1856198db103285a259d12,Arsenal adidas 25/26 Third Authentic Alternate Shorts,1,1440000,3040000,30000,Momo,delivered,Hà Nội,false,2026-05-19T00:00:00.000Z,2026-05-19T00:00:00.000Z
6a23bf11d8b02e5181455eb8,6a23bf0fd8b02e5181455356,Vũ Công Hùng,khachhang1780727567503@gmail.com,6a1850eb1a7b2fdb0ae873ae,Quần Tập Luyện Arsenal 25/26 – Training Pants,1,1600000,3040000,30000,Momo,delivered,Hà Nội,false,2026-05-19T00:00:00.000Z,2026-05-19T00:00:00.000Z
6a23bf11d8b02e5181455ebb,6a23bf0fd8b02e518145534b,Đặng Ngọc Bảo,khachhang1780727567492@gmail.com,6a18590b2bc10bb7e5e86483,Arsenal adidas 26/27 White Home Cap,2,640000,1280000,30000,Banking,delivered,Đà Nẵng,false,2026-05-19T00:00:00.000Z,2026-05-19T00:00:00.000Z
6a23bf11d8b02e5181455ebd,6a23bf0fd8b02e5181455356,Vũ Công Hùng,khachhang1780727567503@gmail.com,6a1856198db103285a259cf1,Arsenal adidas Kids 25/26 Away Shirt,2,1920000,7680000,30000,Momo,delivered,Hà Nội,false,2026-05-19T00:00:00.000Z,2026-05-19T00:00:00.000Z
6a23bf11d8b02e5181455ebd,6a23bf0fd8b02e5181455356,Vũ Công Hùng,khachhang1780727567503@gmail.com,6a18590b2bc10bb7e5e8643c,Arsenal adidas 26/27 Authentic Home Shirt,1,3840000,7680000,30000,Momo,delivered,Hà Nội,false,2026-05-19T00:00:00.000Z,2026-05-19T00:00:00.000Z
6a23bf11d8b02e5181455ec0,6a23bf0fd8b02e518145534b,Đặng Ngọc Bảo,khachhang1780727567492@gmail.com,6a1856198db103285a259cfd,Arsenal adidas 25/26 Authentic Alternate Away Shorts,1,1440000,5280000,0,VNPay,delivered,Đà Nẵng,false,2026-05-19T00:00:00.000Z,2026-05-19T00:00:00.000Z
6a23bf11d8b02e5181455ec0,6a23bf0fd8b02e518145534b,Đặng Ngọc Bảo,khachhang1780727567492@gmail.com,6a1856198db103285a259cf1,Arsenal adidas Kids 25/26 Away Shirt,2,1920000,5280000,0,VNPay,delivered,Đà Nẵng,false,2026-05-19T00:00:00.000Z,2026-05-19T00:00:00.000Z
6a23bf11d8b02e5181455ec3,6a23bf0fd8b02e5181455352,Phạm Đình Thành,khachhang1780727567499@gmail.com,6a18590b2bc10bb7e5e86474,Arsenal adidas 26/27 Home Black Backpack,1,1280000,2240000,30000,COD,shipping,Hà Nội,false,2026-05-20T00:00:00.000Z,2026-05-20T00:00:00.000Z
6a23bf11d8b02e5181455ec3,6a23bf0fd8b02e5181455352,Phạm Đình Thành,khachhang1780727567499@gmail.com,6a1856198db103285a259d0f,Arsenal adidas Kids 25/26 Third Shorts,1,960000,2240000,30000,COD,shipping,Hà Nội,false,2026-05-20T00:00:00.000Z,2026-05-20T00:00:00.000Z
6a23bf11d8b02e5181455ec6,6a23bf0fd8b02e5181455359,Dương Hồng Hà,khachhang1780727567506@gmail.com,6a1856198db103285a259c82,Arsenal adidas Womens 26/27 Authentic Home Shirt,1,3840000,4940000,30000,COD,pending,Đà Nẵng,false,2026-05-20T00:00:00.000Z,2026-05-20T00:00:00.000Z
6a23bf11d8b02e5181455ec6,6a23bf0fd8b02e5181455359,Dương Hồng Hà,khachhang1780727567506@gmail.com,69ec674e7fb179301d9a2db5,Quần short tập luyện,1,1100000,4940000,30000,COD,pending,Đà Nẵng,false,2026-05-20T00:00:00.000Z,2026-05-20T00:00:00.000Z
6a23bf11d8b02e5181455ec9,6a23bf0fd8b02e5181455358,Lý Thúy Yến,khachhang1780727567505@gmail.com,6a1856198db103285a259d06,Arsenal adidas 25/26 Third Shorts,1,1216000,5616000,30000,COD,delivered,Hồ Chí Minh,false,2026-05-20T00:00:00.000Z,2026-05-20T00:00:00.000Z
6a23bf11d8b02e5181455ec9,6a23bf0fd8b02e5181455358,Lý Thúy Yến,khachhang1780727567505@gmail.com,6a1850ea1a7b2fdb0ae87396,Áo Đấu Sân Nhà Arsenal 25/26 – Fan Version,2,2200000,5616000,30000,COD,delivered,Hồ Chí Minh,false,2026-05-20T00:00:00.000Z,2026-05-20T00:00:00.000Z
6a23bf11d8b02e5181455ecc,6a23bf0fd8b02e5181455357,Hồ Hải Đạt,khachhang1780727567504@gmail.com,6a1856198db103285a259cd3,Arsenal adidas 26/27 Mini Home Football Size 1,1,480000,480000,0,Momo,shipping,Hà Nội,false,2026-05-20T00:00:00.000Z,2026-05-20T00:00:00.000Z
6a23bf11d8b02e5181455ece,6a23bf0fd8b02e518145534d,Đặng Hải Tuấn,khachhang1780727567494@gmail.com,6a1850eb1a7b2fdb0ae873b1,Balo Arsenal FC 25/26 – Backpack,2,1200000,2400000,0,COD,cancelled,Hồ Chí Minh,false,2026-05-20T00:00:00.000Z,2026-05-20T00:00:00.000Z
6a23bf11d8b02e5181455ed0,6a23bf0fd8b02e5181455356,Vũ Công Hùng,khachhang1780727567503@gmail.com,6a1856198db103285a259ce2,Arsenal adidas 26/27 Home Knitted Gloves,1,736000,2656000,0,VNPay,delivered,Hà Nội,false,2026-05-21T00:00:00.000Z,2026-05-21T00:00:00.000Z
6a23bf11d8b02e5181455ed0,6a23bf0fd8b02e5181455356,Vũ Công Hùng,khachhang1780727567503@gmail.com,6a1856198db103285a259d03,Arsenal adidas Kids 25/26 Third Shirt,1,1920000,2656000,0,VNPay,delivered,Hà Nội,false,2026-05-21T00:00:00.000Z,2026-05-21T00:00:00.000Z
6a23bf11d8b02e5181455ed3,6a23bf0fd8b02e5181455348,Võ Bích Hà,khachhang1780727567489@gmail.com,6a18590b2bc10bb7e5e86446,Arsenal adidas Womens 26/27 Home Shirt,1,2720000,8160000,30000,Banking,delivered,Đà Nẵng,false,2026-05-21T00:00:00.000Z,2026-05-21T00:00:00.000Z
6a23bf11d8b02e5181455ed3,6a23bf0fd8b02e5181455348,Võ Bích Hà,khachhang1780727567489@gmail.com,6a18590b2bc10bb7e5e8648c,Arsenal adidas 25/26 Away Shirt,2,2720000,8160000,30000,Banking,delivered,Đà Nẵng,false,2026-05-21T00:00:00.000Z,2026-05-21T00:00:00.000Z
6a23bf11d8b02e5181455ed6,6a23bf0fd8b02e518145534a,Lý Thanh Linh,khachhang1780727567491@gmail.com,6a1850ea1a7b2fdb0ae87396,Áo Đấu Sân Nhà Arsenal 25/26 – Fan Version,1,2200000,2200000,30000,VNPay,pending,Hồ Chí Minh,false,2026-05-21T00:00:00.000Z,2026-05-21T00:00:00.000Z
6a23bf11d8b02e5181455ed8,6a23bf0fd8b02e518145534b,Đặng Ngọc Bảo,khachhang1780727567492@gmail.com,6a18590b2bc10bb7e5e86449,Arsenal adidas Kids 26/27 Home Shirt,1,1920000,1920000,0,COD,shipping,Đà Nẵng,false,2026-05-21T00:00:00.000Z,2026-05-21T00:00:00.000Z
6a23bf11d8b02e5181455eda,6a23bf0fd8b02e5181455352,Phạm Đình Thành,khachhang1780727567499@gmail.com,6a18590b2bc10bb7e5e8643c,Arsenal adidas 26/27 Authentic Home Shirt,1,3840000,5040000,30000,VNPay,delivered,Hà Nội,false,2026-05-21T00:00:00.000Z,2026-05-21T00:00:00.000Z
6a23bf11d8b02e5181455eda,6a23bf0fd8b02e5181455352,Phạm Đình Thành,khachhang1780727567499@gmail.com,6a1850eb1a7b2fdb0ae873b4,Mũ Bóng Chày Arsenal FC 25/26 – Cap,2,600000,5040000,30000,VNPay,delivered,Hà Nội,false,2026-05-21T00:00:00.000Z,2026-05-21T00:00:00.000Z
6a23bf11d8b02e5181455edd,6a23bf0fd8b02e5181455351,Lý Thúy Trang,khachhang1780727567498@gmail.com,6a1856198db103285a259ca3,Arsenal adidas 26/27 Home Baby Kit,2,1280000,2560000,0,Banking,delivered,Đà Nẵng,false,2026-05-22T00:00:00.000Z,2026-05-22T00:00:00.000Z
6a23bf11d8b02e5181455edf,6a23bf0fd8b02e5181455353,Phan Công Phúc,khachhang1780727567500@gmail.com,6a18590b2bc10bb7e5e86480,Arsenal adidas 26/27 Red Home Cap,1,640000,640000,0,VNPay,cancelled,Hồ Chí Minh,false,2026-05-23T00:00:00.000Z,2026-05-23T00:00:00.000Z
6a23bf11d8b02e5181455ee1,6a23bf0fd8b02e5181455354,Dương Công Long,khachhang1780727567501@gmail.com,6a1856198db103285a259d03,Arsenal adidas Kids 25/26 Third Shirt,1,1920000,4920000,0,VNPay,shipping,Hồ Chí Minh,false,2026-05-24T00:00:00.000Z,2026-05-24T00:00:00.000Z
6a23bf11d8b02e5181455ee1,6a23bf0fd8b02e5181455354,Dương Công Long,khachhang1780727567501@gmail.com,6a1850eb1a7b2fdb0ae8739c,Áo Đấu Sân Khách Arsenal 25/26 – Authentic,1,3000000,4920000,0,VNPay,shipping,Hồ Chí Minh,false,2026-05-24T00:00:00.000Z,2026-05-24T00:00:00.000Z
6a23bf11d8b02e5181455ee4,6a23bf0fd8b02e5181455347,Phạm Đức Thành,khachhang1780727567488@gmail.com,6a1856198db103285a259cc7,Arsenal adidas Kids 26/27 Home Goalkeeper Socks,2,512000,1024000,30000,VNPay,delivered,Hà Nội,false,2026-05-24T00:00:00.000Z,2026-05-24T00:00:00.000Z
6a23bf11d8b02e5181455ee6,6a23bf0fd8b02e5181455346,Võ Hải Đạt,khachhang1780727567487@gmail.com,6a1856198db103285a259d18,Arsenal adidas 25/26 Third Socks,1,640000,640000,0,Momo,shipping,Hồ Chí Minh,false,2026-05-24T00:00:00.000Z,2026-05-24T00:00:00.000Z
6a23bf11d8b02e5181455ee8,6a23bf0fd8b02e518145534a,Lý Thanh Linh,khachhang1780727567491@gmail.com,6a1856198db103285a259cf1,Arsenal adidas Kids 25/26 Away Shirt,2,1920000,3840000,30000,COD,pending,Hồ Chí Minh,false,2026-05-24T00:00:00.000Z,2026-05-24T00:00:00.000Z
6a23bf11d8b02e5181455eea,6a23bf0fd8b02e5181455354,Dương Công Long,khachhang1780727567501@gmail.com,6a1856198db103285a259cd3,Arsenal adidas 26/27 Mini Home Football Size 1,2,480000,3360000,30000,Banking,shipping,Hồ Chí Minh,false,2026-05-24T00:00:00.000Z,2026-05-24T00:00:00.000Z
6a23bf11d8b02e5181455eea,6a23bf0fd8b02e5181455354,Dương Công Long,khachhang1780727567501@gmail.com,6a1856198db103285a259c94,Arsenal adidas Womens 26/27 Crop Home Shirt,1,2400000,3360000,30000,Banking,shipping,Hồ Chí Minh,false,2026-05-24T00:00:00.000Z,2026-05-24T00:00:00.000Z
6a23bf11d8b02e5181455eed,6a23bf0fd8b02e5181455348,Võ Bích Hà,khachhang1780727567489@gmail.com,6a1856198db103285a259cdf,Arsenal adidas 26/27 Home Water Bottle,1,320000,2880000,30000,COD,delivered,Đà Nẵng,false,2026-05-24T00:00:00.000Z,2026-05-24T00:00:00.000Z
6a23bf11d8b02e5181455eed,6a23bf0fd8b02e5181455348,Võ Bích Hà,khachhang1780727567489@gmail.com,6a1856198db103285a259ca3,Arsenal adidas 26/27 Home Baby Kit,2,1280000,2880000,30000,COD,delivered,Đà Nẵng,false,2026-05-24T00:00:00.000Z,2026-05-24T00:00:00.000Z
6a23bf11d8b02e5181455ef0,6a23bf0fd8b02e5181455349,Võ Mỹ Trang,khachhang1780727567490@gmail.com,6a1856198db103285a259d0c,Arsenal 25/26 Third Goalkeeper Shirt,1,1632000,1632000,30000,Momo,delivered,Hồ Chí Minh,false,2026-05-24T00:00:00.000Z,2026-05-24T00:00:00.000Z
6a23bf11d8b02e5181455ef2,6a23bf0fd8b02e518145534b,Đặng Ngọc Bảo,khachhang1780727567492@gmail.com,6a1850eb1a7b2fdb0ae873b1,Balo Arsenal FC 25/26 – Backpack,1,1200000,6640000,30000,Momo,delivered,Đà Nẵng,false,2026-05-24T00:00:00.000Z,2026-05-24T00:00:00.000Z
6a23bf11d8b02e5181455ef2,6a23bf0fd8b02e518145534b,Đặng Ngọc Bảo,khachhang1780727567492@gmail.com,6a18590b2bc10bb7e5e86446,Arsenal adidas Womens 26/27 Home Shirt,2,2720000,6640000,30000,Momo,delivered,Đà Nẵng,false,2026-05-24T00:00:00.000Z,2026-05-24T00:00:00.000Z
6a23bf11d8b02e5181455ef5,6a23bf0fd8b02e5181455350,Nguyễn Thị Anh,khachhang1780727567497@gmail.com,6a1856198db103285a259cbe,Arsenal adidas 26/27 Home Goalkeeper Shorts,1,1216000,1216000,30000,VNPay,delivered,Hà Nội,false,2026-05-25T00:00:00.000Z,2026-05-25T00:00:00.000Z
6a23bf11d8b02e5181455ef7,6a23bf0fd8b02e518145534b,Đặng Ngọc Bảo,khachhang1780727567492@gmail.com,6a18590b2bc10bb7e5e86480,Arsenal adidas 26/27 Red Home Cap,2,640000,8960000,30000,Momo,delivered,Đà Nẵng,false,2026-05-25T00:00:00.000Z,2026-05-25T00:00:00.000Z
6a23bf11d8b02e5181455ef7,6a23bf0fd8b02e518145534b,Đặng Ngọc Bảo,khachhang1780727567492@gmail.com,6a18590b2bc10bb7e5e86491,Arsenal adidas 25/26 Authentic Away Shirt,2,3840000,8960000,30000,Momo,delivered,Đà Nẵng,false,2026-05-25T00:00:00.000Z,2026-05-25T00:00:00.000Z
6a23bf11d8b02e5181455efa,6a23bf0fd8b02e5181455356,Vũ Công Hùng,khachhang1780727567503@gmail.com,6a18590b2bc10bb7e5e86449,Arsenal adidas Kids 26/27 Home Shirt,1,1920000,1920000,30000,Momo,delivered,Hà Nội,false,2026-05-25T00:00:00.000Z,2026-05-25T00:00:00.000Z
6a23bf11d8b02e5181455efc,6a23bf0fd8b02e5181455347,Phạm Đức Thành,khachhang1780727567488@gmail.com,6a1856198db103285a259c85,Arsenal adidas Kids 26/27 Authentic Home Shirt,1,2560000,4160000,30000,Banking,delivered,Hà Nội,false,2026-05-25T00:00:00.000Z,2026-05-25T00:00:00.000Z
6a23bf11d8b02e5181455efc,6a23bf0fd8b02e5181455347,Phạm Đức Thành,khachhang1780727567488@gmail.com,6a1850eb1a7b2fdb0ae873ae,Quần Tập Luyện Arsenal 25/26 – Training Pants,1,1600000,4160000,30000,Banking,delivered,Hà Nội,false,2026-05-25T00:00:00.000Z,2026-05-25T00:00:00.000Z
6a23bf11d8b02e5181455eff,6a23bf0fd8b02e5181455356,Vũ Công Hùng,khachhang1780727567503@gmail.com,6a18590b2bc10bb7e5e86480,Arsenal adidas 26/27 Red Home Cap,1,640000,4800000,0,VNPay,cancelled,Hà Nội,false,2026-05-25T00:00:00.000Z,2026-05-25T00:00:00.000Z
6a23bf11d8b02e5181455eff,6a23bf0fd8b02e5181455356,Vũ Công Hùng,khachhang1780727567503@gmail.com,6a1856198db103285a259c97,Arsenal adidas 26/27 Authentic Home Long Sleeved Shirt,1,4160000,4800000,0,VNPay,cancelled,Hà Nội,false,2026-05-25T00:00:00.000Z,2026-05-25T00:00:00.000Z
6a23bf11d8b02e5181455f02,6a23bf0fd8b02e5181455352,Phạm Đình Thành,khachhang1780727567499@gmail.com,6a1856198db103285a259cbe,Arsenal adidas 26/27 Home Goalkeeper Shorts,1,1216000,1216000,0,Banking,cancelled,Hà Nội,false,2026-05-25T00:00:00.000Z,2026-05-25T00:00:00.000Z
6a23bf11d8b02e5181455f04,6a23bf0fd8b02e5181455350,Nguyễn Thị Anh,khachhang1780727567497@gmail.com,6a1856198db103285a259c9d,Arsenal adidas 26/27 Home Long Sleeved Shirt,1,2880000,4160000,30000,Momo,shipping,Hà Nội,false,2026-05-25T00:00:00.000Z,2026-05-25T00:00:00.000Z
6a23bf11d8b02e5181455f04,6a23bf0fd8b02e5181455350,Nguyễn Thị Anh,khachhang1780727567497@gmail.com,6a18590b2bc10bb7e5e86474,Arsenal adidas 26/27 Home Black Backpack,1,1280000,4160000,30000,Momo,shipping,Hà Nội,false,2026-05-25T00:00:00.000Z,2026-05-25T00:00:00.000Z
6a23bf11d8b02e5181455f07,6a23bf0fd8b02e5181455352,Phạm Đình Thành,khachhang1780727567499@gmail.com,6a1850ea1a7b2fdb0ae87393,Áo Đấu Sân Nhà Arsenal 25/26 – Authentic,1,3000000,3000000,30000,Banking,delivered,Hà Nội,false,2026-05-26T00:00:00.000Z,2026-05-26T00:00:00.000Z
6a23bf11d8b02e5181455f09,6a23bf0fd8b02e5181455349,Võ Mỹ Trang,khachhang1780727567490@gmail.com,6a18590b2bc10bb7e5e86443,Arsenal adidas 26/27 Home Shirt,2,2720000,7240000,0,COD,shipping,Hồ Chí Minh,false,2026-05-26T00:00:00.000Z,2026-05-26T00:00:00.000Z
6a23bf11d8b02e5181455f09,6a23bf0fd8b02e5181455349,Võ Mỹ Trang,khachhang1780727567490@gmail.com,6a1850eb1a7b2fdb0ae873a5,Áo Tập Arsenal 25/26 – Training Jersey,1,1800000,7240000,0,COD,shipping,Hồ Chí Minh,false,2026-05-26T00:00:00.000Z,2026-05-26T00:00:00.000Z
6a23bf11d8b02e5181455f0c,6a23bf0fd8b02e518145534a,Lý Thanh Linh,khachhang1780727567491@gmail.com,6a1850eb1a7b2fdb0ae873b1,Balo Arsenal FC 25/26 – Backpack,2,1200000,2400000,30000,COD,delivered,Hồ Chí Minh,false,2026-05-26T00:00:00.000Z,2026-05-26T00:00:00.000Z
6a23bf11d8b02e5181455f0e,6a23bf0fd8b02e5181455351,Lý Thúy Trang,khachhang1780727567498@gmail.com,6a1850eb1a7b2fdb0ae8739c,Áo Đấu Sân Khách Arsenal 25/26 – Authentic,1,3000000,7160000,0,COD,delivered,Đà Nẵng,false,2026-05-26T00:00:00.000Z,2026-05-26T00:00:00.000Z
6a23bf11d8b02e5181455f0e,6a23bf0fd8b02e5181455351,Lý Thúy Trang,khachhang1780727567498@gmail.com,6a1856198db103285a259ca0,Arsenal adidas Kids 26/27 Long Sleeved Home Shirt,2,2080000,7160000,0,COD,delivered,Đà Nẵng,false,2026-05-26T00:00:00.000Z,2026-05-26T00:00:00.000Z
6a23bf11d8b02e5181455f11,6a23bf0fd8b02e518145534b,Đặng Ngọc Bảo,khachhang1780727567492@gmail.com,6a1850eb1a7b2fdb0ae873ba,Bóng Đá Arsenal FC adidas 25/26,1,800000,800000,30000,COD,delivered,Đà Nẵng,false,2026-05-26T00:00:00.000Z,2026-05-26T00:00:00.000Z
6a23bf11d8b02e5181455f13,6a23bf0fd8b02e5181455355,Ngô Thu Hà,khachhang1780727567502@gmail.com,6a1856198db103285a259d06,Arsenal adidas 25/26 Third Shorts,1,1216000,1216000,30000,VNPay,delivered,Đà Nẵng,false,2026-05-27T00:00:00.000Z,2026-05-27T00:00:00.000Z
6a23bf11d8b02e5181455f15,6a23bf0fd8b02e5181455355,Ngô Thu Hà,khachhang1780727567502@gmail.com,69ec674e7fb179301d9a2db5,Quần short tập luyện,2,1100000,2200000,0,Banking,shipping,Đà Nẵng,false,2026-05-27T00:00:00.000Z,2026-05-27T00:00:00.000Z
6a23bf11d8b02e5181455f17,6a23bf0fd8b02e5181455359,Dương Hồng Hà,khachhang1780727567506@gmail.com,6a1850eb1a7b2fdb0ae873ba,Bóng Đá Arsenal FC adidas 25/26,2,800000,1600000,0,Banking,cancelled,Đà Nẵng,false,2026-05-27T00:00:00.000Z,2026-05-27T00:00:00.000Z
6a23bf11d8b02e5181455f19,6a23bf0fd8b02e518145534f,Vũ Lan Linh,khachhang1780727567496@gmail.com,6a1856198db103285a259ca9,Arsenal adidas Kids 26/27 Home Shorts,1,960000,1472000,30000,COD,delivered,Hồ Chí Minh,false,2026-05-27T00:00:00.000Z,2026-05-27T00:00:00.000Z
6a23bf11d8b02e5181455f19,6a23bf0fd8b02e518145534f,Vũ Lan Linh,khachhang1780727567496@gmail.com,6a1856198db103285a259cb5,Arsenal adidas Kids 26/27 Home Socks,1,512000,1472000,30000,COD,delivered,Hồ Chí Minh,false,2026-05-27T00:00:00.000Z,2026-05-27T00:00:00.000Z
6a23bf11d8b02e5181455f1c,6a23bf0fd8b02e5181455355,Ngô Thu Hà,khachhang1780727567502@gmail.com,6a1856198db103285a259cd3,Arsenal adidas 26/27 Mini Home Football Size 1,2,480000,3160000,30000,Banking,delivered,Đà Nẵng,false,2026-05-27T00:00:00.000Z,2026-05-27T00:00:00.000Z
6a23bf11d8b02e5181455f1c,6a23bf0fd8b02e5181455355,Ngô Thu Hà,khachhang1780727567502@gmail.com,6a1850ea1a7b2fdb0ae87396,Áo Đấu Sân Nhà Arsenal 25/26 – Fan Version,1,2200000,3160000,30000,Banking,delivered,Đà Nẵng,false,2026-05-27T00:00:00.000Z,2026-05-27T00:00:00.000Z
6a23bf11d8b02e5181455f1f,6a23bf0fd8b02e5181455351,Lý Thúy Trang,khachhang1780727567498@gmail.com,6a1856198db103285a259cc1,Arsenal adidas Kids 26/27 Home Goalkeeper Shorts,2,960000,1920000,0,VNPay,delivered,Đà Nẵng,false,2026-05-28T00:00:00.000Z,2026-05-28T00:00:00.000Z
6a23bf11d8b02e5181455f21,6a23bf0fd8b02e518145534b,Đặng Ngọc Bảo,khachhang1780727567492@gmail.com,6a1856198db103285a259d0c,Arsenal 25/26 Third Goalkeeper Shirt,1,1632000,4352000,30000,Momo,delivered,Đà Nẵng,false,2026-05-29T00:00:00.000Z,2026-05-29T00:00:00.000Z
6a23bf11d8b02e5181455f21,6a23bf0fd8b02e518145534b,Đặng Ngọc Bảo,khachhang1780727567492@gmail.com,6a18590b2bc10bb7e5e86446,Arsenal adidas Womens 26/27 Home Shirt,1,2720000,4352000,30000,Momo,delivered,Đà Nẵng,false,2026-05-29T00:00:00.000Z,2026-05-29T00:00:00.000Z
6a23bf11d8b02e5181455f24,6a23bf0fd8b02e5181455353,Phan Công Phúc,khachhang1780727567500@gmail.com,6a18590b2bc10bb7e5e864a0,Arsenal adidas 25/26 Third Shirt,1,2720000,10400000,30000,Momo,delivered,Hồ Chí Minh,false,2026-05-30T00:00:00.000Z,2026-05-30T00:00:00.000Z
6a23bf11d8b02e5181455f24,6a23bf0fd8b02e5181455353,Phan Công Phúc,khachhang1780727567500@gmail.com,6a18590b2bc10bb7e5e86491,Arsenal adidas 25/26 Authentic Away Shirt,2,3840000,10400000,30000,Momo,delivered,Hồ Chí Minh,false,2026-05-30T00:00:00.000Z,2026-05-30T00:00:00.000Z
6a23bf11d8b02e5181455f27,6a23bf0fd8b02e5181455352,Phạm Đình Thành,khachhang1780727567499@gmail.com,6a1856198db103285a259c85,Arsenal adidas Kids 26/27 Authentic Home Shirt,1,2560000,3520000,0,VNPay,shipping,Hà Nội,false,2026-05-30T00:00:00.000Z,2026-05-30T00:00:00.000Z
6a23bf11d8b02e5181455f27,6a23bf0fd8b02e5181455352,Phạm Đình Thành,khachhang1780727567499@gmail.com,6a1856198db103285a259cd3,Arsenal adidas 26/27 Mini Home Football Size 1,2,480000,3520000,0,VNPay,shipping,Hà Nội,false,2026-05-30T00:00:00.000Z,2026-05-30T00:00:00.000Z
6a23bf11d8b02e5181455f2a,6a23bf0fd8b02e5181455359,Dương Hồng Hà,khachhang1780727567506@gmail.com,6a1850eb1a7b2fdb0ae873b7,Găng Tay Thủ Môn Arsenal Predator 25/26,1,1500000,1500000,30000,VNPay,delivered,Đà Nẵng,false,2026-05-30T00:00:00.000Z,2026-05-30T00:00:00.000Z
6a23bf11d8b02e5181455f2c,6a23bf0fd8b02e518145534a,Lý Thanh Linh,khachhang1780727567491@gmail.com,6a1856198db103285a259cfa,Arsenal adidas 25/26 Away Shorts,1,1216000,1216000,30000,Momo,delivered,Hồ Chí Minh,false,2026-05-31T00:00:00.000Z,2026-05-31T00:00:00.000Z
6a23bf11d8b02e5181455f2e,6a23bf0fd8b02e518145534a,Lý Thanh Linh,khachhang1780727567491@gmail.com,6a1856198db103285a259ce5,Arsenal adidas 26/27 Home Beanie,1,736000,736000,30000,COD,delivered,Hồ Chí Minh,false,2026-05-31T00:00:00.000Z,2026-05-31T00:00:00.000Z
6a23bf11d8b02e5181455f30,6a23bf0fd8b02e5181455351,Lý Thúy Trang,khachhang1780727567498@gmail.com,6a1856198db103285a259c97,Arsenal adidas 26/27 Authentic Home Long Sleeved Shirt,1,4160000,4160000,30000,Banking,delivered,Đà Nẵng,false,2026-05-31T00:00:00.000Z,2026-05-31T00:00:00.000Z
6a23bf11d8b02e5181455f32,6a23bf0fd8b02e518145534b,Đặng Ngọc Bảo,khachhang1780727567492@gmail.com,6a1856198db103285a259d09,Arsenal adidas 25/26 Third Mini Kit,2,1600000,3200000,30000,COD,delivered,Đà Nẵng,false,2026-06-01T00:00:00.000Z,2026-06-01T00:00:00.000Z
6a23bf11d8b02e5181455f34,6a23bf0fd8b02e5181455346,Võ Hải Đạt,khachhang1780727567487@gmail.com,6a1856198db103285a259d03,Arsenal adidas Kids 25/26 Third Shirt,2,1920000,3840000,30000,Momo,delivered,Hồ Chí Minh,false,2026-06-01T00:00:00.000Z,2026-06-01T00:00:00.000Z
6a23bf11d8b02e5181455f36,6a23bf0fd8b02e5181455351,Lý Thúy Trang,khachhang1780727567498@gmail.com,6a1856198db103285a259cbb,Arsenal adidas Kids 26/27 Long Sleeved Home Goalkeeper Shirt,2,2080000,9280000,30000,Momo,delivered,Đà Nẵng,false,2026-06-02T00:00:00.000Z,2026-06-02T00:00:00.000Z
6a23bf11d8b02e5181455f36,6a23bf0fd8b02e5181455351,Lý Thúy Trang,khachhang1780727567498@gmail.com,6a1856198db103285a259c85,Arsenal adidas Kids 26/27 Authentic Home Shirt,2,2560000,9280000,30000,Momo,delivered,Đà Nẵng,false,2026-06-02T00:00:00.000Z,2026-06-02T00:00:00.000Z
6a23bf11d8b02e5181455f39,6a23bf0fd8b02e5181455357,Hồ Hải Đạt,khachhang1780727567504@gmail.com,6a1856198db103285a259cac,Arsenal adidas 26/27 Authentic Home Shorts,1,1440000,2040000,0,COD,delivered,Hà Nội,false,2026-06-03T00:00:00.000Z,2026-06-03T00:00:00.000Z
6a23bf11d8b02e5181455f39,6a23bf0fd8b02e5181455357,Hồ Hải Đạt,khachhang1780727567504@gmail.com,6a1850eb1a7b2fdb0ae873b4,Mũ Bóng Chày Arsenal FC 25/26 – Cap,1,600000,2040000,0,COD,delivered,Hà Nội,false,2026-06-03T00:00:00.000Z,2026-06-03T00:00:00.000Z
6a23bf11d8b02e5181455f3c,6a23bf0fd8b02e5181455353,Phan Công Phúc,khachhang1780727567500@gmail.com,6a18590b2bc10bb7e5e86483,Arsenal adidas 26/27 White Home Cap,1,640000,640000,0,COD,delivered,Hồ Chí Minh,false,2026-06-03T00:00:00.000Z,2026-06-03T00:00:00.000Z
6a23bf11d8b02e5181455f3e,6a23bf0fd8b02e5181455353,Phan Công Phúc,khachhang1780727567500@gmail.com,6a18590b2bc10bb7e5e86491,Arsenal adidas 25/26 Authentic Away Shirt,1,3840000,5760000,0,VNPay,cancelled,Hồ Chí Minh,false,2026-06-04T00:00:00.000Z,2026-06-04T00:00:00.000Z
6a23bf11d8b02e5181455f3e,6a23bf0fd8b02e5181455353,Phan Công Phúc,khachhang1780727567500@gmail.com,6a1856198db103285a259d15,Arsenal adidas Kids 25/26 Third Goalkeeper Shirt,1,1920000,5760000,0,VNPay,cancelled,Hồ Chí Minh,false,2026-06-04T00:00:00.000Z,2026-06-04T00:00:00.000Z
6a23bf11d8b02e5181455f41,6a23bf0fd8b02e5181455348,Võ Bích Hà,khachhang1780727567489@gmail.com,6a1850eb1a7b2fdb0ae873ba,Bóng Đá Arsenal FC adidas 25/26,1,800000,8480000,30000,Momo,delivered,Đà Nẵng,false,2026-06-05T00:00:00.000Z,2026-06-05T00:00:00.000Z
6a23bf11d8b02e5181455f41,6a23bf0fd8b02e5181455348,Võ Bích Hà,khachhang1780727567489@gmail.com,6a18590b2bc10bb7e5e8643c,Arsenal adidas 26/27 Authentic Home Shirt,2,3840000,8480000,30000,Momo,delivered,Đà Nẵng,false,2026-06-05T00:00:00.000Z,2026-06-05T00:00:00.000Z
6a23bf11d8b02e5181455f44,6a23bf0fd8b02e5181455357,Hồ Hải Đạt,khachhang1780727567504@gmail.com,6a1856198db103285a259d06,Arsenal adidas 25/26 Third Shorts,1,1216000,1216000,30000,Banking,shipping,Hà Nội,false,2026-06-05T00:00:00.000Z,2026-06-05T00:00:00.000Z
